-- MySQL dump 10.13  Distrib 8.0.28, for Win64 (x86_64)
--
-- Host: node2    Database: stone
-- ------------------------------------------------------
-- Server version	5.7.29

/*!40101 SET @OLD_CHARACTER_SET_CLIENT=@@CHARACTER_SET_CLIENT */;
/*!40101 SET @OLD_CHARACTER_SET_RESULTS=@@CHARACTER_SET_RESULTS */;
/*!40101 SET @OLD_COLLATION_CONNECTION=@@COLLATION_CONNECTION */;
/*!50503 SET NAMES utf8mb4 */;
/*!40103 SET @OLD_TIME_ZONE=@@TIME_ZONE */;
/*!40103 SET TIME_ZONE='+00:00' */;
/*!40014 SET @OLD_UNIQUE_CHECKS=@@UNIQUE_CHECKS, UNIQUE_CHECKS=0 */;
/*!40014 SET @OLD_FOREIGN_KEY_CHECKS=@@FOREIGN_KEY_CHECKS, FOREIGN_KEY_CHECKS=0 */;
/*!40101 SET @OLD_SQL_MODE=@@SQL_MODE, SQL_MODE='NO_AUTO_VALUE_ON_ZERO' */;
/*!40111 SET @OLD_SQL_NOTES=@@SQL_NOTES, SQL_NOTES=0 */;

--
-- Table structure for table `gen_table`
--

DROP TABLE IF EXISTS `gen_table`;
/*!40101 SET @saved_cs_client     = @@character_set_client */;
/*!50503 SET character_set_client = utf8mb4 */;
CREATE TABLE `gen_table` (
  `table_id` bigint(20) NOT NULL AUTO_INCREMENT COMMENT '编号',
  `table_name` varchar(200) COLLATE utf8mb4_unicode_ci DEFAULT '' COMMENT '表名称',
  `table_comment` varchar(500) COLLATE utf8mb4_unicode_ci DEFAULT '' COMMENT '表描述',
  `sub_table_name` varchar(64) COLLATE utf8mb4_unicode_ci DEFAULT NULL COMMENT '关联子表的表名',
  `sub_table_fk_name` varchar(64) COLLATE utf8mb4_unicode_ci DEFAULT NULL COMMENT '子表关联的外键名',
  `class_name` varchar(100) COLLATE utf8mb4_unicode_ci DEFAULT '' COMMENT '实体类名称',
  `tpl_category` varchar(200) COLLATE utf8mb4_unicode_ci DEFAULT 'crud' COMMENT '使用的模板（crud单表操作 tree树表操作）',
  `tpl_web_type` varchar(30) COLLATE utf8mb4_unicode_ci DEFAULT '' COMMENT '前端模板类型（element-ui模版 element-plus模版）',
  `package_name` varchar(100) COLLATE utf8mb4_unicode_ci DEFAULT NULL COMMENT '生成包路径',
  `module_name` varchar(30) COLLATE utf8mb4_unicode_ci DEFAULT NULL COMMENT '生成模块名',
  `business_name` varchar(30) COLLATE utf8mb4_unicode_ci DEFAULT NULL COMMENT '生成业务名',
  `function_name` varchar(50) COLLATE utf8mb4_unicode_ci DEFAULT NULL COMMENT '生成功能名',
  `function_author` varchar(50) COLLATE utf8mb4_unicode_ci DEFAULT NULL COMMENT '生成功能作者',
  `gen_type` char(1) COLLATE utf8mb4_unicode_ci DEFAULT '0' COMMENT '生成代码方式（0zip压缩包 1自定义路径）',
  `gen_path` varchar(200) COLLATE utf8mb4_unicode_ci DEFAULT '/' COMMENT '生成路径（不填默认项目路径）',
  `options` varchar(1000) COLLATE utf8mb4_unicode_ci DEFAULT NULL COMMENT '其它生成选项',
  `create_by` varchar(64) COLLATE utf8mb4_unicode_ci DEFAULT '' COMMENT '创建者',
  `create_time` datetime DEFAULT NULL COMMENT '创建时间',
  `update_by` varchar(64) COLLATE utf8mb4_unicode_ci DEFAULT '' COMMENT '更新者',
  `update_time` datetime DEFAULT NULL COMMENT '更新时间',
  `remark` varchar(500) COLLATE utf8mb4_unicode_ci DEFAULT NULL COMMENT '备注',
  PRIMARY KEY (`table_id`)
) ENGINE=InnoDB AUTO_INCREMENT=21 DEFAULT CHARSET=utf8mb4 COLLATE=utf8mb4_unicode_ci COMMENT='代码生成业务表';
/*!40101 SET character_set_client = @saved_cs_client */;

--
-- Dumping data for table `gen_table`
--

LOCK TABLES `gen_table` WRITE;
/*!40000 ALTER TABLE `gen_table` DISABLE KEYS */;
INSERT INTO `gen_table` (`table_id`, `table_name`, `table_comment`, `sub_table_name`, `sub_table_fk_name`, `class_name`, `tpl_category`, `tpl_web_type`, `package_name`, `module_name`, `business_name`, `function_name`, `function_author`, `gen_type`, `gen_path`, `options`, `create_by`, `create_time`, `update_by`, `update_time`, `remark`) VALUES (5,'st01_crm_contacts_business','商机联系人关联表',NULL,NULL,'st01_crm_contacts_business','crud','element-ui','com.stone.crm','crm','business','商机联系人关联','stone','0','/','{}','admin','2024-04-24 17:35:13','','2024-04-24 17:46:38',NULL),(6,'st01_crm_contract','合同表',NULL,NULL,'st01_crm_contract','crud','element-ui','com.stone.crm','crm','contract','合同','stone','0','/','{}','admin','2024-04-24 17:35:14','','2024-04-24 17:41:53',NULL),(7,'st01_crm_contract_product','合同产品关系表',NULL,NULL,'st01_crm_contract_product','crud','element-ui','com.stone.crm','crm','product','合同产品关系','stone','0','/','{}','admin','2024-04-24 17:35:19','','2024-04-24 17:42:59',NULL),(8,'st01_crm_leads','线索表',NULL,NULL,'st01_crm_leads','crud','element-ui','com.stone.crm','crm','leads','线索','stone','0','/','{}','admin','2024-04-24 17:35:20','','2024-04-25 15:34:09',NULL),(9,'st01_crm_owner_record','负责人变更记录表',NULL,NULL,'st01_crm_owner_record','crud','','com.stone.crm','crm','record','负责人变更记录','stone','0','/',NULL,'admin','2024-04-24 17:35:25','',NULL,NULL),(10,'st01_crm_product','产品表',NULL,NULL,'st01_crm_product','crud','element-ui','com.stone.crm','crm','product','产品','stone','0','/','{}','admin','2024-04-24 17:35:26','','2024-04-25 15:35:58',NULL),(11,'st01_crm_product_category','产品分类表',NULL,NULL,'st01_crm_product_category','crud','','com.stone.crm','crm','category','产品分类','stone','0','/',NULL,'admin','2024-04-24 17:35:28','',NULL,NULL),(12,'st01_crm_receivables','回款表',NULL,NULL,'st01_crm_receivables','crud','','com.stone.crm','crm','receivables','回款','stone','0','/',NULL,'admin','2024-04-24 17:35:30','',NULL,NULL),(13,'st01_crm_receivables_plan','回款计划表',NULL,NULL,'st01_crm_receivables_plan','crud','','com.stone.crm','crm','plan','回款计划','stone','0','/',NULL,'admin','2024-04-24 17:35:33','',NULL,NULL),(14,'st01_crm_record','跟进记录',NULL,NULL,'st01_crm_record','crud','','com.stone.crm','crm','record','跟进记录','stone','0','/',NULL,'admin','2024-04-24 17:35:36','',NULL,NULL),(15,'st01_crm_business','商机表',NULL,NULL,'st01_crm_business','crud','','com.stone.crm','crm','business','商机','stone','0','/',NULL,'admin','2024-04-24 17:36:09','',NULL,NULL),(16,'st01_crm_business_change','商机阶段变化表',NULL,NULL,'st01_crm_business_change','crud','','com.stone.crm','crm','change','商机阶段变化','stone','0','/',NULL,'admin','2024-04-24 17:36:12','',NULL,NULL),(17,'st01_crm_business_product','商机产品关系表',NULL,NULL,'st01_crm_business_product','crud','','com.stone.crm','crm','product','商机产品关系','stone','0','/',NULL,'admin','2024-04-24 17:36:14','',NULL,NULL),(18,'st01_crm_contacts','联系人',NULL,NULL,'st01_crm_contacts','crud','','com.stone.crm','crm','contacts','联系人','stone','0','/',NULL,'admin','2024-04-24 17:36:15','',NULL,NULL),(19,'st01_crm_customer','客户表',NULL,NULL,'st01_crm_customer','crud','','com.stone.crm','crm','customer','客户','stone','0','/',NULL,'admin','2024-04-24 17:36:20','',NULL,NULL),(20,'sys_area','中国标准行政区表',NULL,NULL,'SysArea','crud','','com.ruoyi.system','system','area','中国标准行政区','ruoyi','0','/',NULL,'admin','2024-05-03 10:18:13','',NULL,NULL);
/*!40000 ALTER TABLE `gen_table` ENABLE KEYS */;
UNLOCK TABLES;

--
-- Table structure for table `gen_table_column`
--

DROP TABLE IF EXISTS `gen_table_column`;
/*!40101 SET @saved_cs_client     = @@character_set_client */;
/*!50503 SET character_set_client = utf8mb4 */;
CREATE TABLE `gen_table_column` (
  `column_id` bigint(20) NOT NULL AUTO_INCREMENT COMMENT '编号',
  `table_id` bigint(20) DEFAULT NULL COMMENT '归属表编号',
  `column_name` varchar(200) COLLATE utf8mb4_unicode_ci DEFAULT NULL COMMENT '列名称',
  `column_comment` varchar(500) COLLATE utf8mb4_unicode_ci DEFAULT NULL COMMENT '列描述',
  `column_type` varchar(100) COLLATE utf8mb4_unicode_ci DEFAULT NULL COMMENT '列类型',
  `java_type` varchar(500) COLLATE utf8mb4_unicode_ci DEFAULT NULL COMMENT 'JAVA类型',
  `java_field` varchar(200) COLLATE utf8mb4_unicode_ci DEFAULT NULL COMMENT 'JAVA字段名',
  `is_pk` char(1) COLLATE utf8mb4_unicode_ci DEFAULT NULL COMMENT '是否主键（1是）',
  `is_increment` char(1) COLLATE utf8mb4_unicode_ci DEFAULT NULL COMMENT '是否自增（1是）',
  `is_required` char(1) COLLATE utf8mb4_unicode_ci DEFAULT NULL COMMENT '是否必填（1是）',
  `is_insert` char(1) COLLATE utf8mb4_unicode_ci DEFAULT NULL COMMENT '是否为插入字段（1是）',
  `is_edit` char(1) COLLATE utf8mb4_unicode_ci DEFAULT NULL COMMENT '是否编辑字段（1是）',
  `is_list` char(1) COLLATE utf8mb4_unicode_ci DEFAULT NULL COMMENT '是否列表字段（1是）',
  `is_query` char(1) COLLATE utf8mb4_unicode_ci DEFAULT NULL COMMENT '是否查询字段（1是）',
  `query_type` varchar(200) COLLATE utf8mb4_unicode_ci DEFAULT 'EQ' COMMENT '查询方式（等于、不等于、大于、小于、范围）',
  `html_type` varchar(200) COLLATE utf8mb4_unicode_ci DEFAULT NULL COMMENT '显示类型（文本框、文本域、下拉框、复选框、单选框、日期控件）',
  `dict_type` varchar(200) COLLATE utf8mb4_unicode_ci DEFAULT '' COMMENT '字典类型',
  `sort` int(11) DEFAULT NULL COMMENT '排序',
  `create_by` varchar(64) COLLATE utf8mb4_unicode_ci DEFAULT '' COMMENT '创建者',
  `create_time` datetime DEFAULT NULL COMMENT '创建时间',
  `update_by` varchar(64) COLLATE utf8mb4_unicode_ci DEFAULT '' COMMENT '更新者',
  `update_time` datetime DEFAULT NULL COMMENT '更新时间',
  PRIMARY KEY (`column_id`)
) ENGINE=InnoDB AUTO_INCREMENT=323 DEFAULT CHARSET=utf8mb4 COLLATE=utf8mb4_unicode_ci COMMENT='代码生成业务表字段';
/*!40101 SET character_set_client = @saved_cs_client */;

--
-- Dumping data for table `gen_table_column`
--

LOCK TABLES `gen_table_column` WRITE;
/*!40000 ALTER TABLE `gen_table_column` DISABLE KEYS */;
INSERT INTO `gen_table_column` (`column_id`, `table_id`, `column_name`, `column_comment`, `column_type`, `java_type`, `java_field`, `is_pk`, `is_increment`, `is_required`, `is_insert`, `is_edit`, `is_list`, `is_query`, `query_type`, `html_type`, `dict_type`, `sort`, `create_by`, `create_time`, `update_by`, `update_time`) VALUES (99,5,'id',NULL,'varchar(128)','String','id','1','0','0','1',NULL,NULL,NULL,'EQ','input','',1,'admin','2024-04-24 17:35:14','','2024-04-24 17:46:38'),(100,5,'business_id',NULL,'varchar(128)','String','businessId','0','0','0','1','1','1','1','EQ','input','',2,'admin','2024-04-24 17:35:14','','2024-04-24 17:46:38'),(101,5,'contacts_id',NULL,'varchar(128)','String','contactsId','0','0','0','1','1','1','1','EQ','input','',3,'admin','2024-04-24 17:35:14','','2024-04-24 17:46:38'),(102,6,'contract_id','合同编号','varchar(128)','String','contractId','1','0','0','1',NULL,'1',NULL,'EQ','input','',1,'admin','2024-04-24 17:35:14','','2024-04-24 17:41:53'),(103,6,'contract_name','合同名称','varchar(256)','String','contractName','0','0','0','1','1','1','1','LIKE','input','',2,'admin','2024-04-24 17:35:15','','2024-04-24 17:41:53'),(104,6,'money','合同金额','decimal(18,2)','BigDecimal','money','0','0','0','1','1','1','0','EQ','input','',3,'admin','2024-04-24 17:35:15','','2024-04-24 17:41:53'),(105,6,'customer_id','客户','varchar(128)','String','customerId','0','0','0','1','1','1','1','EQ','input','',4,'admin','2024-04-24 17:35:15','','2024-04-24 17:41:53'),(106,6,'contacts_id','联系人','varchar(128)','String','contactsId','0','0','0','1','1','1','0','EQ','input','',5,'admin','2024-04-24 17:35:15','','2024-04-24 17:41:53'),(107,6,'business_id','商机','varchar(128)','String','businessId','0','0','0','1','1','1','1','EQ','input','',6,'admin','2024-04-24 17:35:15','','2024-04-24 17:41:54'),(108,6,'types','合同类型','varchar(10)','String','types','0','0','0','1','1','0','0','EQ','input','',7,'admin','2024-04-24 17:35:15','','2024-04-24 17:41:54'),(109,6,'order_date','下单日期','varchar(19)','String','orderDate','0','0','0','1','1','1','0','EQ','input','',8,'admin','2024-04-24 17:35:16','','2024-04-24 17:41:54'),(110,6,'start_time','开始时间','varchar(19)','String','startTime','0','0','0','1','1','1','0','EQ','input','',9,'admin','2024-04-24 17:35:16','','2024-04-24 17:41:54'),(111,6,'end_time','结束时间','varchar(19)','String','endTime','0','0','0','1','1','1','0','EQ','input','',10,'admin','2024-04-24 17:35:16','','2024-04-24 17:41:54'),(112,6,'check_status','状态','varchar(10)','String','checkStatus','0','0','0','1','0','0','0','EQ','radio','',11,'admin','2024-04-24 17:35:16','','2024-04-24 17:41:54'),(113,6,'examine_record_id','审核记录ID','varchar(128)','String','examineRecordId','0','0','0','1','0','0','0','EQ','input','',12,'admin','2024-04-24 17:35:16','','2024-04-24 17:41:54'),(114,6,'discount_rate','整单折扣','decimal(10,2)','BigDecimal','discountRate','0','0','0','1','0','0','0','EQ','input','',13,'admin','2024-04-24 17:35:16','','2024-04-24 17:41:55'),(115,6,'total_price','产品总金额','decimal(10,2)','BigDecimal','totalPrice','0','0','0','1','0','0','0','EQ','input','',14,'admin','2024-04-24 17:35:17','','2024-04-24 17:41:55'),(116,6,'payment_type','付款方式','varchar(10)','String','paymentType','0','0','0','1','1','0','0','EQ','select','',15,'admin','2024-04-24 17:35:17','','2024-04-24 17:41:55'),(117,6,'ro_user_id','只读权限','varchar(10)','String','roUserId','0','0','0','1','0','0','0','EQ','input','',16,'admin','2024-04-24 17:35:17','','2024-04-24 17:41:55'),(118,6,'rw_user_id','读写权限','varchar(10)','String','rwUserId','0','0','0','1','0','0','0','EQ','input','',17,'admin','2024-04-24 17:35:17','','2024-04-24 17:41:55'),(119,6,'remark','备注','varchar(512)','String','remark','0','0','0','1','1','0',NULL,'EQ','textarea','',18,'admin','2024-04-24 17:35:17','','2024-04-24 17:41:55'),(120,6,'updated_by','更新人','varchar(128)','String','updatedBy','0','0','0','1','0','1','0','EQ','input','',19,'admin','2024-04-24 17:35:18','','2024-04-24 17:41:56'),(121,6,'created_by','创建人','varchar(128)','String','createdBy','0','0','0','1','0','1','0','EQ','input','',20,'admin','2024-04-24 17:35:18','','2024-04-24 17:41:56'),(122,6,'owner_user_id','负责人','varchar(19)','String','ownerUserId','0','0','0','1','0','1','0','EQ','input','',21,'admin','2024-04-24 17:35:18','','2024-04-24 17:41:56'),(123,6,'created_time','创建时间','varchar(19)','String','createdTime','0','0','0','1','0','1','0','EQ','input','',22,'admin','2024-04-24 17:35:18','','2024-04-24 17:41:56'),(124,6,'updated_time','更新时间','varchar(128)','String','updatedTime','0','0','0','1','0','0','0','EQ','input','',23,'admin','2024-04-24 17:35:18','','2024-04-24 17:41:56'),(125,7,'r_id',NULL,'varchar(128)','String','rId','1','0','0','1',NULL,NULL,NULL,'EQ','input','',1,'admin','2024-04-24 17:35:19','','2024-04-24 17:42:59'),(126,7,'contract_id','合同ID','varchar(128)','String','contractId','0','0','0','1','1','1','1','EQ','input','',2,'admin','2024-04-24 17:35:19','','2024-04-24 17:42:59'),(127,7,'product_id','产品ID','varchar(128)','String','productId','0','0','0','1','1','1','1','EQ','input','',3,'admin','2024-04-24 17:35:19','','2024-04-24 17:42:59'),(128,7,'price','产品单价','decimal(18,2)','BigDecimal','price','0','0','0','1','1','1','1','EQ','input','',4,'admin','2024-04-24 17:35:19','','2024-04-24 17:43:00'),(129,7,'sales_price','销售价格','decimal(18,2)','BigDecimal','salesPrice','0','0','0','1','1','1','1','EQ','input','',5,'admin','2024-04-24 17:35:19','','2024-04-24 17:43:00'),(130,7,'num','数量','varchar(10)','String','num','0','0','0','1','1','1','1','EQ','input','',6,'admin','2024-04-24 17:35:20','','2024-04-24 17:43:00'),(131,7,'discount','折扣','decimal(10,2)','BigDecimal','discount','0','0','0','1','1','1','1','EQ','input','',7,'admin','2024-04-24 17:35:20','','2024-04-24 17:43:00'),(132,7,'subtotal','小计（折扣后价格）','decimal(18,2)','BigDecimal','subtotal','0','0','0','1','1','1','1','EQ','input','',8,'admin','2024-04-24 17:35:20','','2024-04-24 17:43:00'),(133,7,'unit','单位','varchar(50)','String','unit','0','0','0','1','1','1','1','EQ','input','',9,'admin','2024-04-24 17:35:20','','2024-04-24 17:43:00'),(134,8,'leads_id',NULL,'varchar(128)','String','leadsId','1','0','0','1',NULL,NULL,NULL,'EQ','input','',1,'admin','2024-04-24 17:35:21','','2024-04-25 15:34:09'),(135,8,'customer','客户名称','varchar(256)','String','customer','0','0','0','1','1','1','0','EQ','input','',2,'admin','2024-04-24 17:35:21','','2024-04-25 15:34:10'),(136,8,'nature','客户性质;1：企业客户2：个人客户3：政府单位4：事业单位','varchar(10)','String','nature','0','0','0','1','1','1','0','EQ','input','',3,'admin','2024-04-24 17:35:21','','2024-04-25 15:34:10'),(137,8,'source','客户来源;1：电话咨询\r\n2：自主开拓\r\n3：公司资源\r\n4：网络推广\r\n5：渠道代理\r\n6：其他方式','varchar(10)','String','source','0','0','0','1','1','1','0','EQ','input','',4,'admin','2024-04-24 17:35:21','','2024-04-25 15:34:10'),(138,8,'industry','客户行业;1：金融\r\n2：电信\r\n3：教育\r\n4：高科技\r\n5：政府\r\n6：制造业\r\n7：服务业\r\n8：能源\r\n9：零售\r\n10：媒体\r\n11：娱乐\r\n12：咨询\r\n13：非盈利事业\r\n14：公用事业\r\n15：其他','varchar(10)','String','industry','0','0','0','1','1','1','0','EQ','input','',5,'admin','2024-04-24 17:35:21','','2024-04-25 15:34:10'),(139,8,'grade','客户分级;1：大型\r\n2：中型\r\n3：小型\r\n4：微型','varchar(10)','String','grade','0','0','0','1','1','1','0','EQ','input','',6,'admin','2024-04-24 17:35:21','','2024-04-25 15:34:10'),(140,8,'website','客户官网','varchar(256)','String','website','0','0','0','1','1','0','0','EQ','input','',7,'admin','2024-04-24 17:35:22','','2024-04-25 15:34:10'),(141,8,'introduction','客户简介','varchar(512)','String','introduction','0','0','0','1','1','0','0','EQ','textarea','',8,'admin','2024-04-24 17:35:22','','2024-04-25 15:34:10'),(142,8,'province_id','省','varchar(128)','String','provinceId','0','0','0','1','0','0','0','EQ','input','',9,'admin','2024-04-24 17:35:22','','2024-04-25 15:34:11'),(143,8,'city_id','市','varchar(128)','String','cityId','0','0','0','1','0','0','0','EQ','input','',10,'admin','2024-04-24 17:35:22','','2024-04-25 15:34:11'),(144,8,'area_id','区','varchar(128)','String','areaId','0','0','0','1','0','0','0','EQ','input','',11,'admin','2024-04-24 17:35:22','','2024-04-25 15:34:11'),(145,8,'contacts','联系人','varchar(256)','String','contacts','0','0','0','1','1','0','1','EQ','input','',12,'admin','2024-04-24 17:35:23','','2024-04-25 15:34:11'),(146,8,'sex','性别;0 未知 1 男 2 女','varchar(10)','String','sex','0','0','0','1','1','0','0','EQ','select','',13,'admin','2024-04-24 17:35:23','','2024-04-25 15:34:11'),(147,8,'mailbox','邮箱','varchar(128)','String','mailbox','0','0','0','1','1','0','0','EQ','input','',14,'admin','2024-04-24 17:35:23','','2024-04-25 15:34:11'),(148,8,'is_transform','是否转为客户;1已转化 0 未转化','varchar(10)','String','isTransform','0','0','0','1','1','0','0','EQ','input','',15,'admin','2024-04-24 17:35:23','','2024-04-25 15:34:11'),(149,8,'followup','跟进状态;0未跟进1已跟进','varchar(10)','String','followup','0','0','0','1','1','0','0','EQ','input','',16,'admin','2024-04-24 17:35:23','','2024-04-25 15:34:12'),(150,8,'next_time','下次联系时间','varchar(19)','String','nextTime','0','0','0','1','1','1','0','EQ','input','',17,'admin','2024-04-24 17:35:23','','2024-04-25 15:34:12'),(151,8,'telephone','电话','varchar(20)','String','telephone','0','0','0','1','1','0','1','EQ','input','',18,'admin','2024-04-24 17:35:24','','2024-04-25 15:34:12'),(152,8,'address','地址','varchar(500)','String','address','0','0','0','1','1','0','0','EQ','textarea','',19,'admin','2024-04-24 17:35:24','','2024-04-25 15:34:12'),(153,8,'remark','备注','varchar(50)','String','remark','0','0','0','1','1','0',NULL,'EQ','input','',20,'admin','2024-04-24 17:35:24','','2024-04-25 15:34:12'),(154,8,'created_by','创建人','varchar(128)','String','createdBy','0','0','0','1','0','1','0','EQ','input','',21,'admin','2024-04-24 17:35:24','','2024-04-25 15:34:12'),(155,8,'owner_user_id','负责人','varchar(128)','String','ownerUserId','0','0','0','1','0','1','0','EQ','input','',22,'admin','2024-04-24 17:35:24','','2024-04-25 15:34:12'),(156,8,'created_time','创建时间','varchar(19)','String','createdTime','0','0','0','1','0','1','0','EQ','input','',23,'admin','2024-04-24 17:35:24','','2024-04-25 15:34:13'),(157,8,'updated_by','更新人','varchar(128)','String','updatedBy','0','0','0','1','0','1','0','EQ','input','',24,'admin','2024-04-24 17:35:25','','2024-04-25 15:34:13'),(158,8,'updated_time','更新时间','varchar(19)','String','updatedTime','0','0','0','1','0','0','0','EQ','input','',25,'admin','2024-04-24 17:35:25','','2024-04-25 15:34:13'),(159,9,'record_id',NULL,'varchar(128)','String','recordId','1','0','0','1',NULL,NULL,NULL,'EQ','input','',1,'admin','2024-04-24 17:35:25','',NULL),(160,9,'type_id','对象id','varchar(128)','String','typeId','0','0','0','1','1','1','1','EQ','input','',2,'admin','2024-04-24 17:35:25','',NULL),(161,9,'type','对象类型','varchar(10)','String','type','0','0','0','1','1','1','1','EQ','select','',3,'admin','2024-04-24 17:35:26','',NULL),(162,9,'pre_owner_user_id','上一负责人','varchar(128)','String','preOwnerUserId','0','0','0','1','1','1','1','EQ','input','',4,'admin','2024-04-24 17:35:26','',NULL),(163,9,'post_owner_user_id','接手负责人','varchar(128)','String','postOwnerUserId','0','0','0','1','1','1','1','EQ','input','',5,'admin','2024-04-24 17:35:26','',NULL),(164,9,'created_time','创建时间','varchar(19)','String','createdTime','0','0','0','1','1','1','1','EQ','input','',6,'admin','2024-04-24 17:35:26','',NULL),(165,10,'product_id',NULL,'varchar(128)','String','productId','1','0','0','1',NULL,NULL,NULL,'EQ','input','',1,'admin','2024-04-24 17:35:27','','2024-04-25 15:35:58'),(166,10,'product_name','产品名称','varchar(256)','String','productName','0','0','0','1','1','1','1','LIKE','input','',2,'admin','2024-04-24 17:35:27','','2024-04-25 15:35:58'),(167,10,'num','产品编码','varchar(128)','String','num','0','0','0','1','1','1','1','EQ','input','',3,'admin','2024-04-24 17:35:27','','2024-04-25 15:35:59'),(168,10,'unit','单位','varchar(10)','String','unit','0','0','0','1','1','1','0','EQ','input','',4,'admin','2024-04-24 17:35:27','','2024-04-25 15:35:59'),(169,10,'price','价格','decimal(18,2)','BigDecimal','price','0','0','0','1','1','1','0','EQ','input','',5,'admin','2024-04-24 17:35:27','','2024-04-25 15:35:59'),(170,10,'status','状态;1 上架 0 下架 3 删除','varchar(10)','String','status','0','0','0','1','1','1','0','EQ','radio','',6,'admin','2024-04-24 17:35:27','','2024-04-25 15:35:59'),(171,10,'category_id','产品分类ID','varchar(128)','String','categoryId','0','0','0','1','1','1','0','EQ','input','',7,'admin','2024-04-24 17:35:28','','2024-04-25 15:35:59'),(172,10,'description','产品描述','varchar(512)','String','description','0','0','0','1','1','1','0','EQ','textarea','',8,'admin','2024-04-24 17:35:28','','2024-04-25 15:35:59'),(173,10,'created_by','创建人','varchar(128)','String','createdBy','0','0','0','1','1','1','0','EQ','input','',9,'admin','2024-04-24 17:35:28','','2024-04-25 15:35:59'),(174,10,'updated_by','更新人','varchar(128)','String','updatedBy','0','0','0','1','1','1','0','EQ','input','',10,'admin','2024-04-24 17:35:28','','2024-04-25 15:35:59'),(175,10,'create_time','创建时间','varchar(19)','String','createTime','0','0','0','1',NULL,NULL,NULL,'EQ','input','',11,'admin','2024-04-24 17:35:28','','2024-04-25 15:36:00'),(176,10,'update_time','更新时间','varchar(19)','String','updateTime','0','0','0','1','1',NULL,NULL,'EQ','input','',12,'admin','2024-04-24 17:35:28','','2024-04-25 15:36:00'),(177,11,'category_id',NULL,'varchar(128)','String','categoryId','1','0','0','1',NULL,NULL,NULL,'EQ','input','',1,'admin','2024-04-24 17:35:29','',NULL),(178,11,'category_name',NULL,'varchar(200)','String','categoryName','0','0','0','1','1','1','1','LIKE','input','',2,'admin','2024-04-24 17:35:29','',NULL),(179,11,'sort',NULL,'varchar(10)','String','sort','0','0','0','1','1','1','1','EQ','input','',3,'admin','2024-04-24 17:35:29','',NULL),(180,11,'created_by','创建人','varchar(32)','String','createdBy','0','0','0','1','1','1','1','EQ','input','',4,'admin','2024-04-24 17:35:29','',NULL),(181,11,'created_time','创建时间','varchar(19)','String','createdTime','0','0','0','1','1','1','1','EQ','input','',5,'admin','2024-04-24 17:35:29','',NULL),(182,11,'updated_by','更新人','varchar(32)','String','updatedBy','0','0','0','1','1','1','1','EQ','input','',6,'admin','2024-04-24 17:35:30','',NULL),(183,11,'updated_time','更新时间','varchar(19)','String','updatedTime','0','0','0','1','1','1','1','EQ','input','',7,'admin','2024-04-24 17:35:30','',NULL),(184,12,'receivables_id','回款ID','varchar(128)','String','receivablesId','1','0','0','1',NULL,NULL,NULL,'EQ','input','',1,'admin','2024-04-24 17:35:30','',NULL),(185,12,'number','回款编号','varchar(128)','String','number','0','0','0','1','1','1','1','EQ','input','',2,'admin','2024-04-24 17:35:30','',NULL),(186,12,'plan_id','回款计划ID','varchar(128)','String','planId','0','0','0','1','1','1','1','EQ','input','',3,'admin','2024-04-24 17:35:31','',NULL),(187,12,'customer_id','客户ID','varchar(128)','String','customerId','0','0','0','1','1','1','1','EQ','input','',4,'admin','2024-04-24 17:35:31','',NULL),(188,12,'contract_id','合同ID','varchar(128)','String','contractId','0','0','0','1','1','1','1','EQ','input','',5,'admin','2024-04-24 17:35:31','',NULL),(189,12,'return_time','回款日期','varchar(19)','String','returnTime','0','0','0','1','1','1','1','EQ','input','',6,'admin','2024-04-24 17:35:31','',NULL),(190,12,'return_type','回款方式','varchar(10)','String','returnType','0','0','0','1','1','1','1','EQ','select','',7,'admin','2024-04-24 17:35:31','',NULL),(191,12,'money','回款金额','decimal(18,2)','BigDecimal','money','0','0','0','1','1','1','1','EQ','input','',8,'admin','2024-04-24 17:35:31','',NULL),(192,12,'remark','备注','varchar(500)','String','remark','0','0','0','1','1','1',NULL,'EQ','textarea','',9,'admin','2024-04-24 17:35:32','',NULL),(193,12,'check_status','状态;0 未审核 1 审核通过 2 审核拒绝 3 审核中 4 已撤回','varchar(10)','String','checkStatus','0','0','0','1','1','1','1','EQ','radio','',10,'admin','2024-04-24 17:35:32','',NULL),(194,12,'examine_record_id','审核记录ID','varchar(128)','String','examineRecordId','0','0','0','1','1','1','1','EQ','input','',11,'admin','2024-04-24 17:35:32','',NULL),(195,12,'created_by','创建人','varchar(128)','String','createdBy','0','0','0','1','1','1','1','EQ','input','',12,'admin','2024-04-24 17:35:32','',NULL),(196,12,'owner_user_id','负责人','varchar(128)','String','ownerUserId','0','0','0','1','1','1','1','EQ','input','',13,'admin','2024-04-24 17:35:32','',NULL),(197,12,'created_time','创建时间','varchar(19)','String','createdTime','0','0','0','1','1','1','1','EQ','input','',14,'admin','2024-04-24 17:35:32','',NULL),(198,12,'updated_by','更新人','varchar(128)','String','updatedBy','0','0','0','1','1','1','1','EQ','input','',15,'admin','2024-04-24 17:35:33','',NULL),(199,12,'updated_time','更新时间','varchar(19)','String','updatedTime','0','0','0','1','1','1','1','EQ','input','',16,'admin','2024-04-24 17:35:33','',NULL),(200,13,'plan_id','回款计划ID','varchar(128)','String','planId','1','0','0','1',NULL,NULL,NULL,'EQ','input','',1,'admin','2024-04-24 17:35:33','',NULL),(201,13,'num','期数','varchar(10)','String','num','0','0','0','1','1','1','1','EQ','input','',2,'admin','2024-04-24 17:35:33','',NULL),(202,13,'receivables_id','回款ID','varchar(128)','String','receivablesId','0','0','0','1','1','1','1','EQ','input','',3,'admin','2024-04-24 17:35:34','',NULL),(203,13,'contract_id','合同ID','varchar(128)','String','contractId','0','0','0','1','1','1','1','EQ','input','',4,'admin','2024-04-24 17:35:34','',NULL),(204,13,'customer_id','客户ID','varchar(128)','String','customerId','0','0','0','1','1','1','1','EQ','input','',5,'admin','2024-04-24 17:35:34','',NULL),(205,13,'status','状态;1完成 0 未完成','varchar(10)','String','status','0','0','0','1','1','1','1','EQ','radio','',6,'admin','2024-04-24 17:35:34','',NULL),(206,13,'money','计划回款金额','decimal(18,2)','BigDecimal','money','0','0','0','1','1','1','1','EQ','input','',7,'admin','2024-04-24 17:35:34','',NULL),(207,13,'return_date','计划回款日期','varchar(10)','String','returnDate','0','0','0','1','1','1','1','EQ','input','',8,'admin','2024-04-24 17:35:35','',NULL),(208,13,'return_type','计划回款方式;1：支付宝2：微信3：银行卡转账4：对公转账5：支票6：现金7：其他','varchar(256)','String','returnType','0','0','0','1','1','1','1','EQ','select','',9,'admin','2024-04-24 17:35:35','',NULL),(209,13,'remind','提前几天提醒;1：提前一天2：提前两天3：提前五天4：提前七天','varchar(10)','String','remind','0','0','0','1','1','1','1','EQ','input','',10,'admin','2024-04-24 17:35:35','',NULL),(210,13,'remind_date','提醒日期','varchar(19)','String','remindDate','0','0','0','1','1','1','1','EQ','input','',11,'admin','2024-04-24 17:35:35','',NULL),(211,13,'remark','备注','varchar(500)','String','remark','0','0','0','1','1','1',NULL,'EQ','textarea','',12,'admin','2024-04-24 17:35:35','',NULL),(212,13,'created_by','创建人','varchar(128)','String','createdBy','0','0','0','1','1','1','1','EQ','input','',13,'admin','2024-04-24 17:35:36','',NULL),(213,13,'owner_user_id','负责人','varchar(128)','String','ownerUserId','0','0','0','1','1','1','1','EQ','input','',14,'admin','2024-04-24 17:35:36','',NULL),(214,13,'created_time','创建时间','varchar(19)','String','createdTime','0','0','0','1','1','1','1','EQ','input','',15,'admin','2024-04-24 17:35:36','',NULL),(215,13,'updated_by','更新人','varchar(128)','String','updatedBy','0','0','0','1','1','1','1','EQ','input','',16,'admin','2024-04-24 17:35:36','',NULL),(216,13,'updated_time','更新时间','varchar(19)','String','updatedTime','0','0','0','1','1','1','1','EQ','input','',17,'admin','2024-04-24 17:35:36','',NULL),(217,14,'record_id',NULL,'varchar(128)','String','recordId','1','0','0','1',NULL,NULL,NULL,'EQ','input','',1,'admin','2024-04-24 17:35:37','',NULL),(218,14,'types','关联类型;1:商机2：合同3：回款计划4：汇款单','varchar(10)','String','types','0','0','0','1','1','1','1','EQ','input','',2,'admin','2024-04-24 17:35:37','',NULL),(219,14,'types_id','类型ID','varchar(10)','String','typesId','0','0','0','1','1','1','1','EQ','input','',3,'admin','2024-04-24 17:35:37','',NULL),(220,14,'content','跟进内容','varchar(1000)','String','content','0','0','0','1','1','1','1','EQ','editor','',4,'admin','2024-04-24 17:35:37','',NULL),(221,14,'category','跟进类型;1：外出拜访2：客户面谈3：客户来电4：客户来访5：在线交流6：发送资料7：售后回访8：方案整理9：其他方面','varchar(10)','String','category','0','0','0','1','1','1','1','EQ','input','',5,'admin','2024-04-24 17:35:37','',NULL),(222,14,'business_ids','商机ID','varchar(128)','String','businessIds','0','0','0','1','1','1','1','EQ','input','',6,'admin','2024-04-24 17:35:38','',NULL),(223,14,'contacts_ids','联系人ID','varchar(128)','String','contactsIds','0','0','0','1','1','1','1','EQ','input','',7,'admin','2024-04-24 17:35:38','',NULL),(224,14,'customer_id','客户ID','varchar(255)','String','customerId','0','0','0','1','1','1','1','EQ','input','',8,'admin','2024-04-24 17:35:38','',NULL),(225,14,'next_time','下次联系时间','varchar(19)','String','nextTime','0','0','0','1','1','1','1','EQ','input','',9,'admin','2024-04-24 17:35:38','',NULL),(226,14,'record_time','本次跟进时间','varchar(19)','String','recordTime','0','0','0','1','1','1','1','EQ','input','',10,'admin','2024-04-24 17:35:38','',NULL),(227,14,'create_time','创建时间','varchar(19)','String','createTime','0','0','0','1',NULL,NULL,NULL,'EQ','input','',11,'admin','2024-04-24 17:35:38','',NULL),(228,14,'updated_time','更新时间','varchar(19)','String','updatedTime','0','0','0','1','1','1','1','EQ','input','',12,'admin','2024-04-24 17:35:39','',NULL),(229,14,'created_by','创建人','varchar(128)','String','createdBy','0','0','0','1','1','1','1','EQ','input','',13,'admin','2024-04-24 17:35:39','',NULL),(230,15,'business_id','商机编号','varchar(128)','String','businessId','1','0','0','1',NULL,NULL,NULL,'EQ','input','',1,'admin','2024-04-24 17:36:09','',NULL),(231,15,'business_name','商机名称','varchar(50)','String','businessName','0','0','0','1','1','1','1','LIKE','input','',2,'admin','2024-04-24 17:36:10','',NULL),(232,15,'money','商机金额','decimal(18,2)','BigDecimal','money','0','0','0','1','1','1','1','EQ','input','',3,'admin','2024-04-24 17:36:10','',NULL),(233,15,'status_id','商机阶段;1：初步沟通2：需求确定3：方案报价4：谈判协商5：','varchar(10)','String','statusId','0','0','0','1','1','1','1','EQ','input','',4,'admin','2024-04-24 17:36:10','',NULL),(234,15,'next_time','下次联系时间','varchar(19)','String','nextTime','0','0','0','1','1','1','1','EQ','input','',5,'admin','2024-04-24 17:36:10','',NULL),(235,15,'customer_id','客户ID','varchar(128)','String','customerId','0','0','0','1','1','1','1','EQ','input','',6,'admin','2024-04-24 17:36:10','',NULL),(236,15,'deal_date','预计成交日期','varchar(19)','String','dealDate','0','0','0','1','1','1','1','EQ','input','',7,'admin','2024-04-24 17:36:10','',NULL),(237,15,'discount_rate','整单折扣','decimal(10,2)','BigDecimal','discountRate','0','0','0','1','1','1','1','EQ','input','',8,'admin','2024-04-24 17:36:11','',NULL),(238,15,'total_price','产品总金额','decimal(10,2)','BigDecimal','totalPrice','0','0','0','1','1','1','1','EQ','input','',9,'admin','2024-04-24 17:36:11','',NULL),(239,15,'source','商机来源;1：独立开发2：来电咨询3：广告宣传4：搜索引擎5：客户介绍6：展会7：招标公告8：其他','varchar(10)','String','source','0','0','0','1','1','1','1','EQ','input','',10,'admin','2024-04-24 17:36:11','',NULL),(240,15,'remark','备注','varchar(500)','String','remark','0','0','0','1','1','1',NULL,'EQ','textarea','',11,'admin','2024-04-24 17:36:11','',NULL),(241,15,'ro_user_id','只读权限','varchar(10)','String','roUserId','0','0','0','1','1','1','1','EQ','input','',12,'admin','2024-04-24 17:36:11','',NULL),(242,15,'rw_user_id','读写权限','varchar(10)','String','rwUserId','0','0','0','1','1','1','1','EQ','input','',13,'admin','2024-04-24 17:36:11','',NULL),(243,15,'is_end','1赢单2输单3无效','varchar(10)','String','isEnd','0','0','0','1','1','1','1','EQ','input','',14,'admin','2024-04-24 17:36:11','',NULL),(244,15,'created_by','创建人','varchar(128)','String','createdBy','0','0','0','1','1','1','1','EQ','input','',15,'admin','2024-04-24 17:36:12','',NULL),(245,15,'owner_user_id','负责人ID','varchar(128)','String','ownerUserId','0','0','0','1','1','1','1','EQ','input','',16,'admin','2024-04-24 17:36:12','',NULL),(246,15,'created_time','创建时间','varchar(19)','String','createdTime','0','0','0','1','1','1','1','EQ','input','',17,'admin','2024-04-24 17:36:12','',NULL),(247,15,'updated_by','更新人','varchar(128)','String','updatedBy','0','0','0','1','1','1','1','EQ','input','',18,'admin','2024-04-24 17:36:12','',NULL),(248,15,'updated_time','更新时间','varchar(19)','String','updatedTime','0','0','0','1','1','1','1','EQ','input','',19,'admin','2024-04-24 17:36:12','',NULL),(249,16,'change_id','变化ID','varchar(128)','String','changeId','1','0','0','1',NULL,NULL,NULL,'EQ','input','',1,'admin','2024-04-24 17:36:13','',NULL),(250,16,'business_id','商机ID','varchar(128)','String','businessId','0','0','0','1','1','1','1','EQ','input','',2,'admin','2024-04-24 17:36:13','',NULL),(251,16,'status_id','阶段ID','varchar(10)','String','statusId','0','0','0','1','1','1','1','EQ','input','',3,'admin','2024-04-24 17:36:13','',NULL),(252,16,'created_time','创建时间','varchar(19)','String','createdTime','0','0','0','1','1','1','1','EQ','input','',4,'admin','2024-04-24 17:36:13','',NULL),(253,16,'created_by','创建人','varchar(128)','String','createdBy','0','0','0','1','1','1','1','EQ','input','',5,'admin','2024-04-24 17:36:13','',NULL),(254,17,'r_id','id','varchar(128)','String','rId','1','0','0','1',NULL,NULL,NULL,'EQ','input','',1,'admin','2024-04-24 17:36:14','',NULL),(255,17,'business_id','商机ID','varchar(128)','String','businessId','0','0','0','1','1','1','1','EQ','input','',2,'admin','2024-04-24 17:36:14','',NULL),(256,17,'product_id','产品ID','varchar(128)','String','productId','0','0','0','1','1','1','1','EQ','input','',3,'admin','2024-04-24 17:36:14','',NULL),(257,17,'price','产品单价','decimal(18,2)','BigDecimal','price','0','0','0','1','1','1','1','EQ','input','',4,'admin','2024-04-24 17:36:14','',NULL),(258,17,'sales_price','销售价格','decimal(18,2)','BigDecimal','salesPrice','0','0','0','1','1','1','1','EQ','input','',5,'admin','2024-04-24 17:36:15','',NULL),(259,17,'num','数量','varchar(10)','String','num','0','0','0','1','1','1','1','EQ','input','',6,'admin','2024-04-24 17:36:15','',NULL),(260,17,'discount','折扣','decimal(10,2)','BigDecimal','discount','0','0','0','1','1','1','1','EQ','input','',7,'admin','2024-04-24 17:36:15','',NULL),(261,17,'subtotal','小计（折扣后价格）','decimal(18,2)','BigDecimal','subtotal','0','0','0','1','1','1','1','EQ','input','',8,'admin','2024-04-24 17:36:15','',NULL),(262,17,'unit','单位','varchar(10)','String','unit','0','0','0','1','1','1','1','EQ','input','',9,'admin','2024-04-24 17:36:15','',NULL),(263,18,'contacts_id','联系人编号','varchar(128)','String','contactsId','1','0','0','1',NULL,NULL,NULL,'EQ','input','',1,'admin','2024-04-24 17:36:16','',NULL),(264,18,'contacts_name','姓名','varchar(256)','String','contactsName','0','0','0','1','1','1','1','LIKE','input','',2,'admin','2024-04-24 17:36:16','',NULL),(265,18,'mobile','手机','varchar(128)','String','mobile','0','0','0','1','1','1','1','EQ','input','',3,'admin','2024-04-24 17:36:16','',NULL),(266,18,'telephone','电话','varchar(128)','String','telephone','0','0','0','1','1','1','1','EQ','input','',4,'admin','2024-04-24 17:36:16','',NULL),(267,18,'department','部门','varchar(128)','String','department','0','0','0','1','1','1','1','EQ','input','',5,'admin','2024-04-24 17:36:16','',NULL),(268,18,'duties','职务','varchar(128)','String','duties','0','0','0','1','1','1','1','EQ','input','',6,'admin','2024-04-24 17:36:16','',NULL),(269,18,'sex','性别;0 未知 1 男 2 女','varchar(10)','String','sex','0','0','0','1','1','1','1','EQ','select','',7,'admin','2024-04-24 17:36:17','',NULL),(270,18,'birthday','生日','varchar(128)','String','birthday','0','0','0','1','1','1','1','EQ','input','',8,'admin','2024-04-24 17:36:17','',NULL),(271,18,'mailbox','邮箱','varchar(128)','String','mailbox','0','0','0','1','1','1','1','EQ','input','',9,'admin','2024-04-24 17:36:17','',NULL),(272,18,'weChat','微信号','varchar(56)','String','weChat','0','0','0','1','1','1','1','EQ','input','',10,'admin','2024-04-24 17:36:17','',NULL),(273,18,'qq','QQ号','varchar(56)','String','qq','0','0','0','1','1','1','1','EQ','input','',11,'admin','2024-04-24 17:36:17','',NULL),(274,18,'address','详细地址','varchar(256)','String','address','0','0','0','1','1','1','1','EQ','input','',12,'admin','2024-04-24 17:36:18','',NULL),(275,18,'intimacy','亲密度','varchar(10)','String','intimacy','0','0','0','1','1','1','1','EQ','input','',13,'admin','2024-04-24 17:36:18','',NULL),(276,18,'important','重要程度','varchar(10)','String','important','0','0','0','1','1','1','1','EQ','input','',14,'admin','2024-04-24 17:36:18','',NULL),(277,18,'next_contact_time','下次联系时间','varchar(19)','String','nextContactTime','0','0','0','1','1','1','1','EQ','input','',15,'admin','2024-04-24 17:36:18','',NULL),(278,18,'dc','是否为默认联系人;0是1否','varchar(10)','String','dc','0','0','0','1','1','1','1','EQ','input','',16,'admin','2024-04-24 17:36:18','',NULL),(279,18,'dm','是否为关键决策人;0是1否','varchar(10)','String','dm','0','0','0','1','1','1','1','EQ','input','',17,'admin','2024-04-24 17:36:18','',NULL),(280,18,'customer_id','客户ID','varchar(128)','String','customerId','0','0','0','1','1','1','1','EQ','input','',18,'admin','2024-04-24 17:36:19','',NULL),(281,18,'deltag','删除标记;0未删除1已删除','varchar(10)','String','deltag','0','0','0','1','1','1','1','EQ','input','',19,'admin','2024-04-24 17:36:19','',NULL),(282,18,'remark','备注','varchar(256)','String','remark','0','0','0','1','1','1',NULL,'EQ','input','',20,'admin','2024-04-24 17:36:19','',NULL),(283,18,'owner_user_id','负责人','varchar(128)','String','ownerUserId','0','0','0','1','1','1','1','EQ','input','',21,'admin','2024-04-24 17:36:19','',NULL),(284,18,'created_by','创建人','varchar(32)','String','createdBy','0','0','0','1','1','1','1','EQ','input','',22,'admin','2024-04-24 17:36:19','',NULL),(285,18,'created_time','创建时间','varchar(19)','String','createdTime','0','0','0','1','1','1','1','EQ','input','',23,'admin','2024-04-24 17:36:19','',NULL),(286,18,'updated_by','更新人','varchar(32)','String','updatedBy','0','0','0','1','1','1','1','EQ','input','',24,'admin','2024-04-24 17:36:19','',NULL),(287,18,'updated_time','更新时间','varchar(19)','String','updatedTime','0','0','0','1','1','1','1','EQ','input','',25,'admin','2024-04-24 17:36:20','',NULL),(288,19,'customer_id','客户号','varchar(128)','String','customerId','1','0','0','1',NULL,NULL,NULL,'EQ','input','',1,'admin','2024-04-24 17:36:20','',NULL),(289,19,'customer_name','客户名称','varchar(256)','String','customerName','0','0','0','1','1','1','1','LIKE','input','',2,'admin','2024-04-24 17:36:20','',NULL),(290,19,'nature','客户性质;1：企业客户\r\n2：个人客户\r\n3：政府单位\r\n4：事业单位','varchar(10)','String','nature','0','0','0','1','1','1','1','EQ','input','',3,'admin','2024-04-24 17:36:21','',NULL),(291,19,'source','客户来源;1：电话咨询\r\n2：自主开拓\r\n3：公司资源\r\n4：网络推广\r\n5：渠道代理\r\n6：其他方式','varchar(10)','String','source','0','0','0','1','1','1','1','EQ','input','',4,'admin','2024-04-24 17:36:21','',NULL),(292,19,'industry','客户行业;1：金融\r\n2：电信\r\n3：教育\r\n4：高科技\r\n5：政府\r\n6：制造业\r\n7：服务业\r\n8：能源\r\n9：零售\r\n10：媒体\r\n11：娱乐\r\n12：咨询\r\n13：非盈利事业\r\n14：公用事业\r\n15：其他','varchar(10)','String','industry','0','0','0','1','1','1','1','EQ','input','',5,'admin','2024-04-24 17:36:21','',NULL),(293,19,'grade','客户分级;1：大型\r\n2：中型\r\n3：小型\r\n4：微型','varchar(10)','String','grade','0','0','0','1','1','1','1','EQ','input','',6,'admin','2024-04-24 17:36:21','',NULL),(294,19,'stage','客户阶段;1：初步接洽\r\n2：确认需求\r\n3：解决方案\r\n4：商务谈判\r\n5：成交\r\n6：流失','varchar(10)','String','stage','0','0','0','1','1','1','1','EQ','input','',7,'admin','2024-04-24 17:36:21','',NULL),(295,19,'website','客户官网','varchar(256)','String','website','0','0','0','1','1','1','1','EQ','input','',8,'admin','2024-04-24 17:36:21','',NULL),(296,19,'type','客户类型;1：最终客户\r\n2：渠道客户\r\n3：竞争对手','varchar(10)','String','type','0','0','0','1','1','1','1','EQ','select','',9,'admin','2024-04-24 17:36:21','',NULL),(297,19,'introduction','客户简介','varchar(512)','String','introduction','0','0','0','1','1','1','1','EQ','textarea','',10,'admin','2024-04-24 17:36:22','',NULL),(298,19,'importance','重要程度','varchar(10)','String','importance','0','0','0','1','1','1','1','EQ','input','',11,'admin','2024-04-24 17:36:22','',NULL),(299,19,'lock_status','锁定状态;0：解锁1：锁定','varchar(10)','String','lockStatus','0','0','0','1','1','1','1','EQ','radio','',12,'admin','2024-04-24 17:36:22','',NULL),(300,19,'address','详细地址','varchar(512)','String','address','0','0','0','1','1','1','1','EQ','textarea','',13,'admin','2024-04-24 17:36:22','',NULL),(301,19,'province_id','省','varchar(128)','String','provinceId','0','0','0','1','1','1','1','EQ','input','',14,'admin','2024-04-24 17:36:22','',NULL),(302,19,'city_id','市','varchar(128)','String','cityId','0','0','0','1','1','1','1','EQ','input','',15,'admin','2024-04-24 17:36:23','',NULL),(303,19,'area_id','区','varchar(128)','String','areaId','0','0','0','1','1','1','1','EQ','input','',16,'admin','2024-04-24 17:36:23','',NULL),(304,19,'owner_user_id','销售负责人','varchar(128)','String','ownerUserId','0','0','0','1','1','1','1','EQ','input','',17,'admin','2024-04-24 17:36:23','',NULL),(305,19,'sa_user_id','售后负责人','varchar(128)','String','saUserId','0','0','0','1','1','1','1','EQ','input','',18,'admin','2024-04-24 17:36:23','',NULL),(306,19,'deltag','删除标记;0：未删除1：已删除','varchar(10)','String','deltag','0','0','0','1','1','1','1','EQ','input','',19,'admin','2024-04-24 17:36:23','',NULL),(307,19,'remark','备注','varchar(512)','String','remark','0','0','0','1','1','1',NULL,'EQ','textarea','',20,'admin','2024-04-24 17:36:23','',NULL),(308,19,'created_by','创建人','varchar(32)','String','createdBy','0','0','0','1','1','1','1','EQ','input','',21,'admin','2024-04-24 17:36:24','',NULL),(309,19,'created_time','创建时间','varchar(19)','String','createdTime','0','0','0','1','1','1','1','EQ','input','',22,'admin','2024-04-24 17:36:24','',NULL),(310,19,'updated_by','更新人','varchar(32)','String','updatedBy','0','0','0','1','1','1','1','EQ','input','',23,'admin','2024-04-24 17:36:24','',NULL),(311,19,'updated_time','更新时间','varchar(19)','String','updatedTime','0','0','0','1','1','1','1','EQ','input','',24,'admin','2024-04-24 17:36:24','',NULL),(312,20,'id','区域主键','int(11)','Long','id','1','0','0','1',NULL,NULL,NULL,'EQ','input','',1,'admin','2024-05-03 10:18:13','',NULL),(313,20,'name','区域名称','varchar(40)','String','name','0','0','0','1','1','1','1','LIKE','input','',2,'admin','2024-05-03 10:18:13','',NULL),(314,20,'pid','区域上级标识','int(11)','Long','pid','0','0','0','1','1','1','1','EQ','input','',3,'admin','2024-05-03 10:18:13','',NULL),(315,20,'sname','地名简称','varchar(40)','String','sname','0','0','0','1','1','1','1','LIKE','input','',4,'admin','2024-05-03 10:18:13','',NULL),(316,20,'level','区域等级','int(11)','Long','level','0','0','0','1','1','1','1','EQ','input','',5,'admin','2024-05-03 10:18:13','',NULL),(317,20,'citycode','区域编码','varchar(20)','String','citycode','0','0','0','1','1','1','1','EQ','input','',6,'admin','2024-05-03 10:18:14','',NULL),(318,20,'yzcode','邮政编码','varchar(20)','String','yzcode','0','0','0','1','1','1','1','EQ','input','',7,'admin','2024-05-03 10:18:14','',NULL),(319,20,'Lng','经度','float','Long','Lng','0','0','0','1','1','1','1','EQ','input','',8,'admin','2024-05-03 10:18:14','',NULL),(320,20,'Lat','维度','float','Long','Lat','0','0','0','1','1','1','1','EQ','input','',9,'admin','2024-05-03 10:18:14','',NULL),(321,20,'pinyin','拼音','varchar(100)','String','pinyin','0','0','0','1','1','1','1','EQ','input','',10,'admin','2024-05-03 10:18:14','',NULL),(322,20,'mername','组合名称','varchar(100)','String','mername','0','0','0','1','1','1','1','LIKE','input','',11,'admin','2024-05-03 10:18:14','',NULL);
/*!40000 ALTER TABLE `gen_table_column` ENABLE KEYS */;
UNLOCK TABLES;

--
-- Table structure for table `st01_crm_area`
--

DROP TABLE IF EXISTS `st01_crm_area`;
/*!40101 SET @saved_cs_client     = @@character_set_client */;
/*!50503 SET character_set_client = utf8mb4 */;
CREATE TABLE `st01_crm_area` (
  `code_id` int(11) DEFAULT NULL,
  `parent_id` int(11) DEFAULT NULL,
  `city_name` varchar(255) DEFAULT NULL
) ENGINE=InnoDB DEFAULT CHARSET=utf8mb4 ROW_FORMAT=DYNAMIC COMMENT='地名表';
/*!40101 SET character_set_client = @saved_cs_client */;

--
-- Dumping data for table `st01_crm_area`
--

LOCK TABLES `st01_crm_area` WRITE;
/*!40000 ALTER TABLE `st01_crm_area` DISABLE KEYS */;
/*!40000 ALTER TABLE `st01_crm_area` ENABLE KEYS */;
UNLOCK TABLES;

--
-- Table structure for table `st01_crm_business`
--

DROP TABLE IF EXISTS `st01_crm_business`;
/*!40101 SET @saved_cs_client     = @@character_set_client */;
/*!50503 SET character_set_client = utf8mb4 */;
CREATE TABLE `st01_crm_business` (
  `business_id` varchar(128) COLLATE utf8mb4_unicode_ci NOT NULL COMMENT '商机编号',
  `business_name` varchar(50) COLLATE utf8mb4_unicode_ci DEFAULT NULL COMMENT '商机名称',
  `money` decimal(18,2) DEFAULT NULL COMMENT '商机金额',
  `status_id` varchar(10) COLLATE utf8mb4_unicode_ci DEFAULT NULL COMMENT '商机阶段;1：初步沟通2：需求确定3：方案报价4：谈判协商5：',
  `next_time` varchar(19) COLLATE utf8mb4_unicode_ci DEFAULT NULL COMMENT '下次联系时间',
  `customer_id` varchar(128) COLLATE utf8mb4_unicode_ci DEFAULT NULL COMMENT '客户ID',
  `deal_date` varchar(19) COLLATE utf8mb4_unicode_ci DEFAULT NULL COMMENT '预计成交日期',
  `discount_rate` decimal(10,2) DEFAULT NULL COMMENT '整单折扣',
  `total_price` decimal(10,2) DEFAULT NULL COMMENT '产品总金额',
  `source` varchar(10) COLLATE utf8mb4_unicode_ci DEFAULT NULL COMMENT '商机来源;1：独立开发2：来电咨询3：广告宣传4：搜索引擎5：客户介绍6：展会7：招标公告8：其他',
  `remark` varchar(500) COLLATE utf8mb4_unicode_ci DEFAULT NULL COMMENT '备注',
  `ro_user_id` varchar(10) COLLATE utf8mb4_unicode_ci DEFAULT NULL COMMENT '只读权限',
  `rw_user_id` varchar(10) COLLATE utf8mb4_unicode_ci DEFAULT NULL COMMENT '读写权限',
  `is_end` varchar(10) COLLATE utf8mb4_unicode_ci DEFAULT '0' COMMENT '1赢单2输单3无效',
  `created_by` varchar(128) COLLATE utf8mb4_unicode_ci DEFAULT NULL COMMENT '创建人',
  `owner_user_id` varchar(128) COLLATE utf8mb4_unicode_ci DEFAULT NULL COMMENT '负责人ID',
  `created_time` varchar(19) COLLATE utf8mb4_unicode_ci DEFAULT NULL COMMENT '创建时间',
  `updated_by` varchar(128) COLLATE utf8mb4_unicode_ci DEFAULT NULL COMMENT '更新人',
  `updated_time` varchar(19) COLLATE utf8mb4_unicode_ci DEFAULT NULL COMMENT '更新时间',
  PRIMARY KEY (`business_id`)
) ENGINE=InnoDB DEFAULT CHARSET=utf8mb4 COLLATE=utf8mb4_unicode_ci COMMENT='商机表';
/*!40101 SET character_set_client = @saved_cs_client */;

--
-- Dumping data for table `st01_crm_business`
--

LOCK TABLES `st01_crm_business` WRITE;
/*!40000 ALTER TABLE `st01_crm_business` DISABLE KEYS */;
INSERT INTO `st01_crm_business` (`business_id`, `business_name`, `money`, `status_id`, `next_time`, `customer_id`, `deal_date`, `discount_rate`, `total_price`, `source`, `remark`, `ro_user_id`, `rw_user_id`, `is_end`, `created_by`, `owner_user_id`, `created_time`, `updated_by`, `updated_time`) VALUES ('821871048663166977','测试',NULL,'1','2024-05-14',NULL,'2024-05-15',NULL,NULL,'1',NULL,NULL,NULL,'0','admin',NULL,'2024-05-14 20:35:05',NULL,NULL),('821874648663683074','测试001',NULL,'1','2024-05-30',NULL,'2024-05-15',NULL,NULL,'1',NULL,NULL,NULL,'0','admin',NULL,'2024-05-14 20:49:23',NULL,NULL),('822601946555707394','测试',NULL,'2','2024-05-23 00:00:00',NULL,'2024-05-23',1.00,702.00,'3',NULL,NULL,NULL,'0','admin',NULL,'2024-05-16 20:59:25',NULL,NULL),('822602745297989634','测试2024',702.00,'1','2024-05-30 00:00:00',NULL,'2024-05-30',1.00,702.00,'2',NULL,NULL,NULL,'0','admin',NULL,'2024-05-16 21:02:35',NULL,NULL);
/*!40000 ALTER TABLE `st01_crm_business` ENABLE KEYS */;
UNLOCK TABLES;

--
-- Table structure for table `st01_crm_business_change`
--

DROP TABLE IF EXISTS `st01_crm_business_change`;
/*!40101 SET @saved_cs_client     = @@character_set_client */;
/*!50503 SET character_set_client = utf8mb4 */;
CREATE TABLE `st01_crm_business_change` (
  `change_id` varchar(128) COLLATE utf8mb4_unicode_ci NOT NULL COMMENT '变化ID',
  `business_id` varchar(128) COLLATE utf8mb4_unicode_ci DEFAULT NULL COMMENT '商机ID',
  `status_id` varchar(10) COLLATE utf8mb4_unicode_ci DEFAULT NULL COMMENT '阶段ID',
  `created_time` varchar(19) COLLATE utf8mb4_unicode_ci DEFAULT NULL COMMENT '创建时间',
  `created_by` varchar(128) COLLATE utf8mb4_unicode_ci DEFAULT NULL COMMENT '创建人',
  PRIMARY KEY (`change_id`)
) ENGINE=InnoDB DEFAULT CHARSET=utf8mb4 COLLATE=utf8mb4_unicode_ci COMMENT='商机阶段变化表';
/*!40101 SET character_set_client = @saved_cs_client */;

--
-- Dumping data for table `st01_crm_business_change`
--

LOCK TABLES `st01_crm_business_change` WRITE;
/*!40000 ALTER TABLE `st01_crm_business_change` DISABLE KEYS */;
/*!40000 ALTER TABLE `st01_crm_business_change` ENABLE KEYS */;
UNLOCK TABLES;

--
-- Table structure for table `st01_crm_business_product`
--

DROP TABLE IF EXISTS `st01_crm_business_product`;
/*!40101 SET @saved_cs_client     = @@character_set_client */;
/*!50503 SET character_set_client = utf8mb4 */;
CREATE TABLE `st01_crm_business_product` (
  `r_id` varchar(128) COLLATE utf8mb4_unicode_ci NOT NULL COMMENT 'id',
  `business_id` varchar(128) COLLATE utf8mb4_unicode_ci DEFAULT NULL COMMENT '商机ID',
  `product_id` varchar(128) COLLATE utf8mb4_unicode_ci DEFAULT NULL COMMENT '产品ID',
  `price` decimal(18,2) DEFAULT NULL COMMENT '产品单价',
  `sales_price` decimal(18,2) DEFAULT NULL COMMENT '销售价格',
  `num` varchar(10) COLLATE utf8mb4_unicode_ci DEFAULT NULL COMMENT '数量',
  `discount` decimal(10,2) DEFAULT NULL COMMENT '折扣',
  `subtotal` decimal(18,2) DEFAULT NULL COMMENT '小计（折扣后价格）',
  `unit` varchar(10) COLLATE utf8mb4_unicode_ci DEFAULT NULL COMMENT '单位',
  PRIMARY KEY (`r_id`)
) ENGINE=InnoDB DEFAULT CHARSET=utf8mb4 COLLATE=utf8mb4_unicode_ci COMMENT='商机产品关系表';
/*!40101 SET character_set_client = @saved_cs_client */;

--
-- Dumping data for table `st01_crm_business_product`
--

LOCK TABLES `st01_crm_business_product` WRITE;
/*!40000 ALTER TABLE `st01_crm_business_product` DISABLE KEYS */;
INSERT INTO `st01_crm_business_product` (`r_id`, `business_id`, `product_id`, `price`, `sales_price`, `num`, `discount`, `subtotal`, `unit`) VALUES ('821871048684138498',NULL,'821871048663166977',234.00,NULL,'2345234',NULL,NULL,'个'),('821874648672071682','821874648663683074','820792699438104577',234.00,NULL,'1',NULL,NULL,'个'),('822601946559901697','822601946555707394','820792699438104577',234.00,234.00,'3',NULL,NULL,'个'),('822602745297989635','822602745297989634','820792699438104577',234.00,234.00,'3',NULL,NULL,'个');
/*!40000 ALTER TABLE `st01_crm_business_product` ENABLE KEYS */;
UNLOCK TABLES;

--
-- Table structure for table `st01_crm_contacts`
--

DROP TABLE IF EXISTS `st01_crm_contacts`;
/*!40101 SET @saved_cs_client     = @@character_set_client */;
/*!50503 SET character_set_client = utf8mb4 */;
CREATE TABLE `st01_crm_contacts` (
  `contacts_id` varchar(128) COLLATE utf8mb4_unicode_ci NOT NULL COMMENT '联系人编号',
  `contacts_name` varchar(256) COLLATE utf8mb4_unicode_ci DEFAULT NULL COMMENT '姓名',
  `mobile` varchar(128) COLLATE utf8mb4_unicode_ci DEFAULT NULL COMMENT '手机',
  `telephone` varchar(128) COLLATE utf8mb4_unicode_ci DEFAULT NULL COMMENT '电话',
  `department` varchar(128) COLLATE utf8mb4_unicode_ci DEFAULT NULL COMMENT '部门',
  `duties` varchar(128) COLLATE utf8mb4_unicode_ci DEFAULT NULL COMMENT '职务',
  `sex` varchar(10) COLLATE utf8mb4_unicode_ci DEFAULT NULL COMMENT '性别;0 未知 1 男 2 女',
  `birthday` varchar(128) COLLATE utf8mb4_unicode_ci DEFAULT NULL COMMENT '生日',
  `mailbox` varchar(128) COLLATE utf8mb4_unicode_ci DEFAULT NULL COMMENT '邮箱',
  `weChat` varchar(56) COLLATE utf8mb4_unicode_ci DEFAULT NULL COMMENT '微信号',
  `qq` varchar(56) COLLATE utf8mb4_unicode_ci DEFAULT NULL COMMENT 'QQ号',
  `address` varchar(256) COLLATE utf8mb4_unicode_ci DEFAULT NULL COMMENT '详细地址',
  `intimacy` varchar(10) COLLATE utf8mb4_unicode_ci DEFAULT NULL COMMENT '亲密度',
  `important` varchar(10) COLLATE utf8mb4_unicode_ci DEFAULT NULL COMMENT '重要程度',
  `next_contact_time` varchar(19) COLLATE utf8mb4_unicode_ci DEFAULT NULL COMMENT '下次联系时间',
  `dc` varchar(10) COLLATE utf8mb4_unicode_ci DEFAULT NULL COMMENT '是否为默认联系人;0是1否',
  `dm` varchar(10) COLLATE utf8mb4_unicode_ci DEFAULT NULL COMMENT '是否为关键决策人;0是1否',
  `customer_id` varchar(128) COLLATE utf8mb4_unicode_ci DEFAULT NULL COMMENT '客户ID',
  `deltag` varchar(10) COLLATE utf8mb4_unicode_ci DEFAULT NULL COMMENT '删除标记;0未删除1已删除',
  `remark` varchar(256) COLLATE utf8mb4_unicode_ci DEFAULT NULL COMMENT '备注',
  `owner_user_id` varchar(128) COLLATE utf8mb4_unicode_ci DEFAULT NULL COMMENT '负责人',
  `created_by` varchar(32) COLLATE utf8mb4_unicode_ci DEFAULT NULL COMMENT '创建人',
  `created_time` varchar(19) COLLATE utf8mb4_unicode_ci DEFAULT NULL COMMENT '创建时间',
  `updated_by` varchar(32) COLLATE utf8mb4_unicode_ci DEFAULT NULL COMMENT '更新人',
  `updated_time` varchar(19) COLLATE utf8mb4_unicode_ci DEFAULT NULL COMMENT '更新时间',
  PRIMARY KEY (`contacts_id`)
) ENGINE=InnoDB DEFAULT CHARSET=utf8mb4 COLLATE=utf8mb4_unicode_ci COMMENT='联系人';
/*!40101 SET character_set_client = @saved_cs_client */;

--
-- Dumping data for table `st01_crm_contacts`
--

LOCK TABLES `st01_crm_contacts` WRITE;
/*!40000 ALTER TABLE `st01_crm_contacts` DISABLE KEYS */;
INSERT INTO `st01_crm_contacts` (`contacts_id`, `contacts_name`, `mobile`, `telephone`, `department`, `duties`, `sex`, `birthday`, `mailbox`, `weChat`, `qq`, `address`, `intimacy`, `important`, `next_contact_time`, `dc`, `dm`, `customer_id`, `deltag`, `remark`, `owner_user_id`, `created_by`, `created_time`, `updated_by`, `updated_time`) VALUES ('827665313049743361','测试','111111111','1111111',NULL,NULL,'1',NULL,NULL,'111111111',NULL,NULL,'3','3','2024-05-14 00:00:00',NULL,NULL,'11',NULL,NULL,NULL,'admin','2024-05-30 20:19:25',NULL,NULL);
/*!40000 ALTER TABLE `st01_crm_contacts` ENABLE KEYS */;
UNLOCK TABLES;

--
-- Table structure for table `st01_crm_contacts_business`
--

DROP TABLE IF EXISTS `st01_crm_contacts_business`;
/*!40101 SET @saved_cs_client     = @@character_set_client */;
/*!50503 SET character_set_client = utf8mb4 */;
CREATE TABLE `st01_crm_contacts_business` (
  `id` varchar(128) COLLATE utf8mb4_unicode_ci NOT NULL,
  `business_id` varchar(128) COLLATE utf8mb4_unicode_ci DEFAULT NULL,
  `contacts_id` varchar(128) COLLATE utf8mb4_unicode_ci DEFAULT NULL,
  PRIMARY KEY (`id`)
) ENGINE=InnoDB DEFAULT CHARSET=utf8mb4 COLLATE=utf8mb4_unicode_ci COMMENT='商机联系人关联表';
/*!40101 SET character_set_client = @saved_cs_client */;

--
-- Dumping data for table `st01_crm_contacts_business`
--

LOCK TABLES `st01_crm_contacts_business` WRITE;
/*!40000 ALTER TABLE `st01_crm_contacts_business` DISABLE KEYS */;
/*!40000 ALTER TABLE `st01_crm_contacts_business` ENABLE KEYS */;
UNLOCK TABLES;

--
-- Table structure for table `st01_crm_contract`
--

DROP TABLE IF EXISTS `st01_crm_contract`;
/*!40101 SET @saved_cs_client     = @@character_set_client */;
/*!50503 SET character_set_client = utf8mb4 */;
CREATE TABLE `st01_crm_contract` (
  `contract_id` varchar(128) COLLATE utf8mb4_unicode_ci NOT NULL COMMENT '合同编号',
  `contract_name` varchar(256) COLLATE utf8mb4_unicode_ci DEFAULT NULL COMMENT '合同名称',
  `money` decimal(18,2) DEFAULT NULL COMMENT '合同金额',
  `customer_id` varchar(128) COLLATE utf8mb4_unicode_ci DEFAULT NULL COMMENT '客户ID',
  `customer_name` varchar(256) COLLATE utf8mb4_unicode_ci DEFAULT NULL COMMENT '客户名称',
  `contacts_id` varchar(128) COLLATE utf8mb4_unicode_ci DEFAULT NULL COMMENT '联系人ID',
  `contacts_name` varchar(128) COLLATE utf8mb4_unicode_ci DEFAULT NULL COMMENT '联系人名称',
  `business_id` varchar(128) COLLATE utf8mb4_unicode_ci DEFAULT NULL COMMENT '商机ID',
  `business_name` varchar(128) COLLATE utf8mb4_unicode_ci DEFAULT NULL COMMENT '商机名称',
  `types` varchar(10) COLLATE utf8mb4_unicode_ci DEFAULT NULL COMMENT '合同类型;1：新合同2：续约合同',
  `order_date` varchar(19) COLLATE utf8mb4_unicode_ci DEFAULT NULL COMMENT '下单日期',
  `start_time` varchar(19) COLLATE utf8mb4_unicode_ci DEFAULT NULL COMMENT '开始时间',
  `end_time` varchar(19) COLLATE utf8mb4_unicode_ci DEFAULT NULL COMMENT '结束时间',
  `check_status` varchar(10) COLLATE utf8mb4_unicode_ci DEFAULT '0' COMMENT '状态;0 未审核 1 审核通过 2 审核拒绝 3 审核中 4 已撤回 5草稿 6 作废',
  `examine_record_id` varchar(128) COLLATE utf8mb4_unicode_ci DEFAULT NULL COMMENT '审核记录ID',
  `discount_rate` decimal(10,2) DEFAULT NULL COMMENT '整单折扣',
  `total_price` decimal(10,2) DEFAULT NULL COMMENT '产品总金额',
  `payment_type` varchar(10) COLLATE utf8mb4_unicode_ci DEFAULT NULL COMMENT '付款方式',
  `ro_user_id` varchar(10) COLLATE utf8mb4_unicode_ci DEFAULT NULL COMMENT '只读权限',
  `rw_user_id` varchar(10) COLLATE utf8mb4_unicode_ci DEFAULT NULL COMMENT '读写权限',
  `remark` varchar(512) COLLATE utf8mb4_unicode_ci DEFAULT NULL COMMENT '备注',
  `updated_by` varchar(128) COLLATE utf8mb4_unicode_ci DEFAULT NULL COMMENT '更新人',
  `created_by` varchar(128) COLLATE utf8mb4_unicode_ci DEFAULT NULL COMMENT '创建人',
  `owner_user_id` varchar(19) COLLATE utf8mb4_unicode_ci DEFAULT NULL COMMENT '负责人',
  `created_time` varchar(19) COLLATE utf8mb4_unicode_ci DEFAULT NULL COMMENT '创建时间',
  `updated_time` varchar(128) COLLATE utf8mb4_unicode_ci DEFAULT NULL COMMENT '更新时间',
  PRIMARY KEY (`contract_id`)
) ENGINE=InnoDB DEFAULT CHARSET=utf8mb4 COLLATE=utf8mb4_unicode_ci COMMENT='合同表';
/*!40101 SET character_set_client = @saved_cs_client */;

--
-- Dumping data for table `st01_crm_contract`
--

LOCK TABLES `st01_crm_contract` WRITE;
/*!40000 ALTER TABLE `st01_crm_contract` DISABLE KEYS */;
INSERT INTO `st01_crm_contract` (`contract_id`, `contract_name`, `money`, `customer_id`, `customer_name`, `contacts_id`, `contacts_name`, `business_id`, `business_name`, `types`, `order_date`, `start_time`, `end_time`, `check_status`, `examine_record_id`, `discount_rate`, `total_price`, `payment_type`, `ro_user_id`, `rw_user_id`, `remark`, `updated_by`, `created_by`, `owner_user_id`, `created_time`, `updated_time`) VALUES ('829119079120781313','测试01',702.00,'11','测试','827665313049743361','测试','822602745297989634','测试2024','1','2024-06-04','2024-06-27','2024-06-27','0',NULL,1.00,702.00,NULL,NULL,NULL,'测试测试','admin','admin',NULL,'2024-06-03 20:36:10','2024-06-04 12:59:29'),('829130073125552129','测试02',234.00,'11','测试','827665313049743361','测试','821874648663683074','测试001','1','2024-06-04','2024-06-20','2024-06-18','0',NULL,1.00,234.00,NULL,NULL,NULL,'测试02','admin','admin',NULL,'2024-06-03 21:19:51','2024-06-04 10:31:34'),('829136400925208578','测试03',702.00,'817375276454330370','测试','827665313049743361','测试','821874648663683074','测试001','1','2024-06-04','2024-06-26','2024-06-12','0',NULL,1.00,702.00,NULL,NULL,NULL,'as','admin','admin',NULL,'2024-06-03 21:45:00','2024-06-04 09:47:46');
/*!40000 ALTER TABLE `st01_crm_contract` ENABLE KEYS */;
UNLOCK TABLES;

--
-- Table structure for table `st01_crm_contract_product`
--

DROP TABLE IF EXISTS `st01_crm_contract_product`;
/*!40101 SET @saved_cs_client     = @@character_set_client */;
/*!50503 SET character_set_client = utf8mb4 */;
CREATE TABLE `st01_crm_contract_product` (
  `r_id` varchar(128) COLLATE utf8mb4_unicode_ci NOT NULL,
  `contract_name` varchar(256) COLLATE utf8mb4_unicode_ci DEFAULT NULL COMMENT '合同名称',
  `contract_id` varchar(128) COLLATE utf8mb4_unicode_ci DEFAULT NULL COMMENT '合同ID',
  `product_name` varchar(256) COLLATE utf8mb4_unicode_ci DEFAULT NULL COMMENT '产品名称',
  `product_id` varchar(128) COLLATE utf8mb4_unicode_ci DEFAULT NULL COMMENT '产品ID',
  `price` decimal(18,2) DEFAULT NULL COMMENT '产品单价',
  `sales_price` decimal(18,2) DEFAULT NULL COMMENT '销售价格',
  `num` varchar(10) COLLATE utf8mb4_unicode_ci DEFAULT NULL COMMENT '数量',
  `discount` decimal(10,2) DEFAULT NULL COMMENT '折扣',
  `subtotal` decimal(18,2) DEFAULT NULL COMMENT '小计（折扣后价格）',
  `unit` varchar(50) COLLATE utf8mb4_unicode_ci DEFAULT NULL COMMENT '单位',
  PRIMARY KEY (`r_id`)
) ENGINE=InnoDB DEFAULT CHARSET=utf8mb4 COLLATE=utf8mb4_unicode_ci COMMENT='合同产品关系表';
/*!40101 SET character_set_client = @saved_cs_client */;

--
-- Dumping data for table `st01_crm_contract_product`
--

LOCK TABLES `st01_crm_contract_product` WRITE;
/*!40000 ALTER TABLE `st01_crm_contract_product` DISABLE KEYS */;
INSERT INTO `st01_crm_contract_product` (`r_id`, `contract_name`, `contract_id`, `product_name`, `product_id`, `price`, `sales_price`, `num`, `discount`, `subtotal`, `unit`) VALUES ('829136400933597186',NULL,'827665313049743361',NULL,'820792699438104577',234.00,234.00,'2345234',NULL,NULL,'个'),('829318291406163969',NULL,'829136400925208578',NULL,'820792699438104577',234.00,234.00,'2345234',NULL,NULL,'个'),('829329317107306498',NULL,'829130073125552129',NULL,'820792699438104577',234.00,234.00,'2345234',NULL,NULL,'个'),('829366541072986114',NULL,'829119079120781313','测试1','820792699438104577',234.00,234.00,'3',NULL,NULL,'个');
/*!40000 ALTER TABLE `st01_crm_contract_product` ENABLE KEYS */;
UNLOCK TABLES;

--
-- Table structure for table `st01_crm_customer`
--

DROP TABLE IF EXISTS `st01_crm_customer`;
/*!40101 SET @saved_cs_client     = @@character_set_client */;
/*!50503 SET character_set_client = utf8mb4 */;
CREATE TABLE `st01_crm_customer` (
  `customer_id` varchar(128) COLLATE utf8mb4_unicode_ci NOT NULL COMMENT '客户号',
  `customer_name` varchar(256) COLLATE utf8mb4_unicode_ci DEFAULT NULL COMMENT '客户名称',
  `nature` varchar(10) COLLATE utf8mb4_unicode_ci DEFAULT NULL COMMENT '客户性质;1：企业客户\r\n2：个人客户\r\n3：政府单位\r\n4：事业单位',
  `source` varchar(10) COLLATE utf8mb4_unicode_ci DEFAULT NULL COMMENT '客户来源;1：电话咨询\r\n2：自主开拓\r\n3：公司资源\r\n4：网络推广\r\n5：渠道代理\r\n6：其他方式',
  `industry` varchar(10) COLLATE utf8mb4_unicode_ci DEFAULT NULL COMMENT '客户行业;1：金融\r\n2：电信\r\n3：教育\r\n4：高科技\r\n5：政府\r\n6：制造业\r\n7：服务业\r\n8：能源\r\n9：零售\r\n10：媒体\r\n11：娱乐\r\n12：咨询\r\n13：非盈利事业\r\n14：公用事业\r\n15：其他',
  `grade` varchar(10) COLLATE utf8mb4_unicode_ci DEFAULT NULL COMMENT '客户分级;1：大型\r\n2：中型\r\n3：小型\r\n4：微型',
  `stage` varchar(10) COLLATE utf8mb4_unicode_ci DEFAULT NULL COMMENT '客户阶段;1：初步接洽\r\n2：确认需求\r\n3：解决方案\r\n4：商务谈判\r\n5：成交\r\n6：流失',
  `website` varchar(256) COLLATE utf8mb4_unicode_ci DEFAULT NULL COMMENT '客户官网',
  `type` varchar(10) COLLATE utf8mb4_unicode_ci DEFAULT NULL COMMENT '客户类型;1：最终客户\r\n2：渠道客户\r\n3：竞争对手',
  `introduction` varchar(512) COLLATE utf8mb4_unicode_ci DEFAULT NULL COMMENT '客户简介',
  `importance` varchar(10) COLLATE utf8mb4_unicode_ci DEFAULT NULL COMMENT '重要程度',
  `lock_status` varchar(10) COLLATE utf8mb4_unicode_ci DEFAULT NULL COMMENT '锁定状态;0：解锁1：锁定',
  `address` varchar(512) COLLATE utf8mb4_unicode_ci DEFAULT NULL COMMENT '详细地址',
  `province_id` varchar(128) COLLATE utf8mb4_unicode_ci DEFAULT NULL COMMENT '省',
  `city_id` varchar(128) COLLATE utf8mb4_unicode_ci DEFAULT NULL COMMENT '市',
  `area_id` varchar(128) COLLATE utf8mb4_unicode_ci DEFAULT NULL COMMENT '区',
  `owner_user_id` varchar(128) COLLATE utf8mb4_unicode_ci DEFAULT NULL COMMENT '销售负责人',
  `sa_user_id` varchar(128) COLLATE utf8mb4_unicode_ci DEFAULT NULL COMMENT '售后负责人',
  `deltag` varchar(10) COLLATE utf8mb4_unicode_ci DEFAULT NULL COMMENT '删除标记;0：未删除1：已删除',
  `remark` varchar(512) COLLATE utf8mb4_unicode_ci DEFAULT NULL COMMENT '备注',
  `created_by` varchar(32) COLLATE utf8mb4_unicode_ci DEFAULT NULL COMMENT '创建人',
  `created_time` varchar(19) COLLATE utf8mb4_unicode_ci DEFAULT NULL COMMENT '创建时间',
  `updated_by` varchar(32) COLLATE utf8mb4_unicode_ci DEFAULT NULL COMMENT '更新人',
  `updated_time` varchar(19) COLLATE utf8mb4_unicode_ci DEFAULT NULL COMMENT '更新时间',
  `next_contact_time` varchar(19) COLLATE utf8mb4_unicode_ci DEFAULT NULL,
  PRIMARY KEY (`customer_id`)
) ENGINE=InnoDB DEFAULT CHARSET=utf8mb4 COLLATE=utf8mb4_unicode_ci COMMENT='客户表';
/*!40101 SET character_set_client = @saved_cs_client */;

--
-- Dumping data for table `st01_crm_customer`
--

LOCK TABLES `st01_crm_customer` WRITE;
/*!40000 ALTER TABLE `st01_crm_customer` DISABLE KEYS */;
INSERT INTO `st01_crm_customer` (`customer_id`, `customer_name`, `nature`, `source`, `industry`, `grade`, `stage`, `website`, `type`, `introduction`, `importance`, `lock_status`, `address`, `province_id`, `city_id`, `area_id`, `owner_user_id`, `sa_user_id`, `deltag`, `remark`, `created_by`, `created_time`, `updated_by`, `updated_time`, `next_contact_time`) VALUES ('11','测试','1','1','11','2','1','www.dfsfs.com','1','测试','3',NULL,'江苏省苏州市吴中区吴中大道 1188 号','140000','140100','140107',NULL,NULL,NULL,NULL,NULL,NULL,NULL,NULL,NULL),('817375276454330370','测试','2','2','1','3','1',NULL,'2',NULL,'4',NULL,NULL,NULL,NULL,NULL,NULL,NULL,NULL,NULL,NULL,NULL,NULL,NULL,NULL),('819550620359794690','第三分公司','2','2','2','2','2',NULL,'2',NULL,'4',NULL,'森岛帆高森岛帆高','140000','140200','140214',NULL,NULL,'0',NULL,'admin','2024-05-08 10:54:32',NULL,NULL,NULL),('c6b34075905a418784723e90030e8ef1','测试01','1','1','1','2','1',NULL,'1',NULL,'4',NULL,NULL,NULL,NULL,NULL,NULL,NULL,NULL,NULL,NULL,NULL,NULL,NULL,NULL);
/*!40000 ALTER TABLE `st01_crm_customer` ENABLE KEYS */;
UNLOCK TABLES;

--
-- Table structure for table `st01_crm_leads`
--

DROP TABLE IF EXISTS `st01_crm_leads`;
/*!40101 SET @saved_cs_client     = @@character_set_client */;
/*!50503 SET character_set_client = utf8mb4 */;
CREATE TABLE `st01_crm_leads` (
  `leads_id` varchar(128) COLLATE utf8mb4_unicode_ci NOT NULL,
  `customer` varchar(256) COLLATE utf8mb4_unicode_ci DEFAULT NULL COMMENT '客户名称',
  `nature` varchar(10) COLLATE utf8mb4_unicode_ci DEFAULT NULL COMMENT '客户性质;1：企业客户\r\n2：个人客户\r\n3：政府单位\r\n4：事业单位',
  `source` varchar(10) COLLATE utf8mb4_unicode_ci DEFAULT NULL COMMENT '客户来源;1：电话咨询\r\n2：自主开拓\r\n3：公司资源\r\n4：网络推广\r\n5：渠道代理\r\n6：其他方式',
  `industry` varchar(10) COLLATE utf8mb4_unicode_ci DEFAULT NULL COMMENT '客户行业;1：金融\r\n2：电信\r\n3：教育\r\n4：高科技\r\n5：政府\r\n6：制造业\r\n7：服务业\r\n8：能源\r\n9：零售\r\n10：媒体\r\n11：娱乐\r\n12：咨询\r\n13：非盈利事业\r\n14：公用事业\r\n15：其他',
  `grade` varchar(10) COLLATE utf8mb4_unicode_ci DEFAULT NULL COMMENT '客户分级;1：大型\r\n2：中型\r\n3：小型\r\n4：微型',
  `website` varchar(256) COLLATE utf8mb4_unicode_ci DEFAULT NULL COMMENT '客户官网',
  `introduction` varchar(512) COLLATE utf8mb4_unicode_ci DEFAULT NULL COMMENT '客户简介',
  `province_id` varchar(128) COLLATE utf8mb4_unicode_ci DEFAULT NULL COMMENT '省',
  `city_id` varchar(128) COLLATE utf8mb4_unicode_ci DEFAULT NULL COMMENT '市',
  `area_id` varchar(128) COLLATE utf8mb4_unicode_ci DEFAULT NULL COMMENT '区',
  `contacts` varchar(256) COLLATE utf8mb4_unicode_ci DEFAULT NULL COMMENT '联系人',
  `sex` varchar(10) COLLATE utf8mb4_unicode_ci DEFAULT NULL COMMENT '性别;0 未知 1 男 2 女',
  `mailbox` varchar(128) COLLATE utf8mb4_unicode_ci DEFAULT NULL COMMENT '邮箱',
  `is_transform` varchar(10) COLLATE utf8mb4_unicode_ci DEFAULT '0' COMMENT '是否转为客户;1已转化 0 未转化',
  `followup` varchar(10) COLLATE utf8mb4_unicode_ci DEFAULT NULL COMMENT '跟进状态;0未跟进1已跟进',
  `next_time` varchar(19) COLLATE utf8mb4_unicode_ci DEFAULT NULL COMMENT '下次联系时间',
  `telephone` varchar(20) COLLATE utf8mb4_unicode_ci DEFAULT NULL COMMENT '电话',
  `address` varchar(500) COLLATE utf8mb4_unicode_ci DEFAULT NULL COMMENT '地址',
  `remark` varchar(50) COLLATE utf8mb4_unicode_ci DEFAULT NULL COMMENT '备注',
  `created_by` varchar(128) COLLATE utf8mb4_unicode_ci DEFAULT NULL COMMENT '创建人',
  `owner_user_id` varchar(128) COLLATE utf8mb4_unicode_ci DEFAULT NULL COMMENT '负责人',
  `created_time` varchar(19) COLLATE utf8mb4_unicode_ci DEFAULT NULL COMMENT '创建时间',
  `updated_by` varchar(128) COLLATE utf8mb4_unicode_ci DEFAULT NULL COMMENT '更新人',
  `updated_time` varchar(19) COLLATE utf8mb4_unicode_ci DEFAULT NULL COMMENT '更新时间',
  PRIMARY KEY (`leads_id`)
) ENGINE=InnoDB DEFAULT CHARSET=utf8mb4 COLLATE=utf8mb4_unicode_ci COMMENT='线索表';
/*!40101 SET character_set_client = @saved_cs_client */;

--
-- Dumping data for table `st01_crm_leads`
--

LOCK TABLES `st01_crm_leads` WRITE;
/*!40000 ALTER TABLE `st01_crm_leads` DISABLE KEYS */;
/*!40000 ALTER TABLE `st01_crm_leads` ENABLE KEYS */;
UNLOCK TABLES;

--
-- Table structure for table `st01_crm_owner_record`
--

DROP TABLE IF EXISTS `st01_crm_owner_record`;
/*!40101 SET @saved_cs_client     = @@character_set_client */;
/*!50503 SET character_set_client = utf8mb4 */;
CREATE TABLE `st01_crm_owner_record` (
  `record_id` varchar(128) COLLATE utf8mb4_unicode_ci NOT NULL,
  `type_id` varchar(128) COLLATE utf8mb4_unicode_ci DEFAULT NULL COMMENT '对象id',
  `type` varchar(10) COLLATE utf8mb4_unicode_ci DEFAULT NULL COMMENT '对象类型',
  `pre_owner_user_id` varchar(128) COLLATE utf8mb4_unicode_ci DEFAULT NULL COMMENT '上一负责人',
  `post_owner_user_id` varchar(128) COLLATE utf8mb4_unicode_ci DEFAULT NULL COMMENT '接手负责人',
  `created_time` varchar(19) COLLATE utf8mb4_unicode_ci DEFAULT NULL COMMENT '创建时间',
  PRIMARY KEY (`record_id`)
) ENGINE=InnoDB DEFAULT CHARSET=utf8mb4 COLLATE=utf8mb4_unicode_ci COMMENT='负责人变更记录表';
/*!40101 SET character_set_client = @saved_cs_client */;

--
-- Dumping data for table `st01_crm_owner_record`
--

LOCK TABLES `st01_crm_owner_record` WRITE;
/*!40000 ALTER TABLE `st01_crm_owner_record` DISABLE KEYS */;
/*!40000 ALTER TABLE `st01_crm_owner_record` ENABLE KEYS */;
UNLOCK TABLES;

--
-- Table structure for table `st01_crm_product`
--

DROP TABLE IF EXISTS `st01_crm_product`;
/*!40101 SET @saved_cs_client     = @@character_set_client */;
/*!50503 SET character_set_client = utf8mb4 */;
CREATE TABLE `st01_crm_product` (
  `product_id` varchar(128) COLLATE utf8mb4_unicode_ci NOT NULL,
  `product_name` varchar(256) COLLATE utf8mb4_unicode_ci DEFAULT NULL COMMENT '产品名称',
  `num` varchar(128) COLLATE utf8mb4_unicode_ci DEFAULT NULL COMMENT '产品编码',
  `unit` varchar(10) COLLATE utf8mb4_unicode_ci DEFAULT NULL COMMENT '单位',
  `price` decimal(18,2) DEFAULT NULL COMMENT '价格',
  `status` varchar(10) COLLATE utf8mb4_unicode_ci DEFAULT '0' COMMENT '状态;1 上架 0 下架 3 删除',
  `category_id` varchar(128) COLLATE utf8mb4_unicode_ci DEFAULT NULL COMMENT '产品分类ID',
  `description` varchar(512) COLLATE utf8mb4_unicode_ci DEFAULT NULL COMMENT '产品描述',
  `created_by` varchar(128) COLLATE utf8mb4_unicode_ci DEFAULT NULL COMMENT '创建人',
  `updated_by` varchar(128) COLLATE utf8mb4_unicode_ci DEFAULT NULL COMMENT '更新人',
  `create_time` varchar(19) COLLATE utf8mb4_unicode_ci DEFAULT NULL COMMENT '创建时间',
  `update_time` varchar(19) COLLATE utf8mb4_unicode_ci DEFAULT NULL COMMENT '更新时间',
  PRIMARY KEY (`product_id`)
) ENGINE=InnoDB DEFAULT CHARSET=utf8mb4 COLLATE=utf8mb4_unicode_ci COMMENT='产品表';
/*!40101 SET character_set_client = @saved_cs_client */;

--
-- Dumping data for table `st01_crm_product`
--

LOCK TABLES `st01_crm_product` WRITE;
/*!40000 ALTER TABLE `st01_crm_product` DISABLE KEYS */;
INSERT INTO `st01_crm_product` (`product_id`, `product_name`, `num`, `unit`, `price`, `status`, `category_id`, `description`, `created_by`, `updated_by`, `create_time`, `update_time`) VALUES ('820792699438104577','测试1','2345234','个',234.00,'1','820782723508428802',NULL,'admin',NULL,NULL,NULL);
/*!40000 ALTER TABLE `st01_crm_product` ENABLE KEYS */;
UNLOCK TABLES;

--
-- Table structure for table `st01_crm_product_category`
--

DROP TABLE IF EXISTS `st01_crm_product_category`;
/*!40101 SET @saved_cs_client     = @@character_set_client */;
/*!50503 SET character_set_client = utf8mb4 */;
CREATE TABLE `st01_crm_product_category` (
  `category_id` varchar(128) COLLATE utf8mb4_unicode_ci NOT NULL,
  `category_name` varchar(200) COLLATE utf8mb4_unicode_ci DEFAULT NULL,
  `sort` varchar(10) COLLATE utf8mb4_unicode_ci DEFAULT '0',
  `created_by` varchar(32) COLLATE utf8mb4_unicode_ci DEFAULT NULL COMMENT '创建人',
  `created_time` varchar(19) COLLATE utf8mb4_unicode_ci DEFAULT NULL COMMENT '创建时间',
  `updated_by` varchar(32) COLLATE utf8mb4_unicode_ci DEFAULT NULL COMMENT '更新人',
  `updated_time` varchar(19) COLLATE utf8mb4_unicode_ci DEFAULT NULL COMMENT '更新时间',
  PRIMARY KEY (`category_id`)
) ENGINE=InnoDB DEFAULT CHARSET=utf8mb4 COLLATE=utf8mb4_unicode_ci COMMENT='产品分类表';
/*!40101 SET character_set_client = @saved_cs_client */;

--
-- Dumping data for table `st01_crm_product_category`
--

LOCK TABLES `st01_crm_product_category` WRITE;
/*!40000 ALTER TABLE `st01_crm_product_category` DISABLE KEYS */;
INSERT INTO `st01_crm_product_category` (`category_id`, `category_name`, `sort`, `created_by`, `created_time`, `updated_by`, `updated_time`) VALUES ('820782723508428802','测试2','1','admin','2024-05-11 20:30:28',NULL,NULL),('820782828668018690','测试1','2','admin','2024-05-11 20:30:53',NULL,NULL);
/*!40000 ALTER TABLE `st01_crm_product_category` ENABLE KEYS */;
UNLOCK TABLES;

--
-- Table structure for table `st01_crm_receivables`
--

DROP TABLE IF EXISTS `st01_crm_receivables`;
/*!40101 SET @saved_cs_client     = @@character_set_client */;
/*!50503 SET character_set_client = utf8mb4 */;
CREATE TABLE `st01_crm_receivables` (
  `receivables_id` varchar(128) COLLATE utf8mb4_unicode_ci NOT NULL COMMENT '回款ID',
  `number` varchar(128) COLLATE utf8mb4_unicode_ci DEFAULT NULL COMMENT '回款编号',
  `plan_id` varchar(128) COLLATE utf8mb4_unicode_ci DEFAULT NULL COMMENT '回款计划ID',
  `customer_id` varchar(128) COLLATE utf8mb4_unicode_ci DEFAULT NULL COMMENT '客户ID',
  `contract_id` varchar(128) COLLATE utf8mb4_unicode_ci DEFAULT NULL COMMENT '合同ID',
  `return_time` varchar(19) COLLATE utf8mb4_unicode_ci DEFAULT NULL COMMENT '回款日期',
  `return_type` varchar(10) COLLATE utf8mb4_unicode_ci DEFAULT NULL COMMENT '回款方式',
  `money` decimal(18,2) DEFAULT NULL COMMENT '回款金额',
  `remark` varchar(500) COLLATE utf8mb4_unicode_ci DEFAULT NULL COMMENT '备注',
  `check_status` varchar(10) COLLATE utf8mb4_unicode_ci DEFAULT NULL COMMENT '状态;0 未审核 1 审核通过 2 审核拒绝 3 审核中 4 已撤回',
  `examine_record_id` varchar(128) COLLATE utf8mb4_unicode_ci DEFAULT NULL COMMENT '审核记录ID',
  `created_by` varchar(128) COLLATE utf8mb4_unicode_ci DEFAULT NULL COMMENT '创建人',
  `owner_user_id` varchar(128) COLLATE utf8mb4_unicode_ci DEFAULT NULL COMMENT '负责人',
  `created_time` varchar(19) COLLATE utf8mb4_unicode_ci DEFAULT NULL COMMENT '创建时间',
  `updated_by` varchar(128) COLLATE utf8mb4_unicode_ci DEFAULT NULL COMMENT '更新人',
  `updated_time` varchar(19) COLLATE utf8mb4_unicode_ci DEFAULT NULL COMMENT '更新时间',
  PRIMARY KEY (`receivables_id`)
) ENGINE=InnoDB DEFAULT CHARSET=utf8mb4 COLLATE=utf8mb4_unicode_ci COMMENT='回款表';
/*!40101 SET character_set_client = @saved_cs_client */;

--
-- Dumping data for table `st01_crm_receivables`
--

LOCK TABLES `st01_crm_receivables` WRITE;
/*!40000 ALTER TABLE `st01_crm_receivables` DISABLE KEYS */;
/*!40000 ALTER TABLE `st01_crm_receivables` ENABLE KEYS */;
UNLOCK TABLES;

--
-- Table structure for table `st01_crm_receivables_plan`
--

DROP TABLE IF EXISTS `st01_crm_receivables_plan`;
/*!40101 SET @saved_cs_client     = @@character_set_client */;
/*!50503 SET character_set_client = utf8mb4 */;
CREATE TABLE `st01_crm_receivables_plan` (
  `plan_id` varchar(128) COLLATE utf8mb4_unicode_ci NOT NULL COMMENT '回款计划ID',
  `num` varchar(10) COLLATE utf8mb4_unicode_ci DEFAULT NULL COMMENT '期数',
  `receivables_id` varchar(128) COLLATE utf8mb4_unicode_ci DEFAULT NULL COMMENT '回款ID',
  `contract_id` varchar(128) COLLATE utf8mb4_unicode_ci DEFAULT NULL COMMENT '合同ID',
  `customer_id` varchar(128) COLLATE utf8mb4_unicode_ci DEFAULT NULL COMMENT '客户ID',
  `status` varchar(10) COLLATE utf8mb4_unicode_ci DEFAULT NULL COMMENT '状态;1完成 0 未完成',
  `money` decimal(18,2) DEFAULT NULL COMMENT '计划回款金额',
  `return_date` varchar(10) COLLATE utf8mb4_unicode_ci DEFAULT NULL COMMENT '计划回款日期',
  `return_type` varchar(256) COLLATE utf8mb4_unicode_ci DEFAULT NULL COMMENT '计划回款方式;1：支付宝2：微信3：银行卡转账4：对公转账5：支票6：现金7：其他',
  `remind` varchar(10) COLLATE utf8mb4_unicode_ci DEFAULT NULL COMMENT '提前几天提醒;1：提前一天2：提前两天3：提前五天4：提前七天',
  `remind_date` varchar(19) COLLATE utf8mb4_unicode_ci DEFAULT NULL COMMENT '提醒日期',
  `remark` varchar(500) COLLATE utf8mb4_unicode_ci DEFAULT NULL COMMENT '备注',
  `created_by` varchar(128) COLLATE utf8mb4_unicode_ci DEFAULT NULL COMMENT '创建人',
  `owner_user_id` varchar(128) COLLATE utf8mb4_unicode_ci DEFAULT NULL COMMENT '负责人',
  `created_time` varchar(19) COLLATE utf8mb4_unicode_ci DEFAULT NULL COMMENT '创建时间',
  `updated_by` varchar(128) COLLATE utf8mb4_unicode_ci DEFAULT NULL COMMENT '更新人',
  `updated_time` varchar(19) COLLATE utf8mb4_unicode_ci DEFAULT NULL COMMENT '更新时间',
  PRIMARY KEY (`plan_id`)
) ENGINE=InnoDB DEFAULT CHARSET=utf8mb4 COLLATE=utf8mb4_unicode_ci COMMENT='回款计划表';
/*!40101 SET character_set_client = @saved_cs_client */;

--
-- Dumping data for table `st01_crm_receivables_plan`
--

LOCK TABLES `st01_crm_receivables_plan` WRITE;
/*!40000 ALTER TABLE `st01_crm_receivables_plan` DISABLE KEYS */;
/*!40000 ALTER TABLE `st01_crm_receivables_plan` ENABLE KEYS */;
UNLOCK TABLES;

--
-- Table structure for table `st01_crm_record`
--

DROP TABLE IF EXISTS `st01_crm_record`;
/*!40101 SET @saved_cs_client     = @@character_set_client */;
/*!50503 SET character_set_client = utf8mb4 */;
CREATE TABLE `st01_crm_record` (
  `record_id` varchar(128) COLLATE utf8mb4_unicode_ci NOT NULL,
  `types` varchar(10) COLLATE utf8mb4_unicode_ci DEFAULT NULL COMMENT '关联类型;1:商机2：合同3：回款计划4：汇款单',
  `types_id` varchar(10) COLLATE utf8mb4_unicode_ci DEFAULT NULL COMMENT '类型ID',
  `content` varchar(1000) COLLATE utf8mb4_unicode_ci DEFAULT NULL COMMENT '跟进内容',
  `category` varchar(10) COLLATE utf8mb4_unicode_ci DEFAULT NULL COMMENT '跟进类型;1：外出拜访2：客户面谈3：客户来电4：客户来访5：在线交流6：发送资料7：售后回访8：方案整理9：其他方面',
  `business_ids` varchar(128) COLLATE utf8mb4_unicode_ci DEFAULT NULL COMMENT '商机ID',
  `contacts_ids` varchar(128) COLLATE utf8mb4_unicode_ci DEFAULT NULL COMMENT '联系人ID',
  `customer_id` varchar(255) COLLATE utf8mb4_unicode_ci DEFAULT NULL COMMENT '客户ID',
  `next_time` varchar(19) COLLATE utf8mb4_unicode_ci DEFAULT NULL COMMENT '下次联系时间',
  `record_time` varchar(19) COLLATE utf8mb4_unicode_ci DEFAULT NULL COMMENT '本次跟进时间',
  `created_time` varchar(19) COLLATE utf8mb4_unicode_ci DEFAULT NULL COMMENT '创建时间',
  `updated_time` varchar(19) COLLATE utf8mb4_unicode_ci DEFAULT NULL COMMENT '更新时间',
  `updated_by` varchar(128) COLLATE utf8mb4_unicode_ci DEFAULT NULL COMMENT '更新人',
  `created_by` varchar(128) COLLATE utf8mb4_unicode_ci DEFAULT NULL COMMENT '创建人',
  PRIMARY KEY (`record_id`)
) ENGINE=InnoDB DEFAULT CHARSET=utf8mb4 COLLATE=utf8mb4_unicode_ci COMMENT='跟进记录';
/*!40101 SET character_set_client = @saved_cs_client */;

--
-- Dumping data for table `st01_crm_record`
--

LOCK TABLES `st01_crm_record` WRITE;
/*!40000 ALTER TABLE `st01_crm_record` DISABLE KEYS */;
INSERT INTO `st01_crm_record` (`record_id`, `types`, `types_id`, `content`, `category`, `business_ids`, `contacts_ids`, `customer_id`, `next_time`, `record_time`, `created_time`, `updated_time`, `updated_by`, `created_by`) VALUES ('818989096843038722',NULL,NULL,'测试发送到发送到水电费水电费是山东富硕光电','2',NULL,NULL,NULL,'2024-05-31 00:00:00','2024-05-15 00:00:00','2024-05-06 21:43:14',NULL,NULL,'admin'),('819170109590306818',NULL,NULL,'测试森岛帆高森岛帆高','4',NULL,NULL,NULL,'2024-05-30 00:00:00','2024-05-23 00:00:00','2024-05-07 09:42:31',NULL,NULL,'admin'),('819184383620517890',NULL,NULL,'测试','3',NULL,NULL,'11','2024-05-30 00:00:00','2024-05-22 00:00:00','2024-05-07 10:39:14',NULL,NULL,'admin');
/*!40000 ALTER TABLE `st01_crm_record` ENABLE KEYS */;
UNLOCK TABLES;

--
-- Table structure for table `sys_area`
--

DROP TABLE IF EXISTS `sys_area`;
/*!40101 SET @saved_cs_client     = @@character_set_client */;
/*!50503 SET character_set_client = utf8mb4 */;
CREATE TABLE `sys_area` (
  `id` int(11) NOT NULL COMMENT '区域主键',
  `name` varchar(40) DEFAULT NULL COMMENT '区域名称',
  `pid` int(11) DEFAULT NULL COMMENT '区域上级标识',
  `sname` varchar(40) DEFAULT NULL COMMENT '地名简称',
  `level` int(11) DEFAULT NULL COMMENT '区域等级',
  `citycode` varchar(20) DEFAULT NULL COMMENT '区域编码',
  `yzcode` varchar(20) DEFAULT NULL COMMENT '邮政编码',
  `Lng` float DEFAULT NULL COMMENT '经度',
  `Lat` float DEFAULT NULL COMMENT '维度',
  `pinyin` varchar(100) DEFAULT NULL COMMENT '拼音',
  `mername` varchar(100) DEFAULT NULL COMMENT '组合名称',
  PRIMARY KEY (`id`),
  KEY `AREA_PID_INDEX` (`pid`),
  KEY `sdsf` (`mername`)
) ENGINE=InnoDB DEFAULT CHARSET=utf8mb4 COMMENT='中国标准行政区表';
/*!40101 SET character_set_client = @saved_cs_client */;

--
-- Dumping data for table `sys_area`
--

LOCK TABLES `sys_area` WRITE;
/*!40000 ALTER TABLE `sys_area` DISABLE KEYS */;
INSERT INTO `sys_area` (`id`, `name`, `pid`, `sname`, `level`, `citycode`, `yzcode`, `Lng`, `Lat`, `pinyin`, `mername`) VALUES (100000,'中国',0,'中国',0,'','',116.368,39.9151,'China',NULL),(110000,'北京',100000,'北京',1,'','',116.405,39.905,'Beijing',NULL),(110100,'北京市',110000,'北京',2,'010','100000',116.405,39.905,'Beijing',NULL),(110101,'东城区',110100,'东城',3,'010','100010',116.41,39.9316,'Dongcheng',NULL),(110102,'西城区',110100,'西城',3,'010','100032',116.36,39.9305,'Xicheng',NULL),(110105,'朝阳区',110100,'朝阳',3,'010','100020',116.485,39.9484,'Chaoyang',NULL),(110106,'丰台区',110100,'丰台',3,'010','100071',116.286,39.8585,'Fengtai',NULL),(110107,'石景山区',110100,'石景山',3,'010','100043',116.223,39.9056,'Shijingshan',NULL),(110108,'海淀区',110100,'海淀',3,'010','100089',116.298,39.9593,'Haidian',NULL),(110109,'门头沟区',110100,'门头沟',3,'010','102300',116.101,39.9404,'Mentougou',NULL),(110111,'房山区',110100,'房山',3,'010','102488',116.143,39.7479,'Fangshan',NULL),(110112,'通州区',110100,'通州',3,'010','101149',116.657,39.9097,'Tongzhou',NULL),(110113,'顺义区',110100,'顺义',3,'010','101300',116.654,40.1302,'Shunyi',NULL),(110114,'昌平区',110100,'昌平',3,'010','102200',116.231,40.2207,'Changping',NULL),(110115,'大兴区',110100,'大兴',3,'010','102600',116.341,39.7267,'Daxing',NULL),(110116,'怀柔区',110100,'怀柔',3,'010','101400',116.632,40.316,'Huairou',NULL),(110117,'平谷区',110100,'平谷',3,'010','101200',117.121,40.1406,'Pinggu',NULL),(110228,'密云县',110100,'密云',3,'010','101500',116.843,40.3762,'Miyun',NULL),(110229,'延庆县',110100,'延庆',3,'010','102100',115.975,40.4567,'Yanqing',NULL),(120000,'天津',100000,'天津',1,'','',117.19,39.1256,'Tianjin',NULL),(120100,'天津市',120000,'天津',2,'022','300000',117.19,39.1256,'Tianjin',NULL),(120101,'和平区',120100,'和平',3,'022','300041',117.215,39.1172,'Heping',NULL),(120102,'河东区',120100,'河东',3,'022','300171',117.226,39.1232,'Hedong',NULL),(120103,'河西区',120100,'河西',3,'022','300202',117.223,39.1096,'Hexi',NULL),(120104,'南开区',120100,'南开',3,'022','300110',117.151,39.1382,'Nankai',NULL),(120105,'河北区',120100,'河北',3,'022','300143',117.197,39.1482,'Hebei',NULL),(120106,'红桥区',120100,'红桥',3,'022','300131',117.151,39.1671,'Hongqiao',NULL),(120110,'东丽区',120100,'东丽',3,'022','300300',117.314,39.0863,'Dongli',NULL),(120111,'西青区',120100,'西青',3,'022','300380',117.009,39.1412,'Xiqing',NULL),(120112,'津南区',120100,'津南',3,'022','300350',117.385,38.9914,'Jinnan',NULL),(120113,'北辰区',120100,'北辰',3,'022','300400',117.132,39.2213,'Beichen',NULL),(120114,'武清区',120100,'武清',3,'022','301700',117.044,39.3842,'Wuqing',NULL),(120115,'宝坻区',120100,'宝坻',3,'022','301800',117.31,39.7176,'Baodi',NULL),(120116,'滨海新区',120100,'滨海新区',3,'022','300451',117.702,39.0267,'Binhaixinqu',NULL),(120221,'宁河县',120100,'宁河',3,'022','301500',117.826,39.3305,'Ninghe',NULL),(120223,'静海县',120100,'静海',3,'022','301600',116.974,38.9458,'Jinghai',NULL),(120225,'蓟县',120100,'蓟县',3,'022','301900',117.408,40.0457,'Jixian',NULL),(130000,'河北省',100000,'河北',1,'','',114.502,38.0455,'Hebei',NULL),(130100,'石家庄市',130000,'石家庄',2,'0311','050011',114.502,38.0455,'Shijiazhuang',NULL),(130102,'长安区',130100,'长安',3,'0311','050011',114.539,38.0367,'Chang\'an',NULL),(130104,'桥西区',130100,'桥西',3,'0311','050091',114.47,38.0322,'Qiaoxi',NULL),(130105,'新华区',130100,'新华',3,'0311','050051',114.463,38.0509,'Xinhua',NULL),(130107,'井陉矿区',130100,'井陉矿区',3,'0311','050100',114.065,38.0671,'Jingxingkuangqu',NULL),(130108,'裕华区',130100,'裕华',3,'0311','050031',114.531,38.006,'Yuhua',NULL),(130109,'藁城区',130100,'藁城',3,'0311','052160',114.847,38.0216,'Gaocheng',NULL),(130110,'鹿泉区',130100,'鹿泉',3,'0311','050200',114.313,38.0878,'Luquan',NULL),(130111,'栾城区',130100,'栾城',3,'0311','051430',114.648,37.9002,'Luancheng',NULL),(130121,'井陉县',130100,'井陉',3,'0311','050300',114.143,38.0369,'Jingxing',NULL),(130123,'正定县',130100,'正定',3,'0311','050800',114.573,38.1445,'Zhengding',NULL),(130125,'行唐县',130100,'行唐',3,'0311','050600',114.553,38.4365,'Xingtang',NULL),(130126,'灵寿县',130100,'灵寿',3,'0311','050500',114.383,38.3084,'Lingshou',NULL),(130127,'高邑县',130100,'高邑',3,'0311','051330',114.611,37.6156,'Gaoyi',NULL),(130128,'深泽县',130100,'深泽',3,'0311','052560',115.204,38.1835,'Shenze',NULL),(130129,'赞皇县',130100,'赞皇',3,'0311','051230',114.388,37.6614,'Zanhuang',NULL),(130130,'无极县',130100,'无极',3,'0311','052460',114.975,38.1765,'Wuji',NULL),(130131,'平山县',130100,'平山',3,'0311','050400',114.186,38.2599,'Pingshan',NULL),(130132,'元氏县',130100,'元氏',3,'0311','051130',114.525,37.7667,'Yuanshi',NULL),(130133,'赵县',130100,'赵县',3,'0311','051530',114.776,37.7563,'Zhaoxian',NULL),(130181,'辛集市',130100,'辛集',3,'0311','052360',115.206,37.9408,'Xinji',NULL),(130183,'晋州市',130100,'晋州',3,'0311','052260',115.043,38.0313,'Jinzhou',NULL),(130184,'新乐市',130100,'新乐',3,'0311','050700',114.69,38.3442,'Xinle',NULL),(130200,'唐山市',130000,'唐山',2,'0315','063000',118.175,39.6351,'Tangshan',NULL),(130202,'路南区',130200,'路南',3,'0315','063000',118.154,39.625,'Lunan',NULL),(130203,'路北区',130200,'路北',3,'0315','063000',118.201,39.6244,'Lubei',NULL),(130204,'古冶区',130200,'古冶',3,'0315','063100',118.458,39.7199,'Guye',NULL),(130205,'开平区',130200,'开平',3,'0315','063021',118.262,39.6713,'Kaiping',NULL),(130207,'丰南区',130200,'丰南',3,'0315','063300',118.113,39.5648,'Fengnan',NULL),(130208,'丰润区',130200,'丰润',3,'0315','064000',118.13,39.8244,'Fengrun',NULL),(130209,'曹妃甸区',130200,'曹妃甸',3,'0315','063200',118.46,39.2731,'Caofeidian',NULL),(130223,'滦县',130200,'滦县',3,'0315','063700',118.703,39.7406,'Luanxian',NULL),(130224,'滦南县',130200,'滦南',3,'0315','063500',118.674,39.5039,'Luannan',NULL),(130225,'乐亭县',130200,'乐亭',3,'0315','063600',118.912,39.4256,'Laoting',NULL),(130227,'迁西县',130200,'迁西',3,'0315','064300',118.316,40.1459,'Qianxi',NULL),(130229,'玉田县',130200,'玉田',3,'0315','064100',117.739,39.9005,'Yutian',NULL),(130281,'遵化市',130200,'遵化',3,'0315','064200',117.964,40.1874,'Zunhua',NULL),(130283,'迁安市',130200,'迁安',3,'0315','064400',118.701,39.9983,'Qian\'an',NULL),(130300,'秦皇岛市',130000,'秦皇岛',2,'0335','066000',119.587,39.9425,'Qinhuangdao',NULL),(130302,'海港区',130300,'海港',3,'0335','066000',119.61,39.9345,'Haigang',NULL),(130303,'山海关区',130300,'山海关',3,'0335','066200',119.776,39.9787,'Shanhaiguan',NULL),(130304,'北戴河区',130300,'北戴河',3,'0335','066100',119.484,39.8341,'Beidaihe',NULL),(130321,'青龙满族自治县',130300,'青龙',3,'0335','066500',118.952,40.4074,'Qinglong',NULL),(130322,'昌黎县',130300,'昌黎',3,'0335','066600',119.166,39.7088,'Changli',NULL),(130323,'抚宁县',130300,'抚宁',3,'0335','066300',119.245,39.8754,'Funing',NULL),(130324,'卢龙县',130300,'卢龙',3,'0335','066400',118.893,39.8918,'Lulong',NULL),(130400,'邯郸市',130000,'邯郸',2,'0310','056002',114.491,36.6123,'Handan',NULL),(130402,'邯山区',130400,'邯山',3,'0310','056001',114.484,36.6001,'Hanshan',NULL),(130403,'丛台区',130400,'丛台',3,'0310','056002',114.493,36.6185,'Congtai',NULL),(130404,'复兴区',130400,'复兴',3,'0310','056003',114.459,36.6113,'Fuxing',NULL),(130406,'峰峰矿区',130400,'峰峰矿区',3,'0310','056200',114.211,36.4194,'Fengfengkuangqu',NULL),(130421,'邯郸县',130400,'邯郸',3,'0310','056101',114.531,36.5938,'Handan',NULL),(130423,'临漳县',130400,'临漳',3,'0310','056600',114.619,36.3346,'Linzhang',NULL),(130424,'成安县',130400,'成安',3,'0310','056700',114.67,36.4441,'Cheng\'an',NULL),(130425,'大名县',130400,'大名',3,'0310','056900',115.154,36.2799,'Daming',NULL),(130426,'涉县',130400,'涉县',3,'0310','056400',113.692,36.5807,'Shexian',NULL),(130427,'磁县',130400,'磁县',3,'0310','056500',114.374,36.3739,'Cixian',NULL),(130428,'肥乡县',130400,'肥乡',3,'0310','057550',114.8,36.5481,'Feixiang',NULL),(130429,'永年县',130400,'永年',3,'0310','057150',114.489,36.7836,'Yongnian',NULL),(130430,'邱县',130400,'邱县',3,'0310','057450',115.174,36.8208,'Qiuxian',NULL),(130431,'鸡泽县',130400,'鸡泽',3,'0310','057350',114.874,36.9237,'Jize',NULL),(130432,'广平县',130400,'广平',3,'0310','057650',114.947,36.4805,'Guangping',NULL),(130433,'馆陶县',130400,'馆陶',3,'0310','057750',115.299,36.5372,'Guantao',NULL),(130434,'魏县',130400,'魏县',3,'0310','056800',114.935,36.3617,'Weixian',NULL),(130435,'曲周县',130400,'曲周',3,'0310','057250',114.952,36.7767,'Quzhou',NULL),(130481,'武安市',130400,'武安',3,'0310','056300',114.202,36.6928,'Wu\'an',NULL),(130500,'邢台市',130000,'邢台',2,'0319','054001',114.509,37.0682,'Xingtai',NULL),(130502,'桥东区',130500,'桥东',3,'0319','054001',114.507,37.068,'Qiaodong',NULL),(130503,'桥西区',130500,'桥西',3,'0319','054000',114.468,37.0598,'Qiaoxi',NULL),(130521,'邢台县',130500,'邢台',3,'0319','054001',114.566,37.0456,'Xingtai',NULL),(130522,'临城县',130500,'临城',3,'0319','054300',114.504,37.4398,'Lincheng',NULL),(130523,'内丘县',130500,'内丘',3,'0319','054200',114.512,37.2867,'Neiqiu',NULL),(130524,'柏乡县',130500,'柏乡',3,'0319','055450',114.693,37.4824,'Baixiang',NULL),(130525,'隆尧县',130500,'隆尧',3,'0319','055350',114.776,37.3535,'Longyao',NULL),(130526,'任县',130500,'任县',3,'0319','055150',114.684,37.1258,'Renxian',NULL),(130527,'南和县',130500,'南和',3,'0319','054400',114.684,37.0049,'Nanhe',NULL),(130528,'宁晋县',130500,'宁晋',3,'0319','055550',114.921,37.617,'Ningjin',NULL),(130529,'巨鹿县',130500,'巨鹿',3,'0319','055250',115.035,37.218,'Julu',NULL),(130530,'新河县',130500,'新河',3,'0319','055650',115.25,37.5272,'Xinhe',NULL),(130531,'广宗县',130500,'广宗',3,'0319','054600',115.143,37.0746,'Guangzong',NULL),(130532,'平乡县',130500,'平乡',3,'0319','054500',115.03,37.0632,'Pingxiang',NULL),(130533,'威县',130500,'威县',3,'0319','054700',115.264,36.9768,'Weixian',NULL),(130534,'清河县',130500,'清河',3,'0319','054800',115.665,37.0712,'Qinghe',NULL),(130535,'临西县',130500,'临西',3,'0319','054900',115.501,36.8708,'Linxi',NULL),(130581,'南宫市',130500,'南宫',3,'0319','055750',115.391,37.358,'Nangong',NULL),(130582,'沙河市',130500,'沙河',3,'0319','054100',114.498,36.8577,'Shahe',NULL),(130600,'保定市',130000,'保定',2,'0312','071052',115.482,38.8677,'Baoding',NULL),(130602,'新市区',130600,'新市',3,'0312','071051',115.459,38.8775,'Xinshi',NULL),(130603,'北市区',130600,'北市',3,'0312','071000',115.497,38.8832,'Beishi',NULL),(130604,'南市区',130600,'南市',3,'0312','071001',115.529,38.8545,'Nanshi',NULL),(130621,'满城县',130600,'满城',3,'0312','072150',115.323,38.9497,'Mancheng',NULL),(130622,'清苑县',130600,'清苑',3,'0312','071100',115.493,38.7671,'Qingyuan',NULL),(130623,'涞水县',130600,'涞水',3,'0312','074100',115.715,39.394,'Laishui',NULL),(130624,'阜平县',130600,'阜平',3,'0312','073200',114.197,38.8476,'Fuping',NULL),(130625,'徐水县',130600,'徐水',3,'0312','072550',115.658,39.021,'Xushui',NULL),(130626,'定兴县',130600,'定兴',3,'0312','072650',115.808,39.2631,'Dingxing',NULL),(130627,'唐县',130600,'唐县',3,'0312','072350',114.985,38.7451,'Tangxian',NULL),(130628,'高阳县',130600,'高阳',3,'0312','071500',115.779,38.7,'Gaoyang',NULL),(130629,'容城县',130600,'容城',3,'0312','071700',115.872,39.0535,'Rongcheng',NULL),(130630,'涞源县',130600,'涞源',3,'0312','074300',114.691,39.3539,'Laiyuan',NULL),(130631,'望都县',130600,'望都',3,'0312','072450',115.157,38.71,'Wangdu',NULL),(130632,'安新县',130600,'安新',3,'0312','071600',115.936,38.9353,'Anxin',NULL),(130633,'易县',130600,'易县',3,'0312','074200',115.498,39.3489,'Yixian',NULL),(130634,'曲阳县',130600,'曲阳',3,'0312','073100',114.701,38.6215,'Quyang',NULL),(130635,'蠡县',130600,'蠡县',3,'0312','071400',115.577,38.4897,'Lixian',NULL),(130636,'顺平县',130600,'顺平',3,'0312','072250',115.135,38.8385,'Shunping',NULL),(130637,'博野县',130600,'博野',3,'0312','071300',115.47,38.4564,'Boye',NULL),(130638,'雄县',130600,'雄县',3,'0312','071800',116.109,38.9944,'Xiongxian',NULL),(130681,'涿州市',130600,'涿州',3,'0312','072750',115.981,39.4862,'Zhuozhou',NULL),(130682,'定州市',130600,'定州',3,'0312','073000',114.99,38.5162,'Dingzhou',NULL),(130683,'安国市',130600,'安国',3,'0312','071200',115.323,38.4139,'Anguo',NULL),(130684,'高碑店市',130600,'高碑店',3,'0312','074000',115.874,39.3265,'Gaobeidian',NULL),(130700,'张家口市',130000,'张家口',2,'0313','075000',114.884,40.8119,'Zhangjiakou',NULL),(130702,'桥东区',130700,'桥东',3,'0313','075000',114.894,40.7884,'Qiaodong',NULL),(130703,'桥西区',130700,'桥西',3,'0313','075061',114.87,40.8195,'Qiaoxi',NULL),(130705,'宣化区',130700,'宣化',3,'0313','075100',115.065,40.6096,'Xuanhua',NULL),(130706,'下花园区',130700,'下花园',3,'0313','075300',115.287,40.5024,'Xiahuayuan',NULL),(130721,'宣化县',130700,'宣化',3,'0313','075100',115.155,40.5662,'Xuanhua',NULL),(130722,'张北县',130700,'张北',3,'0313','076450',114.714,41.1598,'Zhangbei',NULL),(130723,'康保县',130700,'康保',3,'0313','076650',114.6,41.8522,'Kangbao',NULL),(130724,'沽源县',130700,'沽源',3,'0313','076550',115.689,41.6696,'Guyuan',NULL),(130725,'尚义县',130700,'尚义',3,'0313','076750',113.971,41.0778,'Shangyi',NULL),(130726,'蔚县',130700,'蔚县',3,'0313','075700',114.589,39.8407,'Yuxian',NULL),(130727,'阳原县',130700,'阳原',3,'0313','075800',114.151,40.1036,'Yangyuan',NULL),(130728,'怀安县',130700,'怀安',3,'0313','076150',114.386,40.6743,'Huai\'an',NULL),(130729,'万全县',130700,'万全',3,'0313','076250',114.741,40.7669,'Wanquan',NULL),(130730,'怀来县',130700,'怀来',3,'0313','075400',115.518,40.4154,'Huailai',NULL),(130731,'涿鹿县',130700,'涿鹿',3,'0313','075600',115.224,40.3764,'Zhuolu',NULL),(130732,'赤城县',130700,'赤城',3,'0313','075500',115.832,40.9144,'Chicheng',NULL),(130733,'崇礼县',130700,'崇礼',3,'0313','076350',115.28,40.9752,'Chongli',NULL),(130800,'承德市',130000,'承德',2,'0314','067000',117.939,40.9762,'Chengde',NULL),(130802,'双桥区',130800,'双桥',3,'0314','067000',117.943,40.9747,'Shuangqiao',NULL),(130803,'双滦区',130800,'双滦',3,'0314','067001',117.745,40.9538,'Shuangluan',NULL),(130804,'鹰手营子矿区',130800,'鹰手营子矿区',3,'0314','067200',117.66,40.5474,'Yingshouyingzikuangqu',NULL),(130821,'承德县',130800,'承德',3,'0314','067400',118.176,40.7699,'Chengde',NULL),(130822,'兴隆县',130800,'兴隆',3,'0314','067300',117.501,40.4171,'Xinglong',NULL),(130823,'平泉县',130800,'平泉',3,'0314','067500',118.702,41.0184,'Pingquan',NULL),(130824,'滦平县',130800,'滦平',3,'0314','068250',117.333,40.9415,'Luanping',NULL),(130825,'隆化县',130800,'隆化',3,'0314','068150',117.73,41.3141,'Longhua',NULL),(130826,'丰宁满族自治县',130800,'丰宁',3,'0314','068350',116.649,41.2048,'Fengning',NULL),(130827,'宽城满族自治县',130800,'宽城',3,'0314','067600',118.492,40.6083,'Kuancheng',NULL),(130828,'围场满族蒙古族自治县',130800,'围场',3,'0314','068450',117.76,41.9437,'Weichang',NULL),(130900,'沧州市',130000,'沧州',2,'0317','061001',116.857,38.3106,'Cangzhou',NULL),(130902,'新华区',130900,'新华',3,'0317','061000',116.866,38.3144,'Xinhua',NULL),(130903,'运河区',130900,'运河',3,'0317','061001',116.857,38.3135,'Yunhe',NULL),(130921,'沧县',130900,'沧县',3,'0317','061000',116.878,38.2936,'Cangxian',NULL),(130922,'青县',130900,'青县',3,'0317','062650',116.803,38.5835,'Qingxian',NULL),(130923,'东光县',130900,'东光',3,'0317','061600',116.537,37.8857,'Dongguang',NULL),(130924,'海兴县',130900,'海兴',3,'0317','061200',117.498,38.1396,'Haixing',NULL),(130925,'盐山县',130900,'盐山',3,'0317','061300',117.231,38.0565,'Yanshan',NULL),(130926,'肃宁县',130900,'肃宁',3,'0317','062350',115.83,38.4227,'Suning',NULL),(130927,'南皮县',130900,'南皮',3,'0317','061500',116.702,38.0411,'Nanpi',NULL),(130928,'吴桥县',130900,'吴桥',3,'0317','061800',116.385,37.6255,'Wuqiao',NULL),(130929,'献县',130900,'献县',3,'0317','062250',116.127,38.1923,'Xianxian',NULL),(130930,'孟村回族自治县',130900,'孟村',3,'0317','061400',117.104,38.0534,'Mengcun',NULL),(130981,'泊头市',130900,'泊头',3,'0317','062150',116.578,38.0836,'Botou',NULL),(130982,'任丘市',130900,'任丘',3,'0317','062550',116.103,38.7112,'Renqiu',NULL),(130983,'黄骅市',130900,'黄骅',3,'0317','061100',117.339,38.3706,'Huanghua',NULL),(130984,'河间市',130900,'河间',3,'0317','062450',116.099,38.4455,'Hejian',NULL),(131000,'廊坊市',130000,'廊坊',2,'0316','065000',116.714,39.5292,'Langfang',NULL),(131002,'安次区',131000,'安次',3,'0316','065000',116.703,39.5206,'Anci',NULL),(131003,'广阳区',131000,'广阳',3,'0316','065000',116.711,39.5228,'Guangyang',NULL),(131022,'固安县',131000,'固安',3,'0316','065500',116.299,39.4383,'Gu\'an',NULL),(131023,'永清县',131000,'永清',3,'0316','065600',116.501,39.3207,'Yongqing',NULL),(131024,'香河县',131000,'香河',3,'0316','065400',117.006,39.7613,'Xianghe',NULL),(131025,'大城县',131000,'大城',3,'0316','065900',116.654,38.7053,'Daicheng',NULL),(131026,'文安县',131000,'文安',3,'0316','065800',116.458,38.8732,'Wen\'an',NULL),(131028,'大厂回族自治县',131000,'大厂',3,'0316','065300',116.989,39.8865,'Dachang',NULL),(131081,'霸州市',131000,'霸州',3,'0316','065700',116.392,39.1257,'Bazhou',NULL),(131082,'三河市',131000,'三河',3,'0316','065200',117.072,39.9836,'Sanhe',NULL),(131100,'衡水市',130000,'衡水',2,'0318','053000',115.666,37.7351,'Hengshui',NULL),(131102,'桃城区',131100,'桃城',3,'0318','053000',115.675,37.735,'Taocheng',NULL),(131121,'枣强县',131100,'枣强',3,'0318','053100',115.726,37.5103,'Zaoqiang',NULL),(131122,'武邑县',131100,'武邑',3,'0318','053400',115.887,37.8018,'Wuyi',NULL),(131123,'武强县',131100,'武强',3,'0318','053300',115.982,38.0414,'Wuqiang',NULL),(131124,'饶阳县',131100,'饶阳',3,'0318','053900',115.726,38.2353,'Raoyang',NULL),(131125,'安平县',131100,'安平',3,'0318','053600',115.519,38.2339,'Anping',NULL),(131126,'故城县',131100,'故城',3,'0318','053800',115.971,37.3477,'Gucheng',NULL),(131127,'景县',131100,'景县',3,'0318','053500',116.269,37.6926,'Jingxian',NULL),(131128,'阜城县',131100,'阜城',3,'0318','053700',116.144,37.8688,'Fucheng',NULL),(131181,'冀州市',131100,'冀州',3,'0318','053200',115.579,37.5508,'Jizhou',NULL),(131182,'深州市',131100,'深州',3,'0318','053800',115.56,38.0011,'Shenzhou',NULL),(140000,'山西省',100000,'山西',1,'','',112.549,37.857,'Shanxi',NULL),(140100,'太原市',140000,'太原',2,'0351','030082',112.549,37.857,'Taiyuan',NULL),(140105,'小店区',140100,'小店',3,'0351','030032',112.569,37.7356,'Xiaodian',NULL),(140106,'迎泽区',140100,'迎泽',3,'0351','030002',112.563,37.8633,'Yingze',NULL),(140107,'杏花岭区',140100,'杏花岭',3,'0351','030009',112.562,37.8843,'Xinghualing',NULL),(140108,'尖草坪区',140100,'尖草坪',3,'0351','030023',112.487,37.9419,'Jiancaoping',NULL),(140109,'万柏林区',140100,'万柏林',3,'0351','030024',112.516,37.8592,'Wanbailin',NULL),(140110,'晋源区',140100,'晋源',3,'0351','030025',112.48,37.7248,'Jinyuan',NULL),(140121,'清徐县',140100,'清徐',3,'0351','030400',112.359,37.6076,'Qingxu',NULL),(140122,'阳曲县',140100,'阳曲',3,'0351','030100',112.679,38.0599,'Yangqu',NULL),(140123,'娄烦县',140100,'娄烦',3,'0351','030300',111.795,38.0669,'Loufan',NULL),(140181,'古交市',140100,'古交',3,'0351','030200',112.169,37.9098,'Gujiao',NULL),(140200,'大同市',140000,'大同',2,'0352','037008',113.295,40.0903,'Datong',NULL),(140202,'城区',140200,'城区',3,'0352','037008',113.298,40.0757,'Chengqu',NULL),(140203,'矿区',140200,'矿区',3,'0352','037003',113.177,40.0368,'Kuangqu',NULL),(140211,'南郊区',140200,'南郊',3,'0352','037001',113.149,40.0054,'Nanjiao',NULL),(140212,'新荣区',140200,'新荣',3,'0352','037002',113.135,40.2562,'Xinrong',NULL),(140221,'阳高县',140200,'阳高',3,'0352','038100',113.75,40.3626,'Yanggao',NULL),(140222,'天镇县',140200,'天镇',3,'0352','038200',114.093,40.423,'Tianzhen',NULL),(140223,'广灵县',140200,'广灵',3,'0352','037500',114.282,39.7608,'Guangling',NULL),(140224,'灵丘县',140200,'灵丘',3,'0352','034400',114.237,39.4404,'Lingqiu',NULL),(140225,'浑源县',140200,'浑源',3,'0352','037400',113.696,39.6996,'Hunyuan',NULL),(140226,'左云县',140200,'左云',3,'0352','037100',112.703,40.0134,'Zuoyun',NULL),(140227,'大同县',140200,'大同',3,'0352','037300',113.612,40.0401,'Datong',NULL),(140300,'阳泉市',140000,'阳泉',2,'0353','045000',113.583,37.8612,'Yangquan',NULL),(140302,'城区',140300,'城区',3,'0353','045000',113.601,37.8474,'Chengqu',NULL),(140303,'矿区',140300,'矿区',3,'0353','045000',113.557,37.8689,'Kuangqu',NULL),(140311,'郊区',140300,'郊区',3,'0353','045011',113.585,37.9414,'Jiaoqu',NULL),(140321,'平定县',140300,'平定',3,'0353','045200',113.658,37.786,'Pingding',NULL),(140322,'盂县',140300,'盂县',3,'0353','045100',113.412,38.0858,'Yuxian',NULL),(140400,'长治市',140000,'长治',2,'0355','046000',113.114,36.1911,'Changzhi',NULL),(140402,'城区',140400,'城区',3,'0355','046011',113.123,36.2035,'Chengqu',NULL),(140411,'郊区',140400,'郊区',3,'0355','046011',113.127,36.1992,'Jiaoqu',NULL),(140421,'长治县',140400,'长治',3,'0355','047100',113.048,36.0472,'Changzhi',NULL),(140423,'襄垣县',140400,'襄垣',3,'0355','046200',113.052,36.5353,'Xiangyuan',NULL),(140424,'屯留县',140400,'屯留',3,'0355','046100',112.892,36.3158,'Tunliu',NULL),(140425,'平顺县',140400,'平顺',3,'0355','047400',113.436,36.2001,'Pingshun',NULL),(140426,'黎城县',140400,'黎城',3,'0355','047600',113.388,36.503,'Licheng',NULL),(140427,'壶关县',140400,'壶关',3,'0355','047300',113.207,36.113,'Huguan',NULL),(140428,'长子县',140400,'长子',3,'0355','046600',112.877,36.1213,'Zhangzi',NULL),(140429,'武乡县',140400,'武乡',3,'0355','046300',112.863,36.8369,'Wuxiang',NULL),(140430,'沁县',140400,'沁县',3,'0355','046400',112.699,36.7563,'Qinxian',NULL),(140431,'沁源县',140400,'沁源',3,'0355','046500',112.338,36.5001,'Qinyuan',NULL),(140481,'潞城市',140400,'潞城',3,'0355','047500',113.229,36.3341,'Lucheng',NULL),(140500,'晋城市',140000,'晋城',2,'0356','048000',112.851,35.4976,'Jincheng',NULL),(140502,'城区',140500,'城区',3,'0356','048000',112.853,35.5018,'Chengqu',NULL),(140521,'沁水县',140500,'沁水',3,'0356','048200',112.187,35.691,'Qinshui',NULL),(140522,'阳城县',140500,'阳城',3,'0356','048100',112.415,35.4861,'Yangcheng',NULL),(140524,'陵川县',140500,'陵川',3,'0356','048300',113.281,35.7753,'Lingchuan',NULL),(140525,'泽州县',140500,'泽州',3,'0356','048012',112.839,35.5079,'Zezhou',NULL),(140581,'高平市',140500,'高平',3,'0356','048400',112.923,35.7971,'Gaoping',NULL),(140600,'朔州市',140000,'朔州',2,'0349','038500',112.433,39.3313,'Shuozhou',NULL),(140602,'朔城区',140600,'朔城',3,'0349','036000',112.432,39.3198,'Shuocheng',NULL),(140603,'平鲁区',140600,'平鲁',3,'0349','038600',112.288,39.5116,'Pinglu',NULL),(140621,'山阴县',140600,'山阴',3,'0349','036900',112.817,39.527,'Shanyin',NULL),(140622,'应县',140600,'应县',3,'0349','037600',113.191,39.5528,'Yingxian',NULL),(140623,'右玉县',140600,'右玉',3,'0349','037200',112.469,39.9901,'Youyu',NULL),(140624,'怀仁县',140600,'怀仁',3,'0349','038300',113.1,39.8281,'Huairen',NULL),(140700,'晋中市',140000,'晋中',2,'0354','030600',112.736,37.6965,'Jinzhong',NULL),(140702,'榆次区',140700,'榆次',3,'0354','030600',112.708,37.6978,'Yuci',NULL),(140721,'榆社县',140700,'榆社',3,'0354','031800',112.976,37.0721,'Yushe',NULL),(140722,'左权县',140700,'左权',3,'0354','032600',113.379,37.0824,'Zuoquan',NULL),(140723,'和顺县',140700,'和顺',3,'0354','032700',113.57,37.3296,'Heshun',NULL),(140724,'昔阳县',140700,'昔阳',3,'0354','045300',113.705,37.6186,'Xiyang',NULL),(140725,'寿阳县',140700,'寿阳',3,'0354','045400',113.175,37.889,'Shouyang',NULL),(140726,'太谷县',140700,'太谷',3,'0354','030800',112.552,37.4216,'Taigu',NULL),(140727,'祁县',140700,'祁县',3,'0354','030900',112.334,37.3579,'Qixian',NULL),(140728,'平遥县',140700,'平遥',3,'0354','031100',112.176,37.1892,'Pingyao',NULL),(140729,'灵石县',140700,'灵石',3,'0354','031300',111.777,36.8481,'Lingshi',NULL),(140781,'介休市',140700,'介休',3,'0354','032000',111.918,37.0277,'Jiexiu',NULL),(140800,'运城市',140000,'运城',2,'0359','044000',111.004,35.0228,'Yuncheng',NULL),(140802,'盐湖区',140800,'盐湖',3,'0359','044000',110.998,35.0151,'Yanhu',NULL),(140821,'临猗县',140800,'临猗',3,'0359','044100',110.774,35.1446,'Linyi',NULL),(140822,'万荣县',140800,'万荣',3,'0359','044200',110.837,35.4156,'Wanrong',NULL),(140823,'闻喜县',140800,'闻喜',3,'0359','043800',111.223,35.3555,'Wenxi',NULL),(140824,'稷山县',140800,'稷山',3,'0359','043200',110.979,35.5999,'Jishan',NULL),(140825,'新绛县',140800,'新绛',3,'0359','043100',111.225,35.6157,'Xinjiang',NULL),(140826,'绛县',140800,'绛县',3,'0359','043600',111.567,35.491,'Jiangxian',NULL),(140827,'垣曲县',140800,'垣曲',3,'0359','043700',111.672,35.2992,'Yuanqu',NULL),(140828,'夏县',140800,'夏县',3,'0359','044400',111.22,35.1412,'Xiaxian',NULL),(140829,'平陆县',140800,'平陆',3,'0359','044300',111.217,34.8377,'Pinglu',NULL),(140830,'芮城县',140800,'芮城',3,'0359','044600',110.695,34.6938,'Ruicheng',NULL),(140881,'永济市',140800,'永济',3,'0359','044500',110.445,34.8656,'Yongji',NULL),(140882,'河津市',140800,'河津',3,'0359','043300',110.712,35.5948,'Hejin',NULL),(140900,'忻州市',140000,'忻州',2,'0350','034000',112.734,38.4177,'Xinzhou',NULL),(140902,'忻府区',140900,'忻府',3,'0350','034000',112.746,38.4041,'Xinfu',NULL),(140921,'定襄县',140900,'定襄',3,'0350','035400',112.957,38.4739,'Dingxiang',NULL),(140922,'五台县',140900,'五台',3,'0350','035500',113.253,38.7277,'Wutai',NULL),(140923,'代县',140900,'代县',3,'0350','034200',112.959,39.0672,'Daixian',NULL),(140924,'繁峙县',140900,'繁峙',3,'0350','034300',113.263,39.1889,'Fanshi',NULL),(140925,'宁武县',140900,'宁武',3,'0350','036700',112.304,39.0021,'Ningwu',NULL),(140926,'静乐县',140900,'静乐',3,'0350','035100',111.942,38.3602,'Jingle',NULL),(140927,'神池县',140900,'神池',3,'0350','036100',112.205,39.09,'Shenchi',NULL),(140928,'五寨县',140900,'五寨',3,'0350','036200',111.849,38.9076,'Wuzhai',NULL),(140929,'岢岚县',140900,'岢岚',3,'0350','036300',111.574,38.7045,'Kelan',NULL),(140930,'河曲县',140900,'河曲',3,'0350','036500',111.138,39.3844,'Hequ',NULL),(140931,'保德县',140900,'保德',3,'0350','036600',111.087,39.0225,'Baode',NULL),(140932,'偏关县',140900,'偏关',3,'0350','036400',111.509,39.4361,'Pianguan',NULL),(140981,'原平市',140900,'原平',3,'0350','034100',112.706,38.7318,'Yuanping',NULL),(141000,'临汾市',140000,'临汾',2,'0357','041000',111.518,36.0841,'Linfen',NULL),(141002,'尧都区',141000,'尧都',3,'0357','041000',111.579,36.083,'Yaodu',NULL),(141021,'曲沃县',141000,'曲沃',3,'0357','043400',111.475,35.6412,'Quwo',NULL),(141022,'翼城县',141000,'翼城',3,'0357','043500',111.718,35.7388,'Yicheng',NULL),(141023,'襄汾县',141000,'襄汾',3,'0357','041500',111.442,35.8771,'Xiangfen',NULL),(141024,'洪洞县',141000,'洪洞',3,'0357','041600',111.675,36.2542,'Hongtong',NULL),(141025,'古县',141000,'古县',3,'0357','042400',111.92,36.2669,'Guxian',NULL),(141026,'安泽县',141000,'安泽',3,'0357','042500',112.25,36.148,'Anze',NULL),(141027,'浮山县',141000,'浮山',3,'0357','042600',111.847,35.9685,'Fushan',NULL),(141028,'吉县',141000,'吉县',3,'0357','042200',110.681,36.0987,'Jixian',NULL),(141029,'乡宁县',141000,'乡宁',3,'0357','042100',110.847,35.9707,'Xiangning',NULL),(141030,'大宁县',141000,'大宁',3,'0357','042300',110.752,36.4662,'Daning',NULL),(141031,'隰县',141000,'隰县',3,'0357','041300',110.939,36.6926,'Xixian',NULL),(141032,'永和县',141000,'永和',3,'0357','041400',110.632,36.7584,'Yonghe',NULL),(141033,'蒲县',141000,'蒲县',3,'0357','041200',111.097,36.4124,'Puxian',NULL),(141034,'汾西县',141000,'汾西',3,'0357','031500',111.568,36.6506,'Fenxi',NULL),(141081,'侯马市',141000,'侯马',3,'0357','043000',111.372,35.619,'Houma',NULL),(141082,'霍州市',141000,'霍州',3,'0357','031400',111.755,36.5638,'Huozhou',NULL),(141100,'吕梁市',140000,'吕梁',2,'0358','033000',111.134,37.5244,'Lvliang',NULL),(141102,'离石区',141100,'离石',3,'0358','033000',111.151,37.5177,'Lishi',NULL),(141121,'文水县',141100,'文水',3,'0358','032100',112.028,37.4384,'Wenshui',NULL),(141122,'交城县',141100,'交城',3,'0358','030500',112.159,37.5512,'Jiaocheng',NULL),(141123,'兴县',141100,'兴县',3,'0358','033600',111.127,38.4632,'Xingxian',NULL),(141124,'临县',141100,'临县',3,'0358','033200',110.993,37.9527,'Linxian',NULL),(141125,'柳林县',141100,'柳林',3,'0358','033300',110.889,37.4293,'Liulin',NULL),(141126,'石楼县',141100,'石楼',3,'0358','032500',110.835,36.9973,'Shilou',NULL),(141127,'岚县',141100,'岚县',3,'0358','033500',111.676,38.2787,'Lanxian',NULL),(141128,'方山县',141100,'方山',3,'0358','033100',111.24,37.8898,'Fangshan',NULL),(141129,'中阳县',141100,'中阳',3,'0358','033400',111.179,37.3572,'Zhongyang',NULL),(141130,'交口县',141100,'交口',3,'0358','032400',111.181,36.9821,'Jiaokou',NULL),(141181,'孝义市',141100,'孝义',3,'0358','032300',111.774,37.1441,'Xiaoyi',NULL),(141182,'汾阳市',141100,'汾阳',3,'0358','032200',111.788,37.266,'Fenyang',NULL),(150000,'内蒙古自治区',100000,'内蒙古',1,'','',111.671,40.8183,'Inner Mongolia',NULL),(150100,'呼和浩特市',150000,'呼和浩特',2,'0471','010000',111.671,40.8183,'Hohhot',NULL),(150102,'新城区',150100,'新城',3,'0471','010050',111.666,40.8583,'Xincheng',NULL),(150103,'回民区',150100,'回民',3,'0471','010030',111.624,40.8083,'Huimin',NULL),(150104,'玉泉区',150100,'玉泉',3,'0471','010020',111.675,40.7523,'Yuquan',NULL),(150105,'赛罕区',150100,'赛罕',3,'0471','010020',111.702,40.7921,'Saihan',NULL),(150121,'土默特左旗',150100,'土默特左旗',3,'0471','010100',111.149,40.7223,'Tumotezuoqi',NULL),(150122,'托克托县',150100,'托克托',3,'0471','010200',111.191,40.2749,'Tuoketuo',NULL),(150123,'和林格尔县',150100,'和林格尔',3,'0471','011500',111.822,40.3789,'Helingeer',NULL),(150124,'清水河县',150100,'清水河',3,'0471','011600',111.683,39.9097,'Qingshuihe',NULL),(150125,'武川县',150100,'武川',3,'0471','011700',111.458,41.0929,'Wuchuan',NULL),(150200,'包头市',150000,'包头',2,'0472','014025',109.84,40.6582,'Baotou',NULL),(150202,'东河区',150200,'东河',3,'0472','014040',110.046,40.5824,'Donghe',NULL),(150203,'昆都仑区',150200,'昆都仑',3,'0472','014010',109.839,40.6418,'Kundulun',NULL),(150204,'青山区',150200,'青山',3,'0472','014030',109.901,40.6433,'Qingshan',NULL),(150205,'石拐区',150200,'石拐',3,'0472','014070',110.273,40.673,'Shiguai',NULL),(150206,'白云鄂博矿区',150200,'白云鄂博矿区',3,'0472','014080',109.974,41.7697,'Baiyunebokuangqu',NULL),(150207,'九原区',150200,'九原',3,'0472','014060',109.965,40.6055,'Jiuyuan',NULL),(150221,'土默特右旗',150200,'土默特右旗',3,'0472','014100',110.524,40.5688,'Tumoteyouqi',NULL),(150222,'固阳县',150200,'固阳',3,'0472','014200',110.064,41.0185,'Guyang',NULL),(150223,'达尔罕茂明安联合旗',150200,'达茂旗',3,'0472','014500',110.433,41.6987,'Damaoqi',NULL),(150300,'乌海市',150000,'乌海',2,'0473','016000',106.826,39.6737,'Wuhai',NULL),(150302,'海勃湾区',150300,'海勃湾',3,'0473','016000',106.822,39.6696,'Haibowan',NULL),(150303,'海南区',150300,'海南',3,'0473','016030',106.887,39.4413,'Hainan',NULL),(150304,'乌达区',150300,'乌达',3,'0473','016040',106.727,39.505,'Wuda',NULL),(150400,'赤峰市',150000,'赤峰',2,'0476','024000',118.957,42.2753,'Chifeng',NULL),(150402,'红山区',150400,'红山',3,'0476','024020',118.958,42.2431,'Hongshan',NULL),(150403,'元宝山区',150400,'元宝山',3,'0476','024076',119.289,42.0401,'Yuanbaoshan',NULL),(150404,'松山区',150400,'松山',3,'0476','024005',118.933,42.2861,'Songshan',NULL),(150421,'阿鲁科尔沁旗',150400,'阿鲁科尔沁旗',3,'0476','025550',120.065,43.8799,'Alukeerqinqi',NULL),(150422,'巴林左旗',150400,'巴林左旗',3,'0476','025450',119.38,43.9703,'Balinzuoqi',NULL),(150423,'巴林右旗',150400,'巴林右旗',3,'0476','025150',118.665,43.5339,'Balinyouqi',NULL),(150424,'林西县',150400,'林西',3,'0476','025250',118.047,43.6116,'Linxi',NULL),(150425,'克什克腾旗',150400,'克什克腾旗',3,'0476','025350',117.546,43.265,'Keshiketengqi',NULL),(150426,'翁牛特旗',150400,'翁牛特旗',3,'0476','024500',119.03,42.9315,'Wengniuteqi',NULL),(150428,'喀喇沁旗',150400,'喀喇沁旗',3,'0476','024400',118.701,41.9292,'Kalaqinqi',NULL),(150429,'宁城县',150400,'宁城',3,'0476','024200',119.344,41.5966,'Ningcheng',NULL),(150430,'敖汉旗',150400,'敖汉旗',3,'0476','024300',119.922,42.2907,'Aohanqi',NULL),(150500,'通辽市',150000,'通辽',2,'0475','028000',122.263,43.6174,'Tongliao',NULL),(150502,'科尔沁区',150500,'科尔沁',3,'0475','028000',122.256,43.6226,'Keerqin',NULL),(150521,'科尔沁左翼中旗',150500,'科尔沁左翼中旗',3,'0475','029300',123.319,44.1301,'Keerqinzuoyizhongqi',NULL),(150522,'科尔沁左翼后旗',150500,'科尔沁左翼后旗',3,'0475','028100',122.357,42.949,'Keerqinzuoyihouqi',NULL),(150523,'开鲁县',150500,'开鲁',3,'0475','028400',121.319,43.6,'Kailu',NULL),(150524,'库伦旗',150500,'库伦旗',3,'0475','028200',121.776,42.73,'Kulunqi',NULL),(150525,'奈曼旗',150500,'奈曼旗',3,'0475','028300',120.663,42.8453,'Naimanqi',NULL),(150526,'扎鲁特旗',150500,'扎鲁特旗',3,'0475','029100',120.915,44.5559,'Zhaluteqi',NULL),(150581,'霍林郭勒市',150500,'霍林郭勒',3,'0475','029200',119.654,45.5345,'Huolinguole',NULL),(150600,'鄂尔多斯市',150000,'鄂尔多斯',2,'0477','017004',109.99,39.8172,'Ordos',NULL),(150602,'东胜区',150600,'东胜',3,'0477','017000',109.963,39.8224,'Dongsheng',NULL),(150621,'达拉特旗',150600,'达拉特旗',3,'0477','014300',110.033,40.4001,'Dalateqi',NULL),(150622,'准格尔旗',150600,'准格尔旗',3,'0477','017100',111.236,39.8678,'Zhungeerqi',NULL),(150623,'鄂托克前旗',150600,'鄂托克前旗',3,'0477','016200',107.484,38.184,'Etuokeqianqi',NULL),(150624,'鄂托克旗',150600,'鄂托克旗',3,'0477','016100',107.982,39.0946,'Etuokeqi',NULL),(150625,'杭锦旗',150600,'杭锦旗',3,'0477','017400',108.729,39.8402,'Hangjinqi',NULL),(150626,'乌审旗',150600,'乌审旗',3,'0477','017300',108.846,38.5909,'Wushenqi',NULL),(150627,'伊金霍洛旗',150600,'伊金霍洛旗',3,'0477','017200',109.749,39.5739,'Yijinhuoluoqi',NULL),(150700,'呼伦贝尔市',150000,'呼伦贝尔',2,'0470','021008',119.758,49.2153,'Hulunber',NULL),(150702,'海拉尔区',150700,'海拉尔',3,'0470','021000',119.736,49.2122,'Hailaer',NULL),(150703,'扎赉诺尔区',150700,'扎赉诺尔',3,'0470','021410',117.793,49.4869,'Zhalainuoer',NULL),(150721,'阿荣旗',150700,'阿荣旗',3,'0470','162750',123.459,48.1258,'Arongqi',NULL),(150722,'莫力达瓦达斡尔族自治旗',150700,'莫旗',3,'0470','162850',124.515,48.4805,'Moqi',NULL),(150723,'鄂伦春自治旗',150700,'鄂伦春',3,'0470','165450',123.726,50.5978,'Elunchun',NULL),(150724,'鄂温克族自治旗',150700,'鄂温',3,'0470','021100',119.757,49.1428,'Ewen',NULL),(150725,'陈巴尔虎旗',150700,'陈巴尔虎旗',3,'0470','021500',119.424,49.3268,'Chenbaerhuqi',NULL),(150726,'新巴尔虎左旗',150700,'新巴尔虎左旗',3,'0470','021200',118.27,48.2184,'Xinbaerhuzuoqi',NULL),(150727,'新巴尔虎右旗',150700,'新巴尔虎右旗',3,'0470','021300',116.824,48.6647,'Xinbaerhuyouqi',NULL),(150781,'满洲里市',150700,'满洲里',3,'0470','021400',117.479,49.5827,'Manzhouli',NULL),(150782,'牙克石市',150700,'牙克石',3,'0470','022150',120.712,49.2856,'Yakeshi',NULL),(150783,'扎兰屯市',150700,'扎兰屯',3,'0470','162650',122.738,48.0136,'Zhalantun',NULL),(150784,'额尔古纳市',150700,'额尔古纳',3,'0470','022250',120.191,50.2425,'Eerguna',NULL),(150785,'根河市',150700,'根河',3,'0470','022350',121.522,50.78,'Genhe',NULL),(150800,'巴彦淖尔市',150000,'巴彦淖尔',2,'0478','015001',107.417,40.7574,'Bayan Nur',NULL),(150802,'临河区',150800,'临河',3,'0478','015001',107.427,40.7583,'Linhe',NULL),(150821,'五原县',150800,'五原',3,'0478','015100',108.269,41.0963,'Wuyuan',NULL),(150822,'磴口县',150800,'磴口',3,'0478','015200',107.009,40.3306,'Dengkou',NULL),(150823,'乌拉特前旗',150800,'乌拉特前旗',3,'0478','014400',108.652,40.7365,'Wulateqianqi',NULL),(150824,'乌拉特中旗',150800,'乌拉特中旗',3,'0478','015300',108.526,41.5679,'Wulatezhongqi',NULL),(150825,'乌拉特后旗',150800,'乌拉特后旗',3,'0478','015500',106.99,41.4315,'Wulatehouqi',NULL),(150826,'杭锦后旗',150800,'杭锦后旗',3,'0478','015400',107.151,40.8863,'Hangjinhouqi',NULL),(150900,'乌兰察布市',150000,'乌兰察布',2,'0474','012000',113.115,41.0341,'Ulanqab',NULL),(150902,'集宁区',150900,'集宁',3,'0474','012000',113.115,41.0353,'Jining',NULL),(150921,'卓资县',150900,'卓资',3,'0474','012300',112.578,40.8941,'Zhuozi',NULL),(150922,'化德县',150900,'化德',3,'0474','013350',114.011,41.9043,'Huade',NULL),(150923,'商都县',150900,'商都',3,'0474','013450',113.578,41.5621,'Shangdu',NULL),(150924,'兴和县',150900,'兴和',3,'0474','013650',113.834,40.8719,'Xinghe',NULL),(150925,'凉城县',150900,'凉城',3,'0474','013750',112.496,40.5335,'Liangcheng',NULL),(150926,'察哈尔右翼前旗',150900,'察右前旗',3,'0474','012200',113.221,40.7788,'Chayouqianqi',NULL),(150927,'察哈尔右翼中旗',150900,'察右中旗',3,'0474','013550',112.635,41.2774,'Chayouzhongqi',NULL),(150928,'察哈尔右翼后旗',150900,'察右后旗',3,'0474','012400',113.192,41.4355,'Chayouhouqi',NULL),(150929,'四子王旗',150900,'四子王旗',3,'0474','011800',111.707,41.5331,'Siziwangqi',NULL),(150981,'丰镇市',150900,'丰镇',3,'0474','012100',113.11,40.4369,'Fengzhen',NULL),(152200,'兴安盟',150000,'兴安盟',2,'0482','137401',122.07,46.0763,'Hinggan',NULL),(152201,'乌兰浩特市',152200,'乌兰浩特',3,'0482','137401',122.064,46.0624,'Wulanhaote',NULL),(152202,'阿尔山市',152200,'阿尔山',3,'0482','137800',119.943,47.1772,'Aershan',NULL),(152221,'科尔沁右翼前旗',152200,'科右前旗',3,'0482','137423',121.953,46.0795,'Keyouqianqi',NULL),(152222,'科尔沁右翼中旗',152200,'科右中旗',3,'0482','029400',121.468,45.056,'Keyouzhongqi',NULL),(152223,'扎赉特旗',152200,'扎赉特旗',3,'0482','137600',122.912,46.7267,'Zhalaiteqi',NULL),(152224,'突泉县',152200,'突泉',3,'0482','137500',121.594,45.3819,'Tuquan',NULL),(152500,'锡林郭勒盟',150000,'锡林郭勒盟',2,'0479','026000',116.091,43.944,'Xilin Gol',NULL),(152501,'二连浩特市',152500,'二连浩特',3,'0479','011100',111.983,43.653,'Erlianhaote',NULL),(152502,'锡林浩特市',152500,'锡林浩特',3,'0479','026021',116.086,43.9334,'Xilinhaote',NULL),(152522,'阿巴嘎旗',152500,'阿巴嘎旗',3,'0479','011400',114.968,44.0217,'Abagaqi',NULL),(152523,'苏尼特左旗',152500,'苏尼特左旗',3,'0479','011300',113.651,43.8569,'Sunitezuoqi',NULL),(152524,'苏尼特右旗',152500,'苏尼特右旗',3,'0479','011200',112.657,42.7469,'Suniteyouqi',NULL),(152525,'东乌珠穆沁旗',152500,'东乌旗',3,'0479','026300',116.973,45.5111,'Dongwuqi',NULL),(152526,'西乌珠穆沁旗',152500,'西乌旗',3,'0479','026200',117.61,44.5962,'Xiwuqi',NULL),(152527,'太仆寺旗',152500,'太仆寺旗',3,'0479','027000',115.283,41.8773,'Taipusiqi',NULL),(152528,'镶黄旗',152500,'镶黄旗',3,'0479','013250',113.845,42.2393,'Xianghuangqi',NULL),(152529,'正镶白旗',152500,'正镶白旗',3,'0479','013800',115.001,42.3071,'Zhengxiangbaiqi',NULL),(152530,'正蓝旗',152500,'正蓝旗',3,'0479','027200',116.004,42.2523,'Zhenglanqi',NULL),(152531,'多伦县',152500,'多伦',3,'0479','027300',116.486,42.203,'Duolun',NULL),(152900,'阿拉善盟',150000,'阿拉善盟',2,'0483','750306',105.706,38.8448,'Alxa',NULL),(152921,'阿拉善左旗',152900,'阿拉善左旗',3,'0483','750306',105.675,38.8293,'Alashanzuoqi',NULL),(152922,'阿拉善右旗',152900,'阿拉善右旗',3,'0483','737300',101.667,39.2153,'Alashanyouqi',NULL),(152923,'额济纳旗',152900,'额济纳旗',3,'0483','735400',101.069,41.9675,'Ejinaqi',NULL),(210000,'辽宁省',100000,'辽宁',1,'','',123.429,41.7968,'Liaoning',NULL),(210100,'沈阳市',210000,'沈阳',2,'024','110013',123.429,41.7968,'Shenyang',NULL),(210102,'和平区',210100,'和平',3,'024','110001',123.42,41.79,'Heping',NULL),(210103,'沈河区',210100,'沈河',3,'024','110011',123.459,41.7962,'Shenhe',NULL),(210104,'大东区',210100,'大东',3,'024','110041',123.47,41.8054,'Dadong',NULL),(210105,'皇姑区',210100,'皇姑',3,'024','110031',123.425,41.8204,'Huanggu',NULL),(210106,'铁西区',210100,'铁西',3,'024','110021',123.377,41.8027,'Tiexi',NULL),(210111,'苏家屯区',210100,'苏家屯',3,'024','110101',123.344,41.6647,'Sujiatun',NULL),(210112,'浑南区',210100,'浑南',3,'024','110015',123.458,41.7195,'Hunnan',NULL),(210113,'沈北新区',210100,'沈北新区',3,'024','110121',123.527,42.053,'Shenbeixinqu',NULL),(210114,'于洪区',210100,'于洪',3,'024','110141',123.308,41.794,'Yuhong',NULL),(210122,'辽中县',210100,'辽中',3,'024','110200',122.727,41.513,'Liaozhong',NULL),(210123,'康平县',210100,'康平',3,'024','110500',123.354,42.7508,'Kangping',NULL),(210124,'法库县',210100,'法库',3,'024','110400',123.412,42.5061,'Faku',NULL),(210181,'新民市',210100,'新民',3,'024','110300',122.829,41.9985,'Xinmin',NULL),(210200,'大连市',210000,'大连',2,'0411','116011',121.619,38.9146,'Dalian',NULL),(210202,'中山区',210200,'中山',3,'0411','116001',121.645,38.9186,'Zhongshan',NULL),(210203,'西岗区',210200,'西岗',3,'0411','116011',121.612,38.9147,'Xigang',NULL),(210204,'沙河口区',210200,'沙河口',3,'0411','116021',121.58,38.9054,'Shahekou',NULL),(210211,'甘井子区',210200,'甘井子',3,'0411','116033',121.566,38.9502,'Ganjingzi',NULL),(210212,'旅顺口区',210200,'旅顺口',3,'0411','116041',121.262,38.8512,'Lvshunkou',NULL),(210213,'金州区',210200,'金州',3,'0411','116100',121.719,39.1004,'Jinzhou',NULL),(210224,'长海县',210200,'长海',3,'0411','116500',122.589,39.2727,'Changhai',NULL),(210281,'瓦房店市',210200,'瓦房店',3,'0411','116300',121.981,39.6284,'Wafangdian',NULL),(210282,'普兰店市',210200,'普兰店',3,'0411','116200',121.963,39.3946,'Pulandian',NULL),(210283,'庄河市',210200,'庄河',3,'0411','116400',122.967,39.6881,'Zhuanghe',NULL),(210300,'鞍山市',210000,'鞍山',2,'0412','114001',122.996,41.1106,'Anshan',NULL),(210302,'铁东区',210300,'铁东',3,'0412','114001',122.991,41.0897,'Tiedong',NULL),(210303,'铁西区',210300,'铁西',3,'0413','114013',122.97,41.1198,'Tiexi',NULL),(210304,'立山区',210300,'立山',3,'0414','114031',123.029,41.1501,'Lishan',NULL),(210311,'千山区',210300,'千山',3,'0415','114041',122.96,41.0751,'Qianshan',NULL),(210321,'台安县',210300,'台安',3,'0417','114100',122.436,41.4127,'Tai\'an',NULL),(210323,'岫岩满族自治县',210300,'岫岩',3,'0418','114300',123.289,40.28,'Xiuyan',NULL),(210381,'海城市',210300,'海城',3,'0416','114200',122.685,40.8814,'Haicheng',NULL),(210400,'抚顺市',210000,'抚顺',2,'024','113008',123.921,41.876,'Fushun',NULL),(210402,'新抚区',210400,'新抚',3,'024','113008',123.913,41.862,'Xinfu',NULL),(210403,'东洲区',210400,'东洲',3,'024','113003',124.038,41.8519,'Dongzhou',NULL),(210404,'望花区',210400,'望花',3,'024','113001',123.783,41.8553,'Wanghua',NULL),(210411,'顺城区',210400,'顺城',3,'024','113006',123.945,41.8832,'Shuncheng',NULL),(210421,'抚顺县',210400,'抚顺',3,'024','113006',124.178,41.7122,'Fushun',NULL),(210422,'新宾满族自治县',210400,'新宾',3,'024','113200',125.04,41.7341,'Xinbin',NULL),(210423,'清原满族自治县',210400,'清原',3,'024','113300',124.928,42.1022,'Qingyuan',NULL),(210500,'本溪市',210000,'本溪',2,'0414','117000',123.771,41.2979,'Benxi',NULL),(210502,'平山区',210500,'平山',3,'0414','117000',123.769,41.2997,'Pingshan',NULL),(210503,'溪湖区',210500,'溪湖',3,'0414','117002',123.768,41.3292,'Xihu',NULL),(210504,'明山区',210500,'明山',3,'0414','117021',123.817,41.3083,'Mingshan',NULL),(210505,'南芬区',210500,'南芬',3,'0414','117014',123.745,41.1006,'Nanfen',NULL),(210521,'本溪满族自治县',210500,'本溪',3,'0414','117100',124.127,41.3006,'Benxi',NULL),(210522,'桓仁满族自治县',210500,'桓仁',3,'0414','117200',125.361,41.268,'Huanren',NULL),(210600,'丹东市',210000,'丹东',2,'0415','118000',124.383,40.1243,'Dandong',NULL),(210602,'元宝区',210600,'元宝',3,'0415','118000',124.396,40.1365,'Yuanbao',NULL),(210603,'振兴区',210600,'振兴',3,'0415','118002',124.36,40.1049,'Zhenxing',NULL),(210604,'振安区',210600,'振安',3,'0415','118001',124.428,40.1583,'Zhen\'an',NULL),(210624,'宽甸满族自治县',210600,'宽甸',3,'0415','118200',124.782,40.7319,'Kuandian',NULL),(210681,'东港市',210600,'东港',3,'0415','118300',124.163,39.8626,'Donggang',NULL),(210682,'凤城市',210600,'凤城',3,'0415','118100',124.067,40.453,'Fengcheng',NULL),(210700,'锦州市',210000,'锦州',2,'0416','121000',121.136,41.1193,'Jinzhou',NULL),(210702,'古塔区',210700,'古塔',3,'0416','121001',121.128,41.1172,'Guta',NULL),(210703,'凌河区',210700,'凌河',3,'0416','121000',121.151,41.115,'Linghe',NULL),(210711,'太和区',210700,'太和',3,'0416','121011',121.104,41.1093,'Taihe',NULL),(210726,'黑山县',210700,'黑山',3,'0416','121400',122.121,41.6942,'Heishan',NULL),(210727,'义县',210700,'义县',3,'0416','121100',121.24,41.5346,'Yixian',NULL),(210781,'凌海市',210700,'凌海',3,'0416','121200',121.357,41.1737,'Linghai',NULL),(210782,'北镇市',210700,'北镇',3,'0416','121300',121.799,41.5954,'Beizhen',NULL),(210800,'营口市',210000,'营口',2,'0417','115003',122.235,40.6674,'Yingkou',NULL),(210802,'站前区',210800,'站前',3,'0417','115002',122.259,40.6727,'Zhanqian',NULL),(210803,'西市区',210800,'西市',3,'0417','115004',122.206,40.6664,'Xishi',NULL),(210804,'鲅鱼圈区',210800,'鲅鱼圈',3,'0417','115007',122.133,40.2687,'Bayuquan',NULL),(210811,'老边区',210800,'老边',3,'0417','115005',122.38,40.6803,'Laobian',NULL),(210881,'盖州市',210800,'盖州',3,'0417','115200',122.355,40.4045,'Gaizhou',NULL),(210882,'大石桥市',210800,'大石桥',3,'0417','115100',122.509,40.6457,'Dashiqiao',NULL),(210900,'阜新市',210000,'阜新',2,'0418','123000',121.649,42.0118,'Fuxin',NULL),(210902,'海州区',210900,'海州',3,'0418','123000',121.656,42.0134,'Haizhou',NULL),(210903,'新邱区',210900,'新邱',3,'0418','123005',121.793,42.0918,'Xinqiu',NULL),(210904,'太平区',210900,'太平',3,'0418','123003',121.679,42.0107,'Taiping',NULL),(210905,'清河门区',210900,'清河门',3,'0418','123006',121.416,41.7831,'Qinghemen',NULL),(210911,'细河区',210900,'细河',3,'0418','123000',121.68,42.0253,'Xihe',NULL),(210921,'阜新蒙古族自治县',210900,'阜新',3,'0418','123100',121.758,42.0651,'Fuxin',NULL),(210922,'彰武县',210900,'彰武',3,'0418','123200',122.54,42.3862,'Zhangwu',NULL),(211000,'辽阳市',210000,'辽阳',2,'0419','111000',123.182,41.2694,'Liaoyang',NULL),(211002,'白塔区',211000,'白塔',3,'0419','111000',123.175,41.2702,'Baita',NULL),(211003,'文圣区',211000,'文圣',3,'0419','111000',123.185,41.2627,'Wensheng',NULL),(211004,'宏伟区',211000,'宏伟',3,'0419','111003',123.193,41.2185,'Hongwei',NULL),(211005,'弓长岭区',211000,'弓长岭',3,'0419','111008',123.42,41.1518,'Gongchangling',NULL),(211011,'太子河区',211000,'太子河',3,'0419','111000',123.182,41.2534,'Taizihe',NULL),(211021,'辽阳县',211000,'辽阳',3,'0419','111200',123.106,41.2054,'Liaoyang',NULL),(211081,'灯塔市',211000,'灯塔',3,'0419','111300',123.339,41.4261,'Dengta',NULL),(211100,'盘锦市',210000,'盘锦',2,'0427','124010',122.07,41.1245,'Panjin',NULL),(211102,'双台子区',211100,'双台子',3,'0427','124000',122.06,41.1906,'Shuangtaizi',NULL),(211103,'兴隆台区',211100,'兴隆台',3,'0427','124010',122.075,41.124,'Xinglongtai',NULL),(211121,'大洼县',211100,'大洼',3,'0427','124200',122.082,41.0024,'Dawa',NULL),(211122,'盘山县',211100,'盘山',3,'0427','124000',121.998,41.238,'Panshan',NULL),(211200,'铁岭市',210000,'铁岭',2,'024','112000',123.844,42.2906,'Tieling',NULL),(211202,'银州区',211200,'银州',3,'024','112000',123.857,42.2951,'Yinzhou',NULL),(211204,'清河区',211200,'清河',3,'024','112003',124.159,42.5468,'Qinghe',NULL),(211221,'铁岭县',211200,'铁岭',3,'024','112000',123.773,42.225,'Tieling',NULL),(211223,'西丰县',211200,'西丰',3,'024','112400',124.73,42.7376,'Xifeng',NULL),(211224,'昌图县',211200,'昌图',3,'024','112500',124.112,42.7843,'Changtu',NULL),(211281,'调兵山市',211200,'调兵山',3,'024','112700',123.567,42.4675,'Diaobingshan',NULL),(211282,'开原市',211200,'开原',3,'024','112300',124.039,42.5458,'Kaiyuan',NULL),(211300,'朝阳市',210000,'朝阳',2,'0421','122000',120.451,41.5768,'Chaoyang',NULL),(211302,'双塔区',211300,'双塔',3,'0421','122000',120.454,41.566,'Shuangta',NULL),(211303,'龙城区',211300,'龙城',3,'0421','122000',120.437,41.5926,'Longcheng',NULL),(211321,'朝阳县',211300,'朝阳',3,'0421','122000',120.174,41.4324,'Chaoyang',NULL),(211322,'建平县',211300,'建平',3,'0421','122400',119.644,41.4031,'Jianping',NULL),(211324,'喀喇沁左翼蒙古族自治县',211300,'喀喇沁左翼',3,'0421','122300',119.742,41.128,'Kalaqinzuoyi',NULL),(211381,'北票市',211300,'北票',3,'0421','122100',120.77,41.802,'Beipiao',NULL),(211382,'凌源市',211300,'凌源',3,'0421','122500',119.401,41.2456,'Lingyuan',NULL),(211400,'葫芦岛市',210000,'葫芦岛',2,'0429','125000',120.856,40.7556,'Huludao',NULL),(211402,'连山区',211400,'连山',3,'0429','125001',120.864,40.7555,'Lianshan',NULL),(211403,'龙港区',211400,'龙港',3,'0429','125003',120.949,40.7192,'Longgang',NULL),(211404,'南票区',211400,'南票',3,'0429','125027',120.75,41.1071,'Nanpiao',NULL),(211421,'绥中县',211400,'绥中',3,'0429','125200',120.345,40.3255,'Suizhong',NULL),(211422,'建昌县',211400,'建昌',3,'0429','125300',119.838,40.8245,'Jianchang',NULL),(211481,'兴城市',211400,'兴城',3,'0429','125100',120.725,40.6149,'Xingcheng',NULL),(211500,'金普新区',210000,'金普新区',2,'0411','116100',121.79,39.0555,'Jinpuxinqu',NULL),(211501,'金州新区',211500,'金州新区',3,'0411','116100',121.785,39.0523,'Jinzhouxinqu',NULL),(211502,'普湾新区',211500,'普湾新区',3,'0411','116200',121.813,39.3301,'Puwanxinqu',NULL),(211503,'保税区',211500,'保税区',3,'0411','116100',121.943,39.2246,'Baoshuiqu',NULL),(220000,'吉林省',100000,'吉林',1,'','',125.325,43.8868,'Jilin',NULL),(220100,'长春市',220000,'长春',2,'0431','130022',125.325,43.8868,'Changchun',NULL),(220102,'南关区',220100,'南关',3,'0431','130022',125.35,43.864,'Nanguan',NULL),(220103,'宽城区',220100,'宽城',3,'0431','130051',125.326,43.9018,'Kuancheng',NULL),(220104,'朝阳区',220100,'朝阳',3,'0431','130012',125.288,43.8334,'Chaoyang',NULL),(220105,'二道区',220100,'二道',3,'0431','130031',125.374,43.865,'Erdao',NULL),(220106,'绿园区',220100,'绿园',3,'0431','130062',125.256,43.8805,'Lvyuan',NULL),(220112,'双阳区',220100,'双阳',3,'0431','130600',125.656,43.528,'Shuangyang',NULL),(220113,'九台区',220100,'九台',3,'0431','130500',125.84,44.1516,'Jiutai',NULL),(220122,'农安县',220100,'农安',3,'0431','130200',125.185,44.4327,'Nong\'an',NULL),(220182,'榆树市',220100,'榆树',3,'0431','130400',126.557,44.8252,'Yushu',NULL),(220183,'德惠市',220100,'德惠',3,'0431','130300',125.705,44.5372,'Dehui',NULL),(220200,'吉林市',220000,'吉林',2,'0432','132011',126.553,43.8436,'Jilin',NULL),(220202,'昌邑区',220200,'昌邑',3,'0432','132002',126.574,43.8818,'Changyi',NULL),(220203,'龙潭区',220200,'龙潭',3,'0432','132021',126.562,43.9105,'Longtan',NULL),(220204,'船营区',220200,'船营',3,'0432','132011',126.541,43.8334,'Chuanying',NULL),(220211,'丰满区',220200,'丰满',3,'0432','132013',126.562,43.8224,'Fengman',NULL),(220221,'永吉县',220200,'永吉',3,'0432','132200',126.496,43.672,'Yongji',NULL),(220281,'蛟河市',220200,'蛟河',3,'0432','132500',127.344,43.727,'Jiaohe',NULL),(220282,'桦甸市',220200,'桦甸',3,'0432','132400',126.746,42.9721,'Huadian',NULL),(220283,'舒兰市',220200,'舒兰',3,'0432','132600',126.965,44.4058,'Shulan',NULL),(220284,'磐石市',220200,'磐石',3,'0432','132300',126.062,42.9463,'Panshi',NULL),(220300,'四平市',220000,'四平',2,'0434','136000',124.371,43.1703,'Siping',NULL),(220302,'铁西区',220300,'铁西',3,'0434','136000',124.374,43.1746,'Tiexi',NULL),(220303,'铁东区',220300,'铁东',3,'0434','136001',124.41,43.1624,'Tiedong',NULL),(220322,'梨树县',220300,'梨树',3,'0434','136500',124.336,43.3072,'Lishu',NULL),(220323,'伊通满族自治县',220300,'伊通',3,'0434','130700',125.306,43.3443,'Yitong',NULL),(220381,'公主岭市',220300,'公主岭',3,'0434','136100',124.823,43.5045,'Gongzhuling',NULL),(220382,'双辽市',220300,'双辽',3,'0434','136400',123.501,43.521,'Shuangliao',NULL),(220400,'辽源市',220000,'辽源',2,'0437','136200',125.145,42.9027,'Liaoyuan',NULL),(220402,'龙山区',220400,'龙山',3,'0437','136200',125.136,42.8971,'Longshan',NULL),(220403,'西安区',220400,'西安',3,'0437','136201',125.149,42.927,'Xi\'an',NULL),(220421,'东丰县',220400,'东丰',3,'0437','136300',125.532,42.6783,'Dongfeng',NULL),(220422,'东辽县',220400,'东辽',3,'0437','136600',124.986,42.9249,'Dongliao',NULL),(220500,'通化市',220000,'通化',2,'0435','134001',125.937,41.7212,'Tonghua',NULL),(220502,'东昌区',220500,'东昌',3,'0435','134001',125.955,41.7285,'Dongchang',NULL),(220503,'二道江区',220500,'二道江',3,'0435','134003',126.043,41.7741,'Erdaojiang',NULL),(220521,'通化县',220500,'通化',3,'0435','134100',125.759,41.6793,'Tonghua',NULL),(220523,'辉南县',220500,'辉南',3,'0435','135100',126.047,42.685,'Huinan',NULL),(220524,'柳河县',220500,'柳河',3,'0435','135300',125.745,42.2847,'Liuhe',NULL),(220581,'梅河口市',220500,'梅河口',3,'0435','135000',125.71,42.5383,'Meihekou',NULL),(220582,'集安市',220500,'集安',3,'0435','134200',126.188,41.1227,'Ji\'an',NULL),(220600,'白山市',220000,'白山',2,'0439','134300',126.428,41.9425,'Baishan',NULL),(220602,'浑江区',220600,'浑江',3,'0439','134300',126.422,41.9457,'Hunjiang',NULL),(220605,'江源区',220600,'江源',3,'0439','134700',126.591,42.0566,'Jiangyuan',NULL),(220621,'抚松县',220600,'抚松',3,'0439','134500',127.28,42.342,'Fusong',NULL),(220622,'靖宇县',220600,'靖宇',3,'0439','135200',126.813,42.3886,'Jingyu',NULL),(220623,'长白朝鲜族自治县',220600,'长白',3,'0439','134400',128.2,41.42,'Changbai',NULL),(220681,'临江市',220600,'临江',3,'0439','134600',126.918,41.8114,'Linjiang',NULL),(220700,'松原市',220000,'松原',2,'0438','138000',124.824,45.1182,'Songyuan',NULL),(220702,'宁江区',220700,'宁江',3,'0438','138000',124.817,45.1717,'Ningjiang',NULL),(220721,'前郭尔罗斯蒙古族自治县',220700,'前郭尔罗斯',3,'0438','138000',124.824,45.1173,'Qianguoerluosi',NULL),(220722,'长岭县',220700,'长岭',3,'0438','131500',123.967,44.2758,'Changling',NULL),(220723,'乾安县',220700,'乾安',3,'0438','131400',124.027,45.0107,'Qian\'an',NULL),(220781,'扶余市',220700,'扶余',3,'0438','131200',126.043,44.9862,'Fuyu',NULL),(220800,'白城市',220000,'白城',2,'0436','137000',122.841,45.619,'Baicheng',NULL),(220802,'洮北区',220800,'洮北',3,'0436','137000',122.851,45.6217,'Taobei',NULL),(220821,'镇赉县',220800,'镇赉',3,'0436','137300',123.199,45.8478,'Zhenlai',NULL),(220822,'通榆县',220800,'通榆',3,'0436','137200',123.088,44.8139,'Tongyu',NULL),(220881,'洮南市',220800,'洮南',3,'0436','137100',122.788,45.335,'Taonan',NULL),(220882,'大安市',220800,'大安',3,'0436','131300',124.295,45.5085,'Da\'an',NULL),(222400,'延边朝鲜族自治州',220000,'延边',2,'0433','133000',129.513,42.9048,'Yanbian',NULL),(222401,'延吉市',222400,'延吉',3,'0433','133000',129.514,42.9068,'Yanji',NULL),(222402,'图们市',222400,'图们',3,'0433','133100',129.844,42.968,'Tumen',NULL),(222403,'敦化市',222400,'敦化',3,'0433','133700',128.232,43.373,'Dunhua',NULL),(222404,'珲春市',222400,'珲春',3,'0433','133300',130.366,42.8624,'Hunchun',NULL),(222405,'龙井市',222400,'龙井',3,'0433','133400',129.426,42.768,'Longjing',NULL),(222406,'和龙市',222400,'和龙',3,'0433','133500',129.011,42.5464,'Helong',NULL),(222424,'汪清县',222400,'汪清',3,'0433','133200',129.771,43.3128,'Wangqing',NULL),(222426,'安图县',222400,'安图',3,'0433','133600',128.906,43.1153,'Antu',NULL),(230000,'黑龙江省',100000,'黑龙江',1,'','',126.642,45.757,'Heilongjiang',NULL),(230100,'哈尔滨市',230000,'哈尔滨',2,'0451','150010',126.642,45.757,'Harbin',NULL),(230102,'道里区',230100,'道里',3,'0451','150010',126.617,45.7559,'Daoli',NULL),(230103,'南岗区',230100,'南岗',3,'0451','150006',126.669,45.76,'Nangang',NULL),(230104,'道外区',230100,'道外',3,'0451','150020',126.649,45.7919,'Daowai',NULL),(230108,'平房区',230100,'平房',3,'0451','150060',126.637,45.5978,'Pingfang',NULL),(230109,'松北区',230100,'松北',3,'0451','150028',126.563,45.8083,'Songbei',NULL),(230110,'香坊区',230100,'香坊',3,'0451','150036',126.68,45.7238,'Xiangfang',NULL),(230111,'呼兰区',230100,'呼兰',3,'0451','150500',126.588,45.889,'Hulan',NULL),(230112,'阿城区',230100,'阿城',3,'0451','150300',126.975,45.5414,'A\'cheng',NULL),(230113,'双城区',230100,'双城',3,'0451','150100',126.309,45.3779,'Shuangcheng',NULL),(230123,'依兰县',230100,'依兰',3,'0451','154800',129.568,46.3247,'Yilan',NULL),(230124,'方正县',230100,'方正',3,'0451','150800',128.83,45.8516,'Fangzheng',NULL),(230125,'宾县',230100,'宾县',3,'0451','150400',127.487,45.755,'Binxian',NULL),(230126,'巴彦县',230100,'巴彦',3,'0451','151800',127.408,46.0815,'Bayan',NULL),(230127,'木兰县',230100,'木兰',3,'0451','151900',128.045,45.9494,'Mulan',NULL),(230128,'通河县',230100,'通河',3,'0451','150900',128.746,45.9901,'Tonghe',NULL),(230129,'延寿县',230100,'延寿',3,'0451','150700',128.334,45.4554,'Yanshou',NULL),(230183,'尚志市',230100,'尚志',3,'0451','150600',127.962,45.2174,'Shangzhi',NULL),(230184,'五常市',230100,'五常',3,'0451','150200',127.168,44.9318,'Wuchang',NULL),(230200,'齐齐哈尔市',230000,'齐齐哈尔',2,'0452','161005',123.953,47.3481,'Qiqihar',NULL),(230202,'龙沙区',230200,'龙沙',3,'0452','161000',123.958,47.3178,'Longsha',NULL),(230203,'建华区',230200,'建华',3,'0452','161006',124.013,47.3672,'Jianhua',NULL),(230204,'铁锋区',230200,'铁锋',3,'0452','161000',123.978,47.3408,'Tiefeng',NULL),(230205,'昂昂溪区',230200,'昂昂溪',3,'0452','161031',123.822,47.1551,'Angangxi',NULL),(230206,'富拉尔基区',230200,'富拉尔基',3,'0452','161041',123.629,47.2088,'Fulaerji',NULL),(230207,'碾子山区',230200,'碾子山',3,'0452','161046',122.882,47.5166,'Nianzishan',NULL),(230208,'梅里斯达斡尔族区',230200,'梅里斯',3,'0452','161021',123.753,47.3095,'Meilisi',NULL),(230221,'龙江县',230200,'龙江',3,'0452','161100',123.205,47.3387,'Longjiang',NULL),(230223,'依安县',230200,'依安',3,'0452','161500',125.309,47.8931,'Yi\'an',NULL),(230224,'泰来县',230200,'泰来',3,'0452','162400',123.423,46.3939,'Tailai',NULL),(230225,'甘南县',230200,'甘南',3,'0452','162100',123.503,47.9244,'Gannan',NULL),(230227,'富裕县',230200,'富裕',3,'0452','161200',124.475,47.7743,'Fuyu',NULL),(230229,'克山县',230200,'克山',3,'0452','161600',125.874,48.0326,'Keshan',NULL),(230230,'克东县',230200,'克东',3,'0452','164800',126.249,48.0383,'Kedong',NULL),(230231,'拜泉县',230200,'拜泉',3,'0452','164700',126.092,47.6082,'Baiquan',NULL),(230281,'讷河市',230200,'讷河',3,'0452','161300',124.877,48.4839,'Nehe',NULL),(230300,'鸡西市',230000,'鸡西',2,'0467','158100',130.976,45.3,'Jixi',NULL),(230302,'鸡冠区',230300,'鸡冠',3,'0467','158100',130.981,45.304,'Jiguan',NULL),(230303,'恒山区',230300,'恒山',3,'0467','158130',130.905,45.2107,'Hengshan',NULL),(230304,'滴道区',230300,'滴道',3,'0467','158150',130.848,45.3511,'Didao',NULL),(230305,'梨树区',230300,'梨树',3,'0467','158160',130.698,45.0904,'Lishu',NULL),(230306,'城子河区',230300,'城子河',3,'0467','158170',131.011,45.3369,'Chengzihe',NULL),(230307,'麻山区',230300,'麻山',3,'0467','158180',130.478,45.2121,'Mashan',NULL),(230321,'鸡东县',230300,'鸡东',3,'0467','158200',131.124,45.2603,'Jidong',NULL),(230381,'虎林市',230300,'虎林',3,'0467','158400',132.937,45.7629,'Hulin',NULL),(230382,'密山市',230300,'密山',3,'0467','158300',131.846,45.5297,'Mishan',NULL),(230400,'鹤岗市',230000,'鹤岗',2,'0468','154100',130.277,47.3321,'Hegang',NULL),(230402,'向阳区',230400,'向阳',3,'0468','154100',130.294,47.3425,'Xiangyang',NULL),(230403,'工农区',230400,'工农',3,'0468','154101',130.275,47.3187,'Gongnong',NULL),(230404,'南山区',230400,'南山',3,'0468','154104',130.277,47.314,'Nanshan',NULL),(230405,'兴安区',230400,'兴安',3,'0468','154102',130.24,47.2526,'Xing\'an',NULL),(230406,'东山区',230400,'东山',3,'0468','154106',130.317,47.3385,'Dongshan',NULL),(230407,'兴山区',230400,'兴山',3,'0468','154105',130.293,47.3578,'Xingshan',NULL),(230421,'萝北县',230400,'萝北',3,'0468','154200',130.833,47.5796,'Luobei',NULL),(230422,'绥滨县',230400,'绥滨',3,'0468','156200',131.86,47.2903,'Suibin',NULL),(230500,'双鸭山市',230000,'双鸭山',2,'0469','155100',131.157,46.6434,'Shuangyashan',NULL),(230502,'尖山区',230500,'尖山',3,'0469','155100',131.158,46.6464,'Jianshan',NULL),(230503,'岭东区',230500,'岭东',3,'0469','155120',131.165,46.5904,'Lingdong',NULL),(230505,'四方台区',230500,'四方台',3,'0469','155130',131.336,46.595,'Sifangtai',NULL),(230506,'宝山区',230500,'宝山',3,'0469','155131',131.402,46.5772,'Baoshan',NULL),(230521,'集贤县',230500,'集贤',3,'0469','155900',131.141,46.7268,'Jixian',NULL),(230522,'友谊县',230500,'友谊',3,'0469','155800',131.808,46.7674,'Youyi',NULL),(230523,'宝清县',230500,'宝清',3,'0469','155600',132.197,46.3272,'Baoqing',NULL),(230524,'饶河县',230500,'饶河',3,'0469','155700',134.02,46.799,'Raohe',NULL),(230600,'大庆市',230000,'大庆',2,'0459','163000',125.113,46.5907,'Daqing',NULL),(230602,'萨尔图区',230600,'萨尔图',3,'0459','163001',125.088,46.5936,'Saertu',NULL),(230603,'龙凤区',230600,'龙凤',3,'0459','163711',125.117,46.5327,'Longfeng',NULL),(230604,'让胡路区',230600,'让胡路',3,'0459','163712',124.871,46.6522,'Ranghulu',NULL),(230605,'红岗区',230600,'红岗',3,'0459','163511',124.892,46.4013,'Honggang',NULL),(230606,'大同区',230600,'大同',3,'0459','163515',124.816,46.033,'Datong',NULL),(230621,'肇州县',230600,'肇州',3,'0459','166400',125.271,45.7041,'Zhaozhou',NULL),(230622,'肇源县',230600,'肇源',3,'0459','166500',125.085,45.5203,'Zhaoyuan',NULL),(230623,'林甸县',230600,'林甸',3,'0459','166300',124.876,47.186,'Lindian',NULL),(230624,'杜尔伯特蒙古族自治县',230600,'杜尔伯特',3,'0459','166200',124.449,46.8651,'Duerbote',NULL),(230700,'伊春市',230000,'伊春',2,'0458','153000',128.899,47.7248,'Yichun',NULL),(230702,'伊春区',230700,'伊春',3,'0458','153000',128.908,47.728,'Yichun',NULL),(230703,'南岔区',230700,'南岔',3,'0458','153100',129.284,47.139,'Nancha',NULL),(230704,'友好区',230700,'友好',3,'0458','153031',128.84,47.8537,'Youhao',NULL),(230705,'西林区',230700,'西林',3,'0458','153025',129.312,47.481,'Xilin',NULL),(230706,'翠峦区',230700,'翠峦',3,'0458','153013',128.667,47.725,'Cuiluan',NULL),(230707,'新青区',230700,'新青',3,'0458','153036',129.537,48.2907,'Xinqing',NULL),(230708,'美溪区',230700,'美溪',3,'0458','153021',129.137,47.6351,'Meixi',NULL),(230709,'金山屯区',230700,'金山屯',3,'0458','153026',129.438,47.4135,'Jinshantun',NULL),(230710,'五营区',230700,'五营',3,'0458','153033',129.245,48.1079,'Wuying',NULL),(230711,'乌马河区',230700,'乌马河',3,'0458','153011',128.797,47.728,'Wumahe',NULL),(230712,'汤旺河区',230700,'汤旺河',3,'0458','153037',129.572,48.4518,'Tangwanghe',NULL),(230713,'带岭区',230700,'带岭',3,'0458','153106',129.024,47.0255,'Dailing',NULL),(230714,'乌伊岭区',230700,'乌伊岭',3,'0458','153038',129.44,48.596,'Wuyiling',NULL),(230715,'红星区',230700,'红星',3,'0458','153035',129.389,48.2394,'Hongxing',NULL),(230716,'上甘岭区',230700,'上甘岭',3,'0458','153032',129.024,47.9752,'Shangganling',NULL),(230722,'嘉荫县',230700,'嘉荫',3,'0458','153200',130.398,48.8917,'Jiayin',NULL),(230781,'铁力市',230700,'铁力',3,'0458','152500',128.032,46.9857,'Tieli',NULL),(230800,'佳木斯市',230000,'佳木斯',2,'0454','154002',130.362,46.8096,'Jiamusi',NULL),(230803,'向阳区',230800,'向阳',3,'0454','154002',130.365,46.8078,'Xiangyang',NULL),(230804,'前进区',230800,'前进',3,'0454','154002',130.375,46.814,'Qianjin',NULL),(230805,'东风区',230800,'东风',3,'0454','154005',130.404,46.8226,'Dongfeng',NULL),(230811,'郊区',230800,'郊区',3,'0454','154004',130.327,46.8096,'Jiaoqu',NULL),(230822,'桦南县',230800,'桦南',3,'0454','154400',130.554,46.2392,'Huanan',NULL),(230826,'桦川县',230800,'桦川',3,'0454','154300',130.719,47.023,'Huachuan',NULL),(230828,'汤原县',230800,'汤原',3,'0454','154700',129.91,46.7276,'Tangyuan',NULL),(230833,'抚远县',230800,'抚远',3,'0454','156500',134.296,48.3679,'Fuyuan',NULL),(230881,'同江市',230800,'同江',3,'0454','156400',132.511,47.6421,'Tongjiang',NULL),(230882,'富锦市',230800,'富锦',3,'0454','156100',132.037,47.2513,'Fujin',NULL),(230900,'七台河市',230000,'七台河',2,'0464','154600',131.016,45.7713,'Qitaihe',NULL),(230902,'新兴区',230900,'新兴',3,'0464','154604',130.932,45.8162,'Xinxing',NULL),(230903,'桃山区',230900,'桃山',3,'0464','154600',131.018,45.7678,'Taoshan',NULL),(230904,'茄子河区',230900,'茄子河',3,'0464','154622',131.068,45.7852,'Qiezihe',NULL),(230921,'勃利县',230900,'勃利',3,'0464','154500',130.592,45.755,'Boli',NULL),(231000,'牡丹江市',230000,'牡丹江',2,'0453','157000',129.619,44.583,'Mudanjiang',NULL),(231002,'东安区',231000,'东安',3,'0453','157000',129.627,44.5813,'Dong\'an',NULL),(231003,'阳明区',231000,'阳明',3,'0453','157013',129.635,44.596,'Yangming',NULL),(231004,'爱民区',231000,'爱民',3,'0453','157009',129.591,44.5965,'Aimin',NULL),(231005,'西安区',231000,'西安',3,'0453','157000',129.616,44.5777,'Xi\'an',NULL),(231024,'东宁县',231000,'东宁',3,'0453','157200',131.128,44.0661,'Dongning',NULL),(231025,'林口县',231000,'林口',3,'0453','157600',130.284,45.2781,'Linkou',NULL),(231081,'绥芬河市',231000,'绥芬河',3,'0453','157300',131.151,44.4125,'Suifenhe',NULL),(231083,'海林市',231000,'海林',3,'0453','157100',129.382,44.59,'Hailin',NULL),(231084,'宁安市',231000,'宁安',3,'0453','157400',129.483,44.3402,'Ning\'an',NULL),(231085,'穆棱市',231000,'穆棱',3,'0453','157500',130.525,44.919,'Muling',NULL),(231100,'黑河市',230000,'黑河',2,'0456','164300',127.499,50.2496,'Heihe',NULL),(231102,'爱辉区',231100,'爱辉',3,'0456','164300',127.501,50.252,'Aihui',NULL),(231121,'嫩江县',231100,'嫩江',3,'0456','161400',125.226,49.1784,'Nenjiang',NULL),(231123,'逊克县',231100,'逊克',3,'0456','164400',128.479,49.5798,'Xunke',NULL),(231124,'孙吴县',231100,'孙吴',3,'0456','164200',127.336,49.4254,'Sunwu',NULL),(231181,'北安市',231100,'北安',3,'0456','164000',126.482,48.2387,'Bei\'an',NULL),(231182,'五大连池市',231100,'五大连池',3,'0456','164100',126.203,48.5151,'Wudalianchi',NULL),(231200,'绥化市',230000,'绥化',2,'0455','152000',126.993,46.6374,'Suihua',NULL),(231202,'北林区',231200,'北林',3,'0455','152000',126.986,46.6373,'Beilin',NULL),(231221,'望奎县',231200,'望奎',3,'0455','152100',126.482,46.8308,'Wangkui',NULL),(231222,'兰西县',231200,'兰西',3,'0455','151500',126.29,46.2525,'Lanxi',NULL),(231223,'青冈县',231200,'青冈',3,'0455','151600',126.113,46.6853,'Qinggang',NULL),(231224,'庆安县',231200,'庆安',3,'0455','152400',127.508,46.8802,'Qing\'an',NULL),(231225,'明水县',231200,'明水',3,'0455','151700',125.906,47.1733,'Mingshui',NULL),(231226,'绥棱县',231200,'绥棱',3,'0455','152200',127.116,47.2427,'Suileng',NULL),(231281,'安达市',231200,'安达',3,'0455','151400',125.344,46.4177,'Anda',NULL),(231282,'肇东市',231200,'肇东',3,'0455','151100',125.962,46.0513,'Zhaodong',NULL),(231283,'海伦市',231200,'海伦',3,'0455','152300',126.968,47.4609,'Hailun',NULL),(232700,'大兴安岭地区',230000,'大兴安岭',2,'0457','165000',124.712,52.3353,'DaXingAnLing',NULL),(232701,'加格达奇区',232700,'加格达奇',3,'0457','165000',124.31,51.9814,'Jiagedaqi',NULL),(232702,'新林区',232700,'新林',3,'0457','165000',124.398,51.6734,'Xinlin',NULL),(232703,'松岭区',232700,'松岭',3,'0457','165000',124.19,51.9855,'Songling',NULL),(232704,'呼中区',232700,'呼中',3,'0457','165000',123.6,52.0335,'Huzhong',NULL),(232721,'呼玛县',232700,'呼玛',3,'0457','165100',126.662,51.7311,'Huma',NULL),(232722,'塔河县',232700,'塔河',3,'0457','165200',124.71,52.3343,'Tahe',NULL),(232723,'漠河县',232700,'漠河',3,'0457','165300',122.538,52.97,'Mohe',NULL),(310000,'上海',100000,'上海',1,'','',121.473,31.2317,'Shanghai',NULL),(310100,'上海市',310000,'上海',2,'021','200000',121.473,31.2317,'Shanghai',NULL),(310101,'黄浦区',310100,'黄浦',3,'021','200001',121.493,31.2234,'Huangpu',NULL),(310104,'徐汇区',310100,'徐汇',3,'021','200030',121.437,31.1883,'Xuhui',NULL),(310105,'长宁区',310100,'长宁',3,'021','200050',121.425,31.2204,'Changning',NULL),(310106,'静安区',310100,'静安',3,'021','200040',121.444,31.2288,'Jing\'an',NULL),(310107,'普陀区',310100,'普陀',3,'021','200333',121.397,31.2495,'Putuo',NULL),(310108,'闸北区',310100,'闸北',3,'021','200070',121.446,31.2808,'Zhabei',NULL),(310109,'虹口区',310100,'虹口',3,'021','200086',121.482,31.2779,'Hongkou',NULL),(310110,'杨浦区',310100,'杨浦',3,'021','200082',121.526,31.2595,'Yangpu',NULL),(310112,'闵行区',310100,'闵行',3,'021','201100',121.382,31.1125,'Minhang',NULL),(310113,'宝山区',310100,'宝山',3,'021','201900',121.489,31.4045,'Baoshan',NULL),(310114,'嘉定区',310100,'嘉定',3,'021','201800',121.266,31.3747,'Jiading',NULL),(310115,'浦东新区',310100,'浦东',3,'021','200135',121.545,31.2225,'Pudong',NULL),(310116,'金山区',310100,'金山',3,'021','200540',121.342,30.7416,'Jinshan',NULL),(310117,'松江区',310100,'松江',3,'021','201600',121.229,31.0322,'Songjiang',NULL),(310118,'青浦区',310100,'青浦',3,'021','201700',121.124,31.1497,'Qingpu',NULL),(310120,'奉贤区',310100,'奉贤',3,'021','201400',121.474,30.9179,'Fengxian',NULL),(310230,'崇明县',310100,'崇明',3,'021','202150',121.398,31.6228,'Chongming',NULL),(320000,'江苏省',100000,'江苏',1,'','',118.767,32.0415,'Jiangsu',NULL),(320100,'南京市',320000,'南京',2,'025','210008',118.767,32.0415,'Nanjing',NULL),(320102,'玄武区',320100,'玄武',3,'025','210018',118.798,32.0486,'Xuanwu',NULL),(320104,'秦淮区',320100,'秦淮',3,'025','210001',118.798,32.0111,'Qinhuai',NULL),(320105,'建邺区',320100,'建邺',3,'025','210004',118.766,32.031,'Jianye',NULL),(320106,'鼓楼区',320100,'鼓楼',3,'025','210009',118.77,32.0663,'Gulou',NULL),(320111,'浦口区',320100,'浦口',3,'025','211800',118.628,32.0588,'Pukou',NULL),(320113,'栖霞区',320100,'栖霞',3,'025','210046',118.881,32.1135,'Qixia',NULL),(320114,'雨花台区',320100,'雨花台',3,'025','210012',118.78,31.992,'Yuhuatai',NULL),(320115,'江宁区',320100,'江宁',3,'025','211100',118.84,31.9526,'Jiangning',NULL),(320116,'六合区',320100,'六合',3,'025','211500',118.841,32.3422,'Luhe',NULL),(320117,'溧水区',320100,'溧水',3,'025','211200',119.029,31.6531,'Lishui',NULL),(320118,'高淳区',320100,'高淳',3,'025','211300',118.876,31.3271,'Gaochun',NULL),(320200,'无锡市',320000,'无锡',2,'0510','214000',120.302,31.5747,'Wuxi',NULL),(320202,'崇安区',320200,'崇安',3,'0510','214001',120.3,31.58,'Chong\'an',NULL),(320203,'南长区',320200,'南长',3,'0510','214021',120.309,31.5636,'Nanchang',NULL),(320204,'北塘区',320200,'北塘',3,'0510','214044',120.294,31.6059,'Beitang',NULL),(320205,'锡山区',320200,'锡山',3,'0510','214101',120.357,31.5886,'Xishan',NULL),(320206,'惠山区',320200,'惠山',3,'0510','214174',120.298,31.6809,'Huishan',NULL),(320211,'滨湖区',320200,'滨湖',3,'0510','214123',120.295,31.5216,'Binhu',NULL),(320281,'江阴市',320200,'江阴',3,'0510','214431',120.285,31.92,'Jiangyin',NULL),(320282,'宜兴市',320200,'宜兴',3,'0510','214200',119.824,31.3398,'Yixing',NULL),(320300,'徐州市',320000,'徐州',2,'0516','221003',117.185,34.2618,'Xuzhou',NULL),(320302,'鼓楼区',320300,'鼓楼',3,'0516','221005',117.186,34.2885,'Gulou',NULL),(320303,'云龙区',320300,'云龙',3,'0516','221007',117.231,34.249,'Yunlong',NULL),(320305,'贾汪区',320300,'贾汪',3,'0516','221003',117.453,34.4426,'Jiawang',NULL),(320311,'泉山区',320300,'泉山',3,'0516','221006',117.194,34.2442,'Quanshan',NULL),(320312,'铜山区',320300,'铜山',3,'0516','221106',117.184,34.1929,'Tongshan',NULL),(320321,'丰县',320300,'丰县',3,'0516','221700',116.6,34.6997,'Fengxian',NULL),(320322,'沛县',320300,'沛县',3,'0516','221600',116.937,34.7216,'Peixian',NULL),(320324,'睢宁县',320300,'睢宁',3,'0516','221200',117.941,33.9127,'Suining',NULL),(320381,'新沂市',320300,'新沂',3,'0516','221400',118.355,34.3694,'Xinyi',NULL),(320382,'邳州市',320300,'邳州',3,'0516','221300',117.959,34.3333,'Pizhou',NULL),(320400,'常州市',320000,'常州',2,'0519','213000',119.947,31.7728,'Changzhou',NULL),(320402,'天宁区',320400,'天宁',3,'0519','213000',119.951,31.7521,'Tianning',NULL),(320404,'钟楼区',320400,'钟楼',3,'0519','213023',119.902,31.8022,'Zhonglou',NULL),(320405,'戚墅堰区',320400,'戚墅堰',3,'0519','213025',120.061,31.7196,'Qishuyan',NULL),(320411,'新北区',320400,'新北',3,'0519','213022',119.971,31.8305,'Xinbei',NULL),(320412,'武进区',320400,'武进',3,'0519','213100',119.942,31.7009,'Wujin',NULL),(320481,'溧阳市',320400,'溧阳',3,'0519','213300',119.484,31.4154,'Liyang',NULL),(320482,'金坛市',320400,'金坛',3,'0519','213200',119.578,31.7404,'Jintan',NULL),(320500,'苏州市',320000,'苏州',2,'0512','215002',120.62,31.2994,'Suzhou',NULL),(320505,'虎丘区',320500,'虎丘',3,'0512','215004',120.573,31.2953,'Huqiu',NULL),(320506,'吴中区',320500,'吴中',3,'0512','215128',120.632,31.2623,'Wuzhong',NULL),(320507,'相城区',320500,'相城',3,'0512','215131',120.642,31.3689,'Xiangcheng',NULL),(320508,'姑苏区',320500,'姑苏',3,'0512','215031',120.62,31.2994,'Gusu',NULL),(320509,'吴江区',320500,'吴江',3,'0512','215200',120.638,31.1598,'Wujiang',NULL),(320581,'常熟市',320500,'常熟',3,'0512','215500',120.752,31.6537,'Changshu',NULL),(320582,'张家港市',320500,'张家港',3,'0512','215600',120.555,31.8753,'Zhangjiagang',NULL),(320583,'昆山市',320500,'昆山',3,'0512','215300',120.981,31.3846,'Kunshan',NULL),(320585,'太仓市',320500,'太仓',3,'0512','215400',121.109,31.4497,'Taicang',NULL),(320600,'南通市',320000,'南通',2,'0513','226001',120.865,32.0162,'Nantong',NULL),(320602,'崇川区',320600,'崇川',3,'0513','226001',120.857,32.0098,'Chongchuan',NULL),(320611,'港闸区',320600,'港闸',3,'0513','226001',120.818,32.0316,'Gangzha',NULL),(320612,'通州区',320600,'通州',3,'0513','226300',121.073,32.0676,'Tongzhou',NULL),(320621,'海安县',320600,'海安',3,'0513','226600',120.459,32.5451,'Hai\'an',NULL),(320623,'如东县',320600,'如东',3,'0513','226400',121.189,32.3144,'Rudong',NULL),(320681,'启东市',320600,'启东',3,'0513','226200',121.66,31.8108,'Qidong',NULL),(320682,'如皋市',320600,'如皋',3,'0513','226500',120.56,32.376,'Rugao',NULL),(320684,'海门市',320600,'海门',3,'0513','226100',121.17,31.8942,'Haimen',NULL),(320700,'连云港市',320000,'连云港',2,'0518','222002',119.179,34.6,'Lianyungang',NULL),(320703,'连云区',320700,'连云',3,'0518','222042',119.373,34.7529,'Lianyun',NULL),(320706,'海州区',320700,'海州',3,'0518','222003',119.131,34.5699,'Haizhou',NULL),(320707,'赣榆区',320700,'赣榆',3,'0518','222100',119.129,34.8392,'Ganyu',NULL),(320722,'东海县',320700,'东海',3,'0518','222300',118.771,34.5421,'Donghai',NULL),(320723,'灌云县',320700,'灌云',3,'0518','222200',119.239,34.2839,'Guanyun',NULL),(320724,'灌南县',320700,'灌南',3,'0518','222500',119.356,34.09,'Guannan',NULL),(320800,'淮安市',320000,'淮安',2,'0517','223001',119.021,33.5975,'Huai\'an',NULL),(320802,'清河区',320800,'清河',3,'0517','223001',119.008,33.5995,'Qinghe',NULL),(320803,'淮安区',320800,'淮安',3,'0517','223200',119.021,33.5975,'Huai\'an',NULL),(320804,'淮阴区',320800,'淮阴',3,'0517','223300',119.035,33.6317,'Huaiyin',NULL),(320811,'清浦区',320800,'清浦',3,'0517','223002',119.026,33.5523,'Qingpu',NULL),(320826,'涟水县',320800,'涟水',3,'0517','223400',119.261,33.7809,'Lianshui',NULL),(320829,'洪泽县',320800,'洪泽',3,'0517','223100',118.873,33.2943,'Hongze',NULL),(320830,'盱眙县',320800,'盱眙',3,'0517','211700',118.545,33.0109,'Xuyi',NULL),(320831,'金湖县',320800,'金湖',3,'0517','211600',119.023,33.0222,'Jinhu',NULL),(320900,'盐城市',320000,'盐城',2,'0515','224005',120.14,33.3776,'Yancheng',NULL),(320902,'亭湖区',320900,'亭湖',3,'0515','224005',120.166,33.3783,'Tinghu',NULL),(320903,'盐都区',320900,'盐都',3,'0515','224055',120.154,33.3373,'Yandu',NULL),(320921,'响水县',320900,'响水',3,'0515','224600',119.57,34.2051,'Xiangshui',NULL),(320922,'滨海县',320900,'滨海',3,'0515','224500',119.821,33.9897,'Binhai',NULL),(320923,'阜宁县',320900,'阜宁',3,'0515','224400',119.802,33.7823,'Funing',NULL),(320924,'射阳县',320900,'射阳',3,'0515','224300',120.26,33.7764,'Sheyang',NULL),(320925,'建湖县',320900,'建湖',3,'0515','224700',119.799,33.4724,'Jianhu',NULL),(320981,'东台市',320900,'东台',3,'0515','224200',120.324,32.8508,'Dongtai',NULL),(320982,'大丰市',320900,'大丰',3,'0515','224100',120.466,33.1989,'Dafeng',NULL),(321000,'扬州市',320000,'扬州',2,'0514','225002',119.421,32.3932,'Yangzhou',NULL),(321002,'广陵区',321000,'广陵',3,'0514','225002',119.432,32.3947,'Guangling',NULL),(321003,'邗江区',321000,'邗江',3,'0514','225002',119.398,32.3765,'Hanjiang',NULL),(321012,'江都区',321000,'江都',3,'0514','225200',119.567,32.4266,'Jiangdu',NULL),(321023,'宝应县',321000,'宝应',3,'0514','225800',119.312,33.2355,'Baoying',NULL),(321081,'仪征市',321000,'仪征',3,'0514','211400',119.184,32.272,'Yizheng',NULL),(321084,'高邮市',321000,'高邮',3,'0514','225600',119.46,32.7813,'Gaoyou',NULL),(321100,'镇江市',320000,'镇江',2,'0511','212004',119.453,32.2044,'Zhenjiang',NULL),(321102,'京口区',321100,'京口',3,'0511','212003',119.469,32.1981,'Jingkou',NULL),(321111,'润州区',321100,'润州',3,'0511','212005',119.411,32.1952,'Runzhou',NULL),(321112,'丹徒区',321100,'丹徒',3,'0511','212028',119.434,32.1318,'Dantu',NULL),(321181,'丹阳市',321100,'丹阳',3,'0511','212300',119.575,31.9912,'Danyang',NULL),(321182,'扬中市',321100,'扬中',3,'0511','212200',119.797,32.2363,'Yangzhong',NULL),(321183,'句容市',321100,'句容',3,'0511','212400',119.165,31.9559,'Jurong',NULL),(321200,'泰州市',320000,'泰州',2,'0523','225300',119.915,32.4849,'Taizhou',NULL),(321202,'海陵区',321200,'海陵',3,'0523','225300',119.919,32.491,'Hailing',NULL),(321203,'高港区',321200,'高港',3,'0523','225321',119.881,32.3183,'Gaogang',NULL),(321204,'姜堰区',321200,'姜堰',3,'0523','225500',120.148,32.5085,'Jiangyan',NULL),(321281,'兴化市',321200,'兴化',3,'0523','225700',119.852,32.9094,'Xinghua',NULL),(321282,'靖江市',321200,'靖江',3,'0523','214500',120.273,32.0159,'Jingjiang',NULL),(321283,'泰兴市',321200,'泰兴',3,'0523','225400',120.052,32.1719,'Taixing',NULL),(321300,'宿迁市',320000,'宿迁',2,'0527','223800',118.293,33.9452,'Suqian',NULL),(321302,'宿城区',321300,'宿城',3,'0527','223800',118.291,33.9422,'Sucheng',NULL),(321311,'宿豫区',321300,'宿豫',3,'0527','223800',118.329,33.9467,'Suyu',NULL),(321322,'沭阳县',321300,'沭阳',3,'0527','223600',118.769,34.1145,'Shuyang',NULL),(321323,'泗阳县',321300,'泗阳',3,'0527','223700',118.703,33.721,'Siyang',NULL),(321324,'泗洪县',321300,'泗洪',3,'0527','223900',118.217,33.46,'Sihong',NULL),(330000,'浙江省',100000,'浙江',1,'','',120.154,30.2875,'Zhejiang',NULL),(330100,'杭州市',330000,'杭州',2,'0571','310026',120.154,30.2875,'Hangzhou',NULL),(330102,'上城区',330100,'上城',3,'0571','310002',120.169,30.2425,'Shangcheng',NULL),(330103,'下城区',330100,'下城',3,'0571','310006',120.181,30.2815,'Xiacheng',NULL),(330104,'江干区',330100,'江干',3,'0571','310016',120.205,30.2572,'Jianggan',NULL),(330105,'拱墅区',330100,'拱墅',3,'0571','310011',120.142,30.3197,'Gongshu',NULL),(330106,'西湖区',330100,'西湖',3,'0571','310013',120.13,30.2595,'Xihu',NULL),(330108,'滨江区',330100,'滨江',3,'0571','310051',120.212,30.2083,'Binjiang',NULL),(330109,'萧山区',330100,'萧山',3,'0571','311200',120.265,30.185,'Xiaoshan',NULL),(330110,'余杭区',330100,'余杭',3,'0571','311100',120.3,30.4183,'Yuhang',NULL),(330122,'桐庐县',330100,'桐庐',3,'0571','311500',119.689,29.7978,'Tonglu',NULL),(330127,'淳安县',330100,'淳安',3,'0571','311700',119.043,29.6099,'Chun\'an',NULL),(330182,'建德市',330100,'建德',3,'0571','311600',119.282,29.476,'Jiande',NULL),(330183,'富阳区',330100,'富阳',3,'0571','311400',119.96,30.0488,'Fuyang',NULL),(330185,'临安市',330100,'临安',3,'0571','311300',119.725,30.2345,'Lin\'an',NULL),(330200,'宁波市',330000,'宁波',2,'0574','315000',121.55,29.8684,'Ningbo',NULL),(330203,'海曙区',330200,'海曙',3,'0574','315000',121.551,29.8598,'Haishu',NULL),(330204,'江东区',330200,'江东',3,'0574','315040',121.57,29.867,'Jiangdong',NULL),(330205,'江北区',330200,'江北',3,'0574','315020',121.557,29.8878,'Jiangbei',NULL),(330206,'北仑区',330200,'北仑',3,'0574','315800',121.844,29.9007,'Beilun',NULL),(330211,'镇海区',330200,'镇海',3,'0574','315200',121.716,29.9489,'Zhenhai',NULL),(330212,'鄞州区',330200,'鄞州',3,'0574','315100',121.548,29.8161,'Yinzhou',NULL),(330225,'象山县',330200,'象山',3,'0574','315700',121.869,29.4776,'Xiangshan',NULL),(330226,'宁海县',330200,'宁海',3,'0574','315600',121.431,29.2889,'Ninghai',NULL),(330281,'余姚市',330200,'余姚',3,'0574','315400',121.153,30.0387,'Yuyao',NULL),(330282,'慈溪市',330200,'慈溪',3,'0574','315300',121.266,30.1696,'Cixi',NULL),(330283,'奉化市',330200,'奉化',3,'0574','315500',121.41,29.6554,'Fenghua',NULL),(330300,'温州市',330000,'温州',2,'0577','325000',120.672,28.0006,'Wenzhou',NULL),(330302,'鹿城区',330300,'鹿城',3,'0577','325000',120.655,28.0149,'Lucheng',NULL),(330303,'龙湾区',330300,'龙湾',3,'0577','325013',120.831,27.9128,'Longwan',NULL),(330304,'瓯海区',330300,'瓯海',3,'0577','325005',120.638,28.0071,'Ouhai',NULL),(330322,'洞头县',330300,'洞头',3,'0577','325700',121.156,27.8363,'Dongtou',NULL),(330324,'永嘉县',330300,'永嘉',3,'0577','325100',120.693,28.1546,'Yongjia',NULL),(330326,'平阳县',330300,'平阳',3,'0577','325400',120.565,27.6625,'Pingyang',NULL),(330327,'苍南县',330300,'苍南',3,'0577','325800',120.426,27.5174,'Cangnan',NULL),(330328,'文成县',330300,'文成',3,'0577','325300',120.091,27.7868,'Wencheng',NULL),(330329,'泰顺县',330300,'泰顺',3,'0577','325500',119.718,27.5569,'Taishun',NULL),(330381,'瑞安市',330300,'瑞安',3,'0577','325200',120.655,27.7804,'Rui\'an',NULL),(330382,'乐清市',330300,'乐清',3,'0577','325600',120.962,28.124,'Yueqing',NULL),(330400,'嘉兴市',330000,'嘉兴',2,'0573','314000',120.751,30.7627,'Jiaxing',NULL),(330402,'南湖区',330400,'南湖',3,'0573','314051',120.785,30.7486,'Nanhu',NULL),(330411,'秀洲区',330400,'秀洲',3,'0573','314031',120.709,30.7645,'Xiuzhou',NULL),(330421,'嘉善县',330400,'嘉善',3,'0573','314100',120.926,30.8299,'Jiashan',NULL),(330424,'海盐县',330400,'海盐',3,'0573','314300',120.946,30.5255,'Haiyan',NULL),(330481,'海宁市',330400,'海宁',3,'0573','314400',120.681,30.5097,'Haining',NULL),(330482,'平湖市',330400,'平湖',3,'0573','314200',121.022,30.6962,'Pinghu',NULL),(330483,'桐乡市',330400,'桐乡',3,'0573','314500',120.565,30.6302,'Tongxiang',NULL),(330500,'湖州市',330000,'湖州',2,'0572','313000',120.102,30.8672,'Huzhou',NULL),(330502,'吴兴区',330500,'吴兴',3,'0572','313000',120.125,30.8575,'Wuxing',NULL),(330503,'南浔区',330500,'南浔',3,'0572','313009',120.42,30.8669,'Nanxun',NULL),(330521,'德清县',330500,'德清',3,'0572','313200',119.978,30.5337,'Deqing',NULL),(330522,'长兴县',330500,'长兴',3,'0572','313100',119.908,31.0061,'Changxing',NULL),(330523,'安吉县',330500,'安吉',3,'0572','313300',119.682,30.638,'Anji',NULL),(330600,'绍兴市',330000,'绍兴',2,'0575','312000',120.582,29.9971,'Shaoxing',NULL),(330602,'越城区',330600,'越城',3,'0575','312000',120.582,29.989,'Yuecheng',NULL),(330603,'柯桥区',330600,'柯桥',3,'0575','312030',120.493,30.0876,'Keqiao ',NULL),(330604,'上虞区',330600,'上虞',3,'0575','312300',120.476,30.078,'Shangyu',NULL),(330624,'新昌县',330600,'新昌',3,'0575','312500',120.904,29.4999,'Xinchang',NULL),(330681,'诸暨市',330600,'诸暨',3,'0575','311800',120.236,29.7136,'Zhuji',NULL),(330683,'嵊州市',330600,'嵊州',3,'0575','312400',120.822,29.5885,'Shengzhou',NULL),(330700,'金华市',330000,'金华',2,'0579','321000',119.65,29.0895,'Jinhua',NULL),(330702,'婺城区',330700,'婺城',3,'0579','321000',119.571,29.0952,'Wucheng',NULL),(330703,'金东区',330700,'金东',3,'0579','321000',119.693,29.0991,'Jindong',NULL),(330723,'武义县',330700,'武义',3,'0579','321200',119.816,28.8933,'Wuyi',NULL),(330726,'浦江县',330700,'浦江',3,'0579','322200',119.892,29.4535,'Pujiang',NULL),(330727,'磐安县',330700,'磐安',3,'0579','322300',120.45,29.0573,'Pan\'an',NULL),(330781,'兰溪市',330700,'兰溪',3,'0579','321100',119.46,29.2084,'Lanxi',NULL),(330782,'义乌市',330700,'义乌',3,'0579','322000',120.074,29.3056,'Yiwu',NULL),(330783,'东阳市',330700,'东阳',3,'0579','322100',120.242,29.2894,'Dongyang',NULL),(330784,'永康市',330700,'永康',3,'0579','321300',120.047,28.8884,'Yongkang',NULL),(330800,'衢州市',330000,'衢州',2,'0570','324002',118.873,28.9417,'Quzhou',NULL),(330802,'柯城区',330800,'柯城',3,'0570','324100',118.871,28.9686,'Kecheng',NULL),(330803,'衢江区',330800,'衢江',3,'0570','324022',118.96,28.9798,'Qujiang',NULL),(330822,'常山县',330800,'常山',3,'0570','324200',118.51,28.9019,'Changshan',NULL),(330824,'开化县',330800,'开化',3,'0570','324300',118.416,29.1378,'Kaihua',NULL),(330825,'龙游县',330800,'龙游',3,'0570','324400',119.172,29.0282,'Longyou',NULL),(330881,'江山市',330800,'江山',3,'0570','324100',118.627,28.7386,'Jiangshan',NULL),(330900,'舟山市',330000,'舟山',2,'0580','316000',122.107,30.016,'Zhoushan',NULL),(330902,'定海区',330900,'定海',3,'0580','316000',122.107,30.0198,'Dinghai',NULL),(330903,'普陀区',330900,'普陀',3,'0580','316100',122.303,29.9491,'Putuo',NULL),(330921,'岱山县',330900,'岱山',3,'0580','316200',122.205,30.2439,'Daishan',NULL),(330922,'嵊泗县',330900,'嵊泗',3,'0580','202450',122.451,30.7268,'Shengsi',NULL),(331000,'台州市',330000,'台州',2,'0576','318000',121.429,28.6614,'Taizhou',NULL),(331002,'椒江区',331000,'椒江',3,'0576','318000',121.443,28.673,'Jiaojiang',NULL),(331003,'黄岩区',331000,'黄岩',3,'0576','318020',121.259,28.6508,'Huangyan',NULL),(331004,'路桥区',331000,'路桥',3,'0576','318050',121.374,28.5802,'Luqiao',NULL),(331021,'玉环县',331000,'玉环',3,'0576','317600',121.232,28.1364,'Yuhuan',NULL),(331022,'三门县',331000,'三门',3,'0576','317100',121.394,29.1051,'Sanmen',NULL),(331023,'天台县',331000,'天台',3,'0576','317200',121.008,29.1429,'Tiantai',NULL),(331024,'仙居县',331000,'仙居',3,'0576','317300',120.729,28.8467,'Xianju',NULL),(331081,'温岭市',331000,'温岭',3,'0576','317500',121.386,28.3718,'Wenling',NULL),(331082,'临海市',331000,'临海',3,'0576','317000',121.139,28.856,'Linhai',NULL),(331100,'丽水市',330000,'丽水',2,'0578','323000',119.922,28.452,'Lishui',NULL),(331102,'莲都区',331100,'莲都',3,'0578','323000',119.913,28.4458,'Liandu',NULL),(331121,'青田县',331100,'青田',3,'0578','323900',120.29,28.139,'Qingtian',NULL),(331122,'缙云县',331100,'缙云',3,'0578','321400',120.09,28.6594,'Jinyun',NULL),(331123,'遂昌县',331100,'遂昌',3,'0578','323300',119.276,28.5929,'Suichang',NULL),(331124,'松阳县',331100,'松阳',3,'0578','323400',119.482,28.4494,'Songyang',NULL),(331125,'云和县',331100,'云和',3,'0578','323600',119.573,28.1164,'Yunhe',NULL),(331126,'庆元县',331100,'庆元',3,'0578','323800',119.063,27.6184,'Qingyuan',NULL),(331127,'景宁畲族自治县',331100,'景宁',3,'0578','323500',119.638,27.9739,'Jingning',NULL),(331181,'龙泉市',331100,'龙泉',3,'0578','323700',119.142,28.0743,'Longquan',NULL),(331200,'舟山群岛新区',330000,'舟山新区',2,'0580','316000',122.318,29.8132,'Zhoushan',NULL),(331201,'金塘岛',331200,'金塘',3,'0580','316000',121.893,30.0406,'Jintang',NULL),(331202,'六横岛',331200,'六横',3,'0580','316000',122.143,29.6629,'Liuheng',NULL),(331203,'衢山岛',331200,'衢山',3,'0580','316000',122.358,30.4426,'Qushan',NULL),(331204,'舟山本岛西北部',331200,'舟山',3,'0580','316000',122.031,30.1404,'Zhoushan',NULL),(331205,'岱山岛西南部',331200,'岱山',3,'0580','316000',122.18,30.2773,'Daishan',NULL),(331206,'泗礁岛',331200,'泗礁',3,'0580','316000',122.458,30.7251,'Sijiao',NULL),(331207,'朱家尖岛',331200,'朱家尖',3,'0580','316000',122.391,29.9163,'Zhujiajian',NULL),(331208,'洋山岛',331200,'洋山',3,'0580','316000',121.996,30.0946,'Yangshan',NULL),(331209,'长涂岛',331200,'长涂',3,'0580','316000',122.285,30.2489,'Changtu',NULL),(331210,'虾峙岛',331200,'虾峙',3,'0580','316000',122.245,29.7529,'Xiazhi',NULL),(340000,'安徽省',100000,'安徽',1,'','',117.283,31.8612,'Anhui',NULL),(340100,'合肥市',340000,'合肥',2,'0551','230001',117.283,31.8612,'Hefei',NULL),(340102,'瑶海区',340100,'瑶海',3,'0551','230011',117.309,31.8581,'Yaohai',NULL),(340103,'庐阳区',340100,'庐阳',3,'0551','230001',117.265,31.8787,'Luyang',NULL),(340104,'蜀山区',340100,'蜀山',3,'0551','230031',117.261,31.8512,'Shushan',NULL),(340111,'包河区',340100,'包河',3,'0551','230041',117.31,31.795,'Baohe',NULL),(340121,'长丰县',340100,'长丰',3,'0551','231100',117.165,32.4796,'Changfeng',NULL),(340122,'肥东县',340100,'肥东',3,'0551','231600',117.471,31.8853,'Feidong',NULL),(340123,'肥西县',340100,'肥西',3,'0551','231200',117.168,31.7214,'Feixi',NULL),(340124,'庐江县',340100,'庐江',3,'0565','231500',117.29,31.2515,'Lujiang',NULL),(340181,'巢湖市',340100,'巢湖',3,'0565','238000',117.874,31.6005,'Chaohu',NULL),(340200,'芜湖市',340000,'芜湖',2,'0551','241000',118.376,31.3263,'Wuhu',NULL),(340202,'镜湖区',340200,'镜湖',3,'0553','241000',118.385,31.3404,'Jinghu',NULL),(340203,'弋江区',340200,'弋江',3,'0553','241000',118.373,31.3118,'Yijiang',NULL),(340207,'鸠江区',340200,'鸠江',3,'0553','241000',118.392,31.3693,'Jiujiang',NULL),(340208,'三山区',340200,'三山',3,'0553','241000',118.225,31.207,'Sanshan',NULL),(340221,'芜湖县',340200,'芜湖',3,'0553','241100',118.575,31.1348,'Wuhu',NULL),(340222,'繁昌县',340200,'繁昌',3,'0553','241200',118.2,31.0832,'Fanchang',NULL),(340223,'南陵县',340200,'南陵',3,'0553','242400',118.337,30.9197,'Nanling',NULL),(340225,'无为县',340200,'无为',3,'0565','238300',117.911,31.3031,'Wuwei',NULL),(340300,'蚌埠市',340000,'蚌埠',2,'0552','233000',117.362,32.934,'Bengbu',NULL),(340302,'龙子湖区',340300,'龙子湖',3,'0552','233000',117.394,32.943,'Longzihu',NULL),(340303,'蚌山区',340300,'蚌山',3,'0552','233000',117.368,32.9441,'Bengshan',NULL),(340304,'禹会区',340300,'禹会',3,'0552','233010',117.353,32.9334,'Yuhui',NULL),(340311,'淮上区',340300,'淮上',3,'0552','233002',117.36,32.9642,'Huaishang',NULL),(340321,'怀远县',340300,'怀远',3,'0552','233400',117.205,32.9701,'Huaiyuan',NULL),(340322,'五河县',340300,'五河',3,'0552','233300',117.891,33.1446,'Wuhe',NULL),(340323,'固镇县',340300,'固镇',3,'0552','233700',117.316,33.318,'Guzhen',NULL),(340400,'淮南市',340000,'淮南',2,'0554','232001',117.025,32.6459,'Huainan',NULL),(340402,'大通区',340400,'大通',3,'0554','232033',117.053,32.6326,'Datong',NULL),(340403,'田家庵区',340400,'田家庵',3,'0554','232000',117.017,32.647,'Tianjiaan',NULL),(340404,'谢家集区',340400,'谢家集',3,'0554','232052',116.864,32.5982,'Xiejiaji',NULL),(340405,'八公山区',340400,'八公山',3,'0554','232072',116.837,32.6294,'Bagongshan',NULL),(340406,'潘集区',340400,'潘集',3,'0554','232082',116.816,32.7829,'Panji',NULL),(340421,'凤台县',340400,'凤台',3,'0554','232100',116.716,32.7075,'Fengtai',NULL),(340500,'马鞍山市',340000,'马鞍山',2,'0555','243001',118.508,31.6894,'Ma\'anshan',NULL),(340503,'花山区',340500,'花山',3,'0555','243000',118.512,31.7001,'Huashan',NULL),(340504,'雨山区',340500,'雨山',3,'0555','243071',118.499,31.6822,'Yushan',NULL),(340506,'博望区',340500,'博望',3,'0555','243131',118.844,31.5619,'Bowang',NULL),(340521,'当涂县',340500,'当涂',3,'0555','243100',118.498,31.571,'Dangtu',NULL),(340522,'含山县',340500,'含山',3,'0555','238100',118.106,31.7278,'Hanshan ',NULL),(340523,'和县',340500,'和县',3,'0555','238200',118.351,31.7418,'Hexian',NULL),(340600,'淮北市',340000,'淮北',2,'0561','235000',116.795,33.9717,'Huaibei',NULL),(340602,'杜集区',340600,'杜集',3,'0561','235000',116.83,33.9936,'Duji',NULL),(340603,'相山区',340600,'相山',3,'0561','235000',116.795,33.9598,'Xiangshan',NULL),(340604,'烈山区',340600,'烈山',3,'0561','235000',116.814,33.8936,'Lieshan',NULL),(340621,'濉溪县',340600,'濉溪',3,'0561','235100',116.768,33.9146,'Suixi',NULL),(340700,'铜陵市',340000,'铜陵',2,'0562','244000',117.817,30.9299,'Tongling',NULL),(340702,'铜官山区',340700,'铜官山',3,'0562','244000',117.815,30.9342,'Tongguanshan',NULL),(340703,'狮子山区',340700,'狮子山',3,'0562','244000',117.892,30.9263,'Shizishan',NULL),(340711,'郊区',340700,'郊区',3,'0562','244000',117.809,30.9198,'Jiaoqu',NULL),(340721,'铜陵县',340700,'铜陵',3,'0562','244100',117.791,30.9536,'Tongling',NULL),(340800,'安庆市',340000,'安庆',2,'0556','246001',117.054,30.5248,'Anqing',NULL),(340802,'迎江区',340800,'迎江',3,'0556','246001',117.049,30.5042,'Yingjiang',NULL),(340803,'大观区',340800,'大观',3,'0556','246002',117.034,30.5122,'Daguan',NULL),(340811,'宜秀区',340800,'宜秀',3,'0556','246003',117.061,30.5078,'Yixiu',NULL),(340822,'怀宁县',340800,'怀宁',3,'0556','246100',116.83,30.7338,'Huaining',NULL),(340823,'枞阳县',340800,'枞阳',3,'0556','246700',117.22,30.6996,'Zongyang',NULL),(340824,'潜山县',340800,'潜山',3,'0556','246300',116.576,30.6304,'Qianshan',NULL),(340825,'太湖县',340800,'太湖',3,'0556','246400',116.309,30.4541,'Taihu',NULL),(340826,'宿松县',340800,'宿松',3,'0556','246500',116.129,30.1536,'Susong',NULL),(340827,'望江县',340800,'望江',3,'0556','246200',116.688,30.1259,'Wangjiang',NULL),(340828,'岳西县',340800,'岳西',3,'0556','246600',116.36,30.8498,'Yuexi',NULL),(340881,'桐城市',340800,'桐城',3,'0556','231400',116.951,31.0522,'Tongcheng',NULL),(341000,'黄山市',340000,'黄山',2,'0559','245000',118.317,29.7092,'Huangshan',NULL),(341002,'屯溪区',341000,'屯溪',3,'0559','245000',118.334,29.7114,'Tunxi',NULL),(341003,'黄山区',341000,'黄山',3,'0559','242700',118.142,30.2729,'Huangshan',NULL),(341004,'徽州区',341000,'徽州',3,'0559','245061',118.337,29.8278,'Huizhou',NULL),(341021,'歙县',341000,'歙县',3,'0559','245200',118.437,29.8675,'Shexian',NULL),(341022,'休宁县',341000,'休宁',3,'0559','245400',118.181,29.7861,'Xiuning',NULL),(341023,'黟县',341000,'黟县',3,'0559','245500',117.941,29.9259,'Yixian',NULL),(341024,'祁门县',341000,'祁门',3,'0559','245600',117.718,29.8572,'Qimen',NULL),(341100,'滁州市',340000,'滁州',2,'0550','239000',118.316,32.3036,'Chuzhou',NULL),(341102,'琅琊区',341100,'琅琊',3,'0550','239000',118.305,32.2952,'Langya',NULL),(341103,'南谯区',341100,'南谯',3,'0550','239000',118.312,32.3186,'Nanqiao',NULL),(341122,'来安县',341100,'来安',3,'0550','239200',118.434,32.4518,'Lai\'an',NULL),(341124,'全椒县',341100,'全椒',3,'0550','239500',118.273,32.0852,'Quanjiao',NULL),(341125,'定远县',341100,'定远',3,'0550','233200',117.68,32.5249,'Dingyuan',NULL),(341126,'凤阳县',341100,'凤阳',3,'0550','233100',117.565,32.8651,'Fengyang',NULL),(341181,'天长市',341100,'天长',3,'0550','239300',118.999,32.6912,'Tianchang',NULL),(341182,'明光市',341100,'明光',3,'0550','239400',117.991,32.7782,'Mingguang',NULL),(341200,'阜阳市',340000,'阜阳',2,'0558','236033',115.82,32.897,'Fuyang',NULL),(341202,'颍州区',341200,'颍州',3,'0558','236001',115.807,32.8835,'Yingzhou',NULL),(341203,'颍东区',341200,'颍东',3,'0558','236058',115.857,32.913,'Yingdong',NULL),(341204,'颍泉区',341200,'颍泉',3,'0558','236045',115.807,32.9249,'Yingquan',NULL),(341221,'临泉县',341200,'临泉',3,'0558','236400',115.262,33.0676,'Linquan',NULL),(341222,'太和县',341200,'太和',3,'0558','236600',115.622,33.1603,'Taihe',NULL),(341225,'阜南县',341200,'阜南',3,'0558','236300',115.586,32.6355,'Funan',NULL),(341226,'颍上县',341200,'颍上',3,'0558','236200',116.265,32.63,'Yingshang',NULL),(341282,'界首市',341200,'界首',3,'0558','236500',115.374,33.2571,'Jieshou',NULL),(341300,'宿州市',340000,'宿州',2,'0557','234000',116.984,33.6339,'Suzhou',NULL),(341302,'埇桥区',341300,'埇桥',3,'0557','234000',116.977,33.6406,'Yongqiao',NULL),(341321,'砀山县',341300,'砀山',3,'0557','235300',116.354,34.4236,'Dangshan',NULL),(341322,'萧县',341300,'萧县',3,'0557','235200',116.945,34.1879,'Xiaoxian',NULL),(341323,'灵璧县',341300,'灵璧',3,'0557','234200',117.558,33.5434,'Lingbi',NULL),(341324,'泗县',341300,'泗县',3,'0557','234300',117.91,33.4829,'Sixian',NULL),(341500,'六安市',340000,'六安',2,'0564','237000',116.508,31.7529,'Lu\'an',NULL),(341502,'金安区',341500,'金安',3,'0564','237005',116.509,31.7557,'Jin\'an',NULL),(341503,'裕安区',341500,'裕安',3,'0564','237010',116.48,31.7379,'Yu\'an',NULL),(341521,'寿县',341500,'寿县',3,'0564','232200',116.785,32.5765,'Shouxian',NULL),(341522,'霍邱县',341500,'霍邱',3,'0564','237400',116.278,32.353,'Huoqiu',NULL),(341523,'舒城县',341500,'舒城',3,'0564','231300',116.945,31.4641,'Shucheng',NULL),(341524,'金寨县',341500,'金寨',3,'0564','237300',115.935,31.7351,'Jinzhai',NULL),(341525,'霍山县',341500,'霍山',3,'0564','237200',116.333,31.3929,'Huoshan',NULL),(341600,'亳州市',340000,'亳州',2,'0558','236802',115.783,33.8693,'Bozhou',NULL),(341602,'谯城区',341600,'谯城',3,'0558','236800',115.779,33.8753,'Qiaocheng',NULL),(341621,'涡阳县',341600,'涡阳',3,'0558','233600',116.217,33.5091,'Guoyang',NULL),(341622,'蒙城县',341600,'蒙城',3,'0558','233500',116.565,33.2648,'Mengcheng',NULL),(341623,'利辛县',341600,'利辛',3,'0558','236700',116.208,33.142,'Lixin',NULL),(341700,'池州市',340000,'池州',2,'0566','247100',117.489,30.656,'Chizhou',NULL),(341702,'贵池区',341700,'贵池',3,'0566','247100',117.487,30.6528,'Guichi',NULL),(341721,'东至县',341700,'东至',3,'0566','247200',117.027,30.0969,'Dongzhi',NULL),(341722,'石台县',341700,'石台',3,'0566','245100',117.487,30.2104,'Shitai',NULL),(341723,'青阳县',341700,'青阳',3,'0566','242800',117.847,30.6393,'Qingyang',NULL),(341800,'宣城市',340000,'宣城',2,'0563','242000',118.758,30.9457,'Xuancheng',NULL),(341802,'宣州区',341800,'宣州',3,'0563','242000',118.755,30.9444,'Xuanzhou',NULL),(341821,'郎溪县',341800,'郎溪',3,'0563','242100',119.179,31.126,'Langxi',NULL),(341822,'广德县',341800,'广德',3,'0563','242200',119.418,30.8937,'Guangde',NULL),(341823,'泾县',341800,'泾县',3,'0563','242500',118.42,30.695,'Jingxian',NULL),(341824,'绩溪县',341800,'绩溪',3,'0563','245300',118.598,30.0707,'Jixi',NULL),(341825,'旌德县',341800,'旌德',3,'0563','242600',118.543,30.289,'Jingde',NULL),(341881,'宁国市',341800,'宁国',3,'0563','242300',118.983,30.6238,'Ningguo',NULL),(350000,'福建省',100000,'福建',1,'','',119.306,26.0753,'Fujian',NULL),(350100,'福州市',350000,'福州',2,'0591','350001',119.306,26.0753,'Fuzhou',NULL),(350102,'鼓楼区',350100,'鼓楼',3,'0591','350001',119.304,26.0823,'Gulou',NULL),(350103,'台江区',350100,'台江',3,'0591','350004',119.309,26.062,'Taijiang',NULL),(350104,'仓山区',350100,'仓山',3,'0591','350007',119.315,26.0434,'Cangshan',NULL),(350105,'马尾区',350100,'马尾',3,'0591','350015',119.455,25.9894,'Mawei',NULL),(350111,'晋安区',350100,'晋安',3,'0591','350011',119.328,26.0818,'Jin\'an',NULL),(350121,'闽侯县',350100,'闽侯',3,'0591','350100',119.134,26.1501,'Minhou',NULL),(350122,'连江县',350100,'连江',3,'0591','350500',119.534,26.1947,'Lianjiang',NULL),(350123,'罗源县',350100,'罗源',3,'0591','350600',119.551,26.4875,'Luoyuan',NULL),(350124,'闽清县',350100,'闽清',3,'0591','350800',118.862,26.219,'Minqing',NULL),(350125,'永泰县',350100,'永泰',3,'0591','350700',118.936,25.8682,'Yongtai',NULL),(350128,'平潭县',350100,'平潭',3,'0591','350400',119.791,25.5037,'Pingtan',NULL),(350181,'福清市',350100,'福清',3,'0591','350300',119.385,25.7209,'Fuqing',NULL),(350182,'长乐市',350100,'长乐',3,'0591','350200',119.523,25.9628,'Changle',NULL),(350200,'厦门市',350000,'厦门',2,'0592','361003',118.11,24.4905,'Xiamen',NULL),(350203,'思明区',350200,'思明',3,'0592','361001',118.082,24.4454,'Siming',NULL),(350205,'海沧区',350200,'海沧',3,'0592','361026',118.033,24.4846,'Haicang',NULL),(350206,'湖里区',350200,'湖里',3,'0592','361006',118.146,24.5125,'Huli',NULL),(350211,'集美区',350200,'集美',3,'0592','361021',118.097,24.5758,'Jimei',NULL),(350212,'同安区',350200,'同安',3,'0592','361100',118.152,24.7231,'Tong\'an',NULL),(350213,'翔安区',350200,'翔安',3,'0592','361101',118.248,24.6186,'Xiang\'an',NULL),(350300,'莆田市',350000,'莆田',2,'0594','351100',119.008,25.431,'Putian',NULL),(350302,'城厢区',350300,'城厢',3,'0594','351100',118.995,25.4187,'Chengxiang',NULL),(350303,'涵江区',350300,'涵江',3,'0594','351111',119.116,25.4588,'Hanjiang',NULL),(350304,'荔城区',350300,'荔城',3,'0594','351100',119.013,25.4337,'Licheng',NULL),(350305,'秀屿区',350300,'秀屿',3,'0594','351152',119.106,25.3183,'Xiuyu',NULL),(350322,'仙游县',350300,'仙游',3,'0594','351200',118.692,25.3621,'Xianyou',NULL),(350400,'三明市',350000,'三明',2,'0598','365000',117.635,26.2654,'Sanming',NULL),(350402,'梅列区',350400,'梅列',3,'0598','365000',117.646,26.2717,'Meilie',NULL),(350403,'三元区',350400,'三元',3,'0598','365001',117.608,26.2337,'Sanyuan',NULL),(350421,'明溪县',350400,'明溪',3,'0598','365200',117.205,26.3529,'Mingxi',NULL),(350423,'清流县',350400,'清流',3,'0598','365300',116.815,26.1714,'Qingliu',NULL),(350424,'宁化县',350400,'宁化',3,'0598','365400',116.661,26.2587,'Ninghua',NULL),(350425,'大田县',350400,'大田',3,'0598','366100',117.847,25.6926,'Datian',NULL),(350426,'尤溪县',350400,'尤溪',3,'0598','365100',118.19,26.17,'Youxi',NULL),(350427,'沙县',350400,'沙县',3,'0598','365500',117.793,26.3962,'Shaxian',NULL),(350428,'将乐县',350400,'将乐',3,'0598','353300',117.473,26.7284,'Jiangle',NULL),(350429,'泰宁县',350400,'泰宁',3,'0598','354400',117.176,26.9001,'Taining',NULL),(350430,'建宁县',350400,'建宁',3,'0598','354500',116.846,26.8309,'Jianning',NULL),(350481,'永安市',350400,'永安',3,'0598','366000',117.365,25.9414,'Yong\'an',NULL),(350500,'泉州市',350000,'泉州',2,'0595','362000',118.589,24.9089,'Quanzhou',NULL),(350502,'鲤城区',350500,'鲤城',3,'0595','362000',118.566,24.8874,'Licheng',NULL),(350503,'丰泽区',350500,'丰泽',3,'0595','362000',118.613,24.8912,'Fengze',NULL),(350504,'洛江区',350500,'洛江',3,'0595','362011',118.671,24.9398,'Luojiang',NULL),(350505,'泉港区',350500,'泉港',3,'0595','362114',118.916,25.1201,'Quangang',NULL),(350521,'惠安县',350500,'惠安',3,'0595','362100',118.797,25.0306,'Hui\'an',NULL),(350524,'安溪县',350500,'安溪',3,'0595','362400',118.187,25.0563,'Anxi',NULL),(350525,'永春县',350500,'永春',3,'0595','362600',118.294,25.3218,'Yongchun',NULL),(350526,'德化县',350500,'德化',3,'0595','362500',118.242,25.4922,'Dehua',NULL),(350527,'金门县',350500,'金门',3,'','',118.323,24.4292,'Jinmen',NULL),(350581,'石狮市',350500,'石狮',3,'0595','362700',118.648,24.7324,'Shishi',NULL),(350582,'晋江市',350500,'晋江',3,'0595','362200',118.552,24.7814,'Jinjiang',NULL),(350583,'南安市',350500,'南安',3,'0595','362300',118.386,24.9606,'Nan\'an',NULL),(350600,'漳州市',350000,'漳州',2,'0596','363005',117.662,24.5109,'Zhangzhou',NULL),(350602,'芗城区',350600,'芗城',3,'0596','363000',117.654,24.5108,'Xiangcheng',NULL),(350603,'龙文区',350600,'龙文',3,'0596','363005',117.71,24.5032,'Longwen',NULL),(350622,'云霄县',350600,'云霄',3,'0596','363300',117.341,23.9553,'Yunxiao',NULL),(350623,'漳浦县',350600,'漳浦',3,'0596','363200',117.614,24.1171,'Zhangpu',NULL),(350624,'诏安县',350600,'诏安',3,'0596','363500',117.175,23.7115,'Zhao\'an',NULL),(350625,'长泰县',350600,'长泰',3,'0596','363900',117.759,24.6253,'Changtai',NULL),(350626,'东山县',350600,'东山',3,'0596','363400',117.428,23.7011,'Dongshan',NULL),(350627,'南靖县',350600,'南靖',3,'0596','363600',117.357,24.5145,'Nanjing',NULL),(350628,'平和县',350600,'平和',3,'0596','363700',117.312,24.364,'Pinghe',NULL),(350629,'华安县',350600,'华安',3,'0596','363800',117.541,25.0056,'Hua\'an',NULL),(350681,'龙海市',350600,'龙海',3,'0596','363100',117.818,24.4466,'Longhai',NULL),(350700,'南平市',350000,'南平',2,'0599','353000',118.178,26.6356,'Nanping',NULL),(350702,'延平区',350700,'延平',3,'0600','353000',118.182,26.6374,'Yanping',NULL),(350703,'建阳区',350700,'建阳',3,'0599','354200',118.123,27.3321,'Jianyang',NULL),(350721,'顺昌县',350700,'顺昌',3,'0605','353200',117.81,26.793,'Shunchang',NULL),(350722,'浦城县',350700,'浦城',3,'0606','353400',118.54,27.9189,'Pucheng',NULL),(350723,'光泽县',350700,'光泽',3,'0607','354100',117.333,27.5423,'Guangze',NULL),(350724,'松溪县',350700,'松溪',3,'0608','353500',118.785,27.5262,'Songxi',NULL),(350725,'政和县',350700,'政和',3,'0609','353600',118.856,27.3677,'Zhenghe',NULL),(350781,'邵武市',350700,'邵武',3,'0601','354000',117.492,27.3403,'Shaowu',NULL),(350782,'武夷山市',350700,'武夷山',3,'0602','354300',118.037,27.7554,'Wuyishan',NULL),(350783,'建瓯市',350700,'建瓯',3,'0603','353100',118.298,27.023,'Jianou',NULL),(350800,'龙岩市',350000,'龙岩',2,'0597','364000',117.03,25.0916,'Longyan',NULL),(350802,'新罗区',350800,'新罗',3,'0597','364000',117.037,25.0983,'Xinluo',NULL),(350821,'长汀县',350800,'长汀',3,'0597','366300',116.359,25.8277,'Changting',NULL),(350822,'永定区',350800,'永定',3,'0597','364100',116.732,24.723,'Yongding',NULL),(350823,'上杭县',350800,'上杭',3,'0597','364200',116.42,25.0494,'Shanghang',NULL),(350824,'武平县',350800,'武平',3,'0597','364300',116.102,25.0924,'Wuping',NULL),(350825,'连城县',350800,'连城',3,'0597','366200',116.755,25.7103,'Liancheng',NULL),(350881,'漳平市',350800,'漳平',3,'0597','364400',117.42,25.2911,'Zhangping',NULL),(350900,'宁德市',350000,'宁德',2,'0593','352100',119.527,26.6592,'Ningde',NULL),(350902,'蕉城区',350900,'蕉城',3,'0593','352100',119.526,26.6605,'Jiaocheng',NULL),(350921,'霞浦县',350900,'霞浦',3,'0593','355100',119.999,26.8858,'Xiapu',NULL),(350922,'古田县',350900,'古田',3,'0593','352200',118.747,26.5768,'Gutian',NULL),(350923,'屏南县',350900,'屏南',3,'0593','352300',118.989,26.911,'Pingnan',NULL),(350924,'寿宁县',350900,'寿宁',3,'0593','355500',119.504,27.46,'Shouning',NULL),(350925,'周宁县',350900,'周宁',3,'0593','355400',119.338,27.1066,'Zhouning',NULL),(350926,'柘荣县',350900,'柘荣',3,'0593','355300',119.9,27.2354,'Zherong',NULL),(350981,'福安市',350900,'福安',3,'0593','355000',119.649,27.0867,'Fu\'an',NULL),(350982,'福鼎市',350900,'福鼎',3,'0593','355200',120.217,27.3243,'Fuding',NULL),(360000,'江西省',100000,'江西',1,'','',115.892,28.6765,'Jiangxi',NULL),(360100,'南昌市',360000,'南昌',2,'0791','330008',115.892,28.6765,'Nanchang',NULL),(360102,'东湖区',360100,'东湖',3,'0791','330006',115.899,28.685,'Donghu',NULL),(360103,'西湖区',360100,'西湖',3,'0791','330009',115.877,28.6569,'Xihu',NULL),(360104,'青云谱区',360100,'青云谱',3,'0791','330001',115.915,28.632,'Qingyunpu',NULL),(360105,'湾里区',360100,'湾里',3,'0791','330004',115.731,28.7153,'Wanli',NULL),(360111,'青山湖区',360100,'青山湖',3,'0791','330029',115.962,28.6821,'Qingshanhu',NULL),(360121,'南昌县',360100,'南昌',3,'0791','330200',115.944,28.5456,'Nanchang',NULL),(360122,'新建县',360100,'新建',3,'0791','330100',115.815,28.6925,'Xinjian',NULL),(360123,'安义县',360100,'安义',3,'0791','330500',115.549,28.846,'Anyi',NULL),(360124,'进贤县',360100,'进贤',3,'0791','331700',116.241,28.3768,'Jinxian',NULL),(360200,'景德镇市',360000,'景德镇',2,'0798','333000',117.215,29.2926,'Jingdezhen',NULL),(360202,'昌江区',360200,'昌江',3,'0799','333000',117.184,29.2732,'Changjiang',NULL),(360203,'珠山区',360200,'珠山',3,'0800','333000',117.202,29.3013,'Zhushan',NULL),(360222,'浮梁县',360200,'浮梁',3,'0802','333400',117.215,29.3516,'Fuliang',NULL),(360281,'乐平市',360200,'乐平',3,'0801','333300',117.129,28.9629,'Leping',NULL),(360300,'萍乡市',360000,'萍乡',2,'0799','337000',113.852,27.6229,'Pingxiang',NULL),(360302,'安源区',360300,'安源',3,'0800','337000',113.891,27.6165,'Anyuan',NULL),(360313,'湘东区',360300,'湘东',3,'0801','337016',113.733,27.6401,'Xiangdong',NULL),(360321,'莲花县',360300,'莲花',3,'0802','337100',113.961,27.1287,'Lianhua',NULL),(360322,'上栗县',360300,'上栗',3,'0803','337009',113.794,27.8747,'Shangli',NULL),(360323,'芦溪县',360300,'芦溪',3,'0804','337053',114.03,27.6306,'Luxi',NULL),(360400,'九江市',360000,'九江',2,'0792','332000',115.993,29.712,'Jiujiang',NULL),(360402,'庐山区',360400,'庐山',3,'0792','332005',115.989,29.6718,'Lushan',NULL),(360403,'浔阳区',360400,'浔阳',3,'0792','332000',115.99,29.7279,'Xunyang',NULL),(360421,'九江县',360400,'九江',3,'0792','332100',115.911,29.6085,'Jiujiang',NULL),(360423,'武宁县',360400,'武宁',3,'0792','332300',115.101,29.2584,'Wuning',NULL),(360424,'修水县',360400,'修水',3,'0792','332400',114.547,29.0254,'Xiushui',NULL),(360425,'永修县',360400,'永修',3,'0792','330300',115.809,29.0209,'Yongxiu',NULL),(360426,'德安县',360400,'德安',3,'0792','330400',115.756,29.3134,'De\'an',NULL),(360427,'星子县',360400,'星子',3,'0792','332800',116.045,29.4461,'Xingzi',NULL),(360428,'都昌县',360400,'都昌',3,'0792','332600',116.204,29.2733,'Duchang',NULL),(360429,'湖口县',360400,'湖口',3,'0792','332500',116.219,29.7382,'Hukou',NULL),(360430,'彭泽县',360400,'彭泽',3,'0792','332700',116.55,29.8959,'Pengze',NULL),(360481,'瑞昌市',360400,'瑞昌',3,'0792','332200',115.667,29.6718,'Ruichang',NULL),(360482,'共青城市',360400,'共青城',3,'0792','332020',115.802,29.2388,'Gongqingcheng',NULL),(360500,'新余市',360000,'新余',2,'0790','338025',114.931,27.8108,'Xinyu',NULL),(360502,'渝水区',360500,'渝水',3,'0790','338025',114.944,27.801,'Yushui',NULL),(360521,'分宜县',360500,'分宜',3,'0790','336600',114.692,27.8148,'Fenyi',NULL),(360600,'鹰潭市',360000,'鹰潭',2,'0701','335000',117.034,28.2386,'Yingtan',NULL),(360602,'月湖区',360600,'月湖',3,'0701','335000',117.037,28.2391,'Yuehu',NULL),(360622,'余江县',360600,'余江',3,'0701','335200',116.819,28.2103,'Yujiang',NULL),(360681,'贵溪市',360600,'贵溪',3,'0701','335400',117.242,28.2926,'Guixi',NULL),(360700,'赣州市',360000,'赣州',2,'0797','341000',114.94,25.851,'Ganzhou',NULL),(360702,'章贡区',360700,'章贡',3,'0797','341000',114.943,25.8624,'Zhanggong',NULL),(360703,'南康区',360700,'南康',3,'0797','341400',114.757,25.6617,'Nankang',NULL),(360721,'赣县',360700,'赣县',3,'0797','341100',115.012,25.8615,'Ganxian',NULL),(360722,'信丰县',360700,'信丰',3,'0797','341600',114.923,25.3861,'Xinfeng',NULL),(360723,'大余县',360700,'大余',3,'0797','341500',114.358,25.3956,'Dayu',NULL),(360724,'上犹县',360700,'上犹',3,'0797','341200',114.541,25.7957,'Shangyou',NULL),(360725,'崇义县',360700,'崇义',3,'0797','341300',114.308,25.6819,'Chongyi',NULL),(360726,'安远县',360700,'安远',3,'0797','342100',115.395,25.1371,'Anyuan',NULL),(360727,'龙南县',360700,'龙南',3,'0797','341700',114.79,24.9109,'Longnan',NULL),(360728,'定南县',360700,'定南',3,'0797','341900',115.027,24.784,'Dingnan',NULL),(360729,'全南县',360700,'全南',3,'0797','341800',114.529,24.7432,'Quannan',NULL),(360730,'宁都县',360700,'宁都',3,'0797','342800',116.016,26.4723,'Ningdu',NULL),(360731,'于都县',360700,'于都',3,'0797','342300',115.414,25.9526,'Yudu',NULL),(360732,'兴国县',360700,'兴国',3,'0797','342400',115.363,26.3378,'Xingguo',NULL),(360733,'会昌县',360700,'会昌',3,'0797','342600',115.786,25.6007,'Huichang',NULL),(360734,'寻乌县',360700,'寻乌',3,'0797','342200',115.649,24.9551,'Xunwu',NULL),(360735,'石城县',360700,'石城',3,'0797','342700',116.344,26.3262,'Shicheng',NULL),(360781,'瑞金市',360700,'瑞金',3,'0797','342500',116.027,25.8856,'Ruijin',NULL),(360800,'吉安市',360000,'吉安',2,'0796','343000',114.986,27.1117,'Ji\'an',NULL),(360802,'吉州区',360800,'吉州',3,'0796','343000',114.976,27.1067,'Jizhou',NULL),(360803,'青原区',360800,'青原',3,'0796','343009',115.017,27.1058,'Qingyuan',NULL),(360821,'吉安县',360800,'吉安',3,'0796','343100',114.907,27.0405,'Ji\'an',NULL),(360822,'吉水县',360800,'吉水',3,'0796','331600',115.134,27.2107,'Jishui',NULL),(360823,'峡江县',360800,'峡江',3,'0796','331409',115.317,27.576,'Xiajiang',NULL),(360824,'新干县',360800,'新干',3,'0796','331300',115.393,27.7409,'Xingan',NULL),(360825,'永丰县',360800,'永丰',3,'0796','331500',115.442,27.3179,'Yongfeng',NULL),(360826,'泰和县',360800,'泰和',3,'0796','343700',114.908,26.7911,'Taihe',NULL),(360827,'遂川县',360800,'遂川',3,'0796','343900',114.516,26.326,'Suichuan',NULL),(360828,'万安县',360800,'万安',3,'0796','343800',114.787,26.4593,'Wan\'an',NULL),(360829,'安福县',360800,'安福',3,'0796','343200',114.62,27.3928,'Anfu',NULL),(360830,'永新县',360800,'永新',3,'0796','343400',114.242,26.9449,'Yongxin',NULL),(360881,'井冈山市',360800,'井冈山',3,'0796','343600',114.289,26.748,'Jinggangshan',NULL),(360900,'宜春市',360000,'宜春',2,'0795','336000',114.391,27.8043,'Yichun',NULL),(360902,'袁州区',360900,'袁州',3,'0795','336000',114.382,27.7965,'Yuanzhou',NULL),(360921,'奉新县',360900,'奉新',3,'0795','330700',115.4,28.6879,'Fengxin',NULL),(360922,'万载县',360900,'万载',3,'0795','336100',114.446,28.1066,'Wanzai',NULL),(360923,'上高县',360900,'上高',3,'0795','336400',114.925,28.2342,'Shanggao',NULL),(360924,'宜丰县',360900,'宜丰',3,'0795','336300',114.78,28.3855,'Yifeng',NULL),(360925,'靖安县',360900,'靖安',3,'0795','330600',115.363,28.8617,'Jing\'an',NULL),(360926,'铜鼓县',360900,'铜鼓',3,'0795','336200',114.37,28.5231,'Tonggu',NULL),(360981,'丰城市',360900,'丰城',3,'0795','331100',115.771,28.1592,'Fengcheng',NULL),(360982,'樟树市',360900,'樟树',3,'0795','331200',115.547,28.0533,'Zhangshu',NULL),(360983,'高安市',360900,'高安',3,'0795','330800',115.375,28.4178,'Gao\'an',NULL),(361000,'抚州市',360000,'抚州',2,'0794','344000',116.358,27.9839,'Fuzhou',NULL),(361002,'临川区',361000,'临川',3,'0794','344000',116.359,27.9772,'Linchuan',NULL),(361021,'南城县',361000,'南城',3,'0794','344700',116.644,27.5538,'Nancheng',NULL),(361022,'黎川县',361000,'黎川',3,'0794','344600',116.908,27.2823,'Lichuan',NULL),(361023,'南丰县',361000,'南丰',3,'0794','344500',116.526,27.2184,'Nanfeng',NULL),(361024,'崇仁县',361000,'崇仁',3,'0794','344200',116.06,27.7596,'Chongren',NULL),(361025,'乐安县',361000,'乐安',3,'0794','344300',115.831,27.4281,'Le\'an',NULL),(361026,'宜黄县',361000,'宜黄',3,'0794','344400',116.236,27.5549,'Yihuang',NULL),(361027,'金溪县',361000,'金溪',3,'0794','344800',116.774,27.9075,'Jinxi',NULL),(361028,'资溪县',361000,'资溪',3,'0794','335300',117.069,27.7049,'Zixi',NULL),(361029,'东乡县',361000,'东乡',3,'0794','331800',116.59,28.2361,'Dongxiang',NULL),(361030,'广昌县',361000,'广昌',3,'0794','344900',116.325,26.8341,'Guangchang',NULL),(361100,'上饶市',360000,'上饶',2,'0793','334000',117.971,28.4444,'Shangrao',NULL),(361102,'信州区',361100,'信州',3,'0793','334000',117.967,28.4312,'Xinzhou',NULL),(361121,'上饶县',361100,'上饶',3,'0793','334100',117.909,28.4486,'Shangrao',NULL),(361122,'广丰县',361100,'广丰',3,'0793','334600',118.192,28.4377,'Guangfeng',NULL),(361123,'玉山县',361100,'玉山',3,'0793','334700',118.245,28.6818,'Yushan',NULL),(361124,'铅山县',361100,'铅山',3,'0793','334500',117.71,28.3155,'Yanshan',NULL),(361125,'横峰县',361100,'横峰',3,'0793','334300',117.596,28.4072,'Hengfeng',NULL),(361126,'弋阳县',361100,'弋阳',3,'0793','334400',117.459,28.3745,'Yiyang',NULL),(361127,'余干县',361100,'余干',3,'0793','335100',116.696,28.7021,'Yugan',NULL),(361128,'鄱阳县',361100,'鄱阳',3,'0793','333100',116.7,29.0118,'Poyang',NULL),(361129,'万年县',361100,'万年',3,'0793','335500',117.069,28.6954,'Wannian',NULL),(361130,'婺源县',361100,'婺源',3,'0793','333200',117.861,29.2484,'Wuyuan',NULL),(361181,'德兴市',361100,'德兴',3,'0793','334200',117.579,28.9474,'Dexing',NULL),(370000,'山东省',100000,'山东',1,'','',117.001,36.6758,'Shandong',NULL),(370100,'济南市',370000,'济南',2,'0531','250001',117.001,36.6758,'Jinan',NULL),(370102,'历下区',370100,'历下',3,'0531','250014',117.077,36.6666,'Lixia',NULL),(370103,'市中区',370100,'市中区',3,'0531','250001',116.997,36.651,'Shizhongqu',NULL),(370104,'槐荫区',370100,'槐荫',3,'0531','250117',116.901,36.6514,'Huaiyin',NULL),(370105,'天桥区',370100,'天桥',3,'0531','250031',116.987,36.678,'Tianqiao',NULL),(370112,'历城区',370100,'历城',3,'0531','250100',117.065,36.68,'Licheng',NULL),(370113,'长清区',370100,'长清',3,'0531','250300',116.752,36.5535,'Changqing',NULL),(370124,'平阴县',370100,'平阴',3,'0531','250400',116.456,36.2896,'Pingyin',NULL),(370125,'济阳县',370100,'济阳',3,'0531','251400',117.173,36.9785,'Jiyang',NULL),(370126,'商河县',370100,'商河',3,'0531','251600',117.157,37.3112,'Shanghe',NULL),(370181,'章丘市',370100,'章丘',3,'0531','250200',117.537,36.7139,'Zhangqiu',NULL),(370200,'青岛市',370000,'青岛',2,'0532','266001',120.37,36.0944,'Qingdao',NULL),(370202,'市南区',370200,'市南',3,'0532','266001',120.388,36.0667,'Shinan',NULL),(370203,'市北区',370200,'市北',3,'0532','266011',120.375,36.0873,'Shibei',NULL),(370211,'黄岛区',370200,'黄岛',3,'0532','266500',120.198,35.9607,'Huangdao',NULL),(370212,'崂山区',370200,'崂山',3,'0532','266100',120.469,36.1072,'Laoshan',NULL),(370213,'李沧区',370200,'李沧',3,'0532','266021',120.433,36.145,'Licang',NULL),(370214,'城阳区',370200,'城阳',3,'0532','266041',120.396,36.3074,'Chengyang',NULL),(370281,'胶州市',370200,'胶州',3,'0532','266300',120.034,36.2644,'Jiaozhou',NULL),(370282,'即墨市',370200,'即墨',3,'0532','266200',120.447,36.3891,'Jimo',NULL),(370283,'平度市',370200,'平度',3,'0532','266700',119.96,36.7869,'Pingdu',NULL),(370285,'莱西市',370200,'莱西',3,'0532','266600',120.518,36.888,'Laixi',NULL),(370286,'西海岸新区',370200,'西海岸',3,'0532','266500',120.198,35.9607,'Xihai\'an',NULL),(370300,'淄博市',370000,'淄博',2,'0533','255039',118.048,36.8149,'Zibo',NULL),(370302,'淄川区',370300,'淄川',3,'0533','255100',117.967,36.6434,'Zichuan',NULL),(370303,'张店区',370300,'张店',3,'0533','255022',118.018,36.8068,'Zhangdian',NULL),(370304,'博山区',370300,'博山',3,'0533','255200',117.862,36.4947,'Boshan',NULL),(370305,'临淄区',370300,'临淄',3,'0533','255400',118.31,36.8259,'Linzi',NULL),(370306,'周村区',370300,'周村',3,'0533','255300',117.87,36.8032,'Zhoucun',NULL),(370321,'桓台县',370300,'桓台',3,'0533','256400',118.097,36.9604,'Huantai',NULL),(370322,'高青县',370300,'高青',3,'0533','256300',117.827,37.172,'Gaoqing',NULL),(370323,'沂源县',370300,'沂源',3,'0533','256100',118.171,36.1854,'Yiyuan',NULL),(370400,'枣庄市',370000,'枣庄',2,'0632','277101',117.558,34.8564,'Zaozhuang',NULL),(370402,'市中区',370400,'市中区',3,'0632','277101',117.556,34.8639,'Shizhongqu',NULL),(370403,'薛城区',370400,'薛城',3,'0632','277000',117.263,34.795,'Xuecheng',NULL),(370404,'峄城区',370400,'峄城',3,'0632','277300',117.591,34.7723,'Yicheng',NULL),(370405,'台儿庄区',370400,'台儿庄',3,'0632','277400',117.735,34.5636,'Taierzhuang',NULL),(370406,'山亭区',370400,'山亭',3,'0632','277200',117.466,35.0954,'Shanting',NULL),(370481,'滕州市',370400,'滕州',3,'0632','277500',117.165,35.1053,'Tengzhou',NULL),(370500,'东营市',370000,'东营',2,'0546','257093',118.496,37.4613,'Dongying',NULL),(370502,'东营区',370500,'东营',3,'0546','257029',118.582,37.4487,'Dongying',NULL),(370503,'河口区',370500,'河口',3,'0546','257200',118.525,37.8854,'Hekou',NULL),(370521,'垦利县',370500,'垦利',3,'0546','257500',118.548,37.5882,'Kenli',NULL),(370522,'利津县',370500,'利津',3,'0546','257400',118.256,37.4916,'Lijin',NULL),(370523,'广饶县',370500,'广饶',3,'0546','257300',118.407,37.0538,'Guangrao',NULL),(370600,'烟台市',370000,'烟台',2,'0635','264010',121.391,37.5393,'Yantai',NULL),(370602,'芝罘区',370600,'芝罘',3,'0635','264001',121.4,37.5406,'Zhifu',NULL),(370611,'福山区',370600,'福山',3,'0635','265500',121.268,37.4984,'Fushan',NULL),(370612,'牟平区',370600,'牟平',3,'0635','264100',121.601,37.3885,'Muping',NULL),(370613,'莱山区',370600,'莱山',3,'0635','264600',121.445,37.5117,'Laishan',NULL),(370634,'长岛县',370600,'长岛',3,'0635','265800',120.738,37.9175,'Changdao',NULL),(370681,'龙口市',370600,'龙口',3,'0635','265700',120.506,37.6406,'Longkou',NULL),(370682,'莱阳市',370600,'莱阳',3,'0635','265200',120.711,36.9801,'Laiyang',NULL),(370683,'莱州市',370600,'莱州',3,'0635','261400',119.941,37.1781,'Laizhou',NULL),(370684,'蓬莱市',370600,'蓬莱',3,'0635','265600',120.76,37.8112,'Penglai',NULL),(370685,'招远市',370600,'招远',3,'0635','265400',120.405,37.3627,'Zhaoyuan',NULL),(370686,'栖霞市',370600,'栖霞',3,'0635','265300',120.85,37.3357,'Qixia',NULL),(370687,'海阳市',370600,'海阳',3,'0635','265100',121.16,36.7762,'Haiyang',NULL),(370700,'潍坊市',370000,'潍坊',2,'0536','261041',119.107,36.7093,'Weifang',NULL),(370702,'潍城区',370700,'潍城',3,'0536','261021',119.106,36.7139,'Weicheng',NULL),(370703,'寒亭区',370700,'寒亭',3,'0536','261100',119.218,36.775,'Hanting',NULL),(370704,'坊子区',370700,'坊子',3,'0536','261200',119.165,36.6522,'Fangzi',NULL),(370705,'奎文区',370700,'奎文',3,'0536','261031',119.125,36.7072,'Kuiwen',NULL),(370724,'临朐县',370700,'临朐',3,'0536','262600',118.544,36.5122,'Linqu',NULL),(370725,'昌乐县',370700,'昌乐',3,'0536','262400',118.83,36.7078,'Changle',NULL),(370781,'青州市',370700,'青州',3,'0536','262500',118.479,36.6851,'Qingzhou',NULL),(370782,'诸城市',370700,'诸城',3,'0536','262200',119.41,35.9966,'Zhucheng',NULL),(370783,'寿光市',370700,'寿光',3,'0536','262700',118.74,36.8813,'Shouguang',NULL),(370784,'安丘市',370700,'安丘',3,'0536','262100',119.219,36.4785,'Anqiu',NULL),(370785,'高密市',370700,'高密',3,'0536','261500',119.757,36.384,'Gaomi',NULL),(370786,'昌邑市',370700,'昌邑',3,'0536','261300',119.398,36.8601,'Changyi',NULL),(370800,'济宁市',370000,'济宁',2,'0537','272119',116.587,35.4154,'Jining',NULL),(370811,'任城区',370800,'任城',3,'0537','272113',116.595,35.4066,'Rencheng',NULL),(370812,'兖州区',370800,'兖州',3,'0537','272000',116.827,35.5523,'Yanzhou ',NULL),(370826,'微山县',370800,'微山',3,'0537','277600',117.129,34.8071,'Weishan',NULL),(370827,'鱼台县',370800,'鱼台',3,'0537','272300',116.648,34.9967,'Yutai',NULL),(370828,'金乡县',370800,'金乡',3,'0537','272200',116.311,35.065,'Jinxiang',NULL),(370829,'嘉祥县',370800,'嘉祥',3,'0537','272400',116.342,35.4084,'Jiaxiang',NULL),(370830,'汶上县',370800,'汶上',3,'0537','272501',116.487,35.7329,'Wenshang',NULL),(370831,'泗水县',370800,'泗水',3,'0537','273200',117.279,35.6611,'Sishui',NULL),(370832,'梁山县',370800,'梁山',3,'0537','272600',116.097,35.8032,'Liangshan',NULL),(370881,'曲阜市',370800,'曲阜',3,'0537','273100',116.986,35.5809,'Qufu',NULL),(370883,'邹城市',370800,'邹城',3,'0537','273500',116.973,35.4053,'Zoucheng',NULL),(370900,'泰安市',370000,'泰安',2,'0538','271000',117.129,36.195,'Tai\'an',NULL),(370902,'泰山区',370900,'泰山',3,'0538','271000',117.134,36.1941,'Taishan',NULL),(370911,'岱岳区',370900,'岱岳',3,'0538','271000',117.042,36.1875,'Daiyue',NULL),(370921,'宁阳县',370900,'宁阳',3,'0538','271400',116.805,35.7599,'Ningyang',NULL),(370923,'东平县',370900,'东平',3,'0538','271500',116.471,35.9379,'Dongping',NULL),(370982,'新泰市',370900,'新泰',3,'0538','271200',117.77,35.9089,'Xintai',NULL),(370983,'肥城市',370900,'肥城',3,'0538','271600',116.768,36.1825,'Feicheng',NULL),(371000,'威海市',370000,'威海',2,'0631','264200',122.116,37.5097,'Weihai',NULL),(371002,'环翠区',371000,'环翠',3,'0631','264200',122.123,37.502,'Huancui',NULL),(371003,'文登区',371000,'文登',3,'0631','266440',122.057,37.1962,'Wendeng',NULL),(371082,'荣成市',371000,'荣成',3,'0631','264300',122.488,37.1652,'Rongcheng',NULL),(371083,'乳山市',371000,'乳山',3,'0631','264500',121.538,36.9192,'Rushan',NULL),(371100,'日照市',370000,'日照',2,'0633','276800',119.461,35.4286,'Rizhao',NULL),(371102,'东港区',371100,'东港',3,'0633','276800',119.462,35.4254,'Donggang',NULL),(371103,'岚山区',371100,'岚山',3,'0633','276808',119.319,35.122,'Lanshan',NULL),(371121,'五莲县',371100,'五莲',3,'0633','262300',119.207,35.75,'Wulian',NULL),(371122,'莒县',371100,'莒县',3,'0633','276500',118.838,35.5805,'Juxian',NULL),(371200,'莱芜市',370000,'莱芜',2,'0634','271100',117.678,36.2144,'Laiwu',NULL),(371202,'莱城区',371200,'莱城',3,'0634','271199',117.66,36.2032,'Laicheng',NULL),(371203,'钢城区',371200,'钢城',3,'0634','271100',117.805,36.0632,'Gangcheng',NULL),(371300,'临沂市',370000,'临沂',2,'0539','253000',118.326,35.0653,'Linyi',NULL),(371302,'兰山区',371300,'兰山',3,'0539','276002',118.348,35.0687,'Lanshan',NULL),(371311,'罗庄区',371300,'罗庄',3,'0539','276022',118.285,34.9963,'Luozhuang',NULL),(371312,'河东区',371300,'河东',3,'0539','276034',118.411,35.088,'Hedong',NULL),(371321,'沂南县',371300,'沂南',3,'0539','276300',118.471,35.5513,'Yinan',NULL),(371322,'郯城县',371300,'郯城',3,'0539','276100',118.367,34.6135,'Tancheng',NULL),(371323,'沂水县',371300,'沂水',3,'0539','276400',118.63,35.7873,'Yishui',NULL),(371324,'兰陵县',371300,'兰陵',3,'0539','277700',117.857,34.7383,'Lanling',NULL),(371325,'费县',371300,'费县',3,'0539','273400',117.978,35.2656,'Feixian',NULL),(371326,'平邑县',371300,'平邑',3,'0539','273300',117.639,35.5057,'Pingyi',NULL),(371327,'莒南县',371300,'莒南',3,'0539','276600',118.832,35.1754,'Junan',NULL),(371328,'蒙阴县',371300,'蒙阴',3,'0539','276200',117.946,35.71,'Mengyin',NULL),(371329,'临沭县',371300,'临沭',3,'0539','276700',118.653,34.9209,'Linshu',NULL),(371400,'德州市',370000,'德州',2,'0534','253000',116.307,37.454,'Dezhou',NULL),(371402,'德城区',371400,'德城',3,'0534','253012',116.299,37.4513,'Decheng',NULL),(371403,'陵城区',371400,'陵城',3,'0534','253500',116.576,37.3357,'Lingcheng',NULL),(371422,'宁津县',371400,'宁津',3,'0534','253400',116.797,37.653,'Ningjin',NULL),(371423,'庆云县',371400,'庆云',3,'0534','253700',117.386,37.7762,'Qingyun',NULL),(371424,'临邑县',371400,'临邑',3,'0534','251500',116.865,37.1905,'Linyi',NULL),(371425,'齐河县',371400,'齐河',3,'0534','251100',116.755,36.7953,'Qihe',NULL),(371426,'平原县',371400,'平原',3,'0534','253100',116.434,37.1663,'Pingyuan',NULL),(371427,'夏津县',371400,'夏津',3,'0534','253200',116.002,36.9485,'Xiajin',NULL),(371428,'武城县',371400,'武城',3,'0534','253300',116.07,37.214,'Wucheng',NULL),(371481,'乐陵市',371400,'乐陵',3,'0534','253600',117.231,37.7316,'Leling',NULL),(371482,'禹城市',371400,'禹城',3,'0534','251200',116.643,36.9344,'Yucheng',NULL),(371500,'聊城市',370000,'聊城',2,'0635','252052',115.98,36.456,'Liaocheng',NULL),(371502,'东昌府区',371500,'东昌府',3,'0635','252000',115.974,36.4446,'Dongchangfu',NULL),(371521,'阳谷县',371500,'阳谷',3,'0635','252300',115.791,36.1144,'Yanggu',NULL),(371522,'莘县',371500,'莘县',3,'0635','252400',115.67,36.2342,'Shenxian',NULL),(371523,'茌平县',371500,'茌平',3,'0635','252100',116.255,36.5797,'Chiping',NULL),(371524,'东阿县',371500,'东阿',3,'0635','252200',116.25,36.3321,'Dong\'e',NULL),(371525,'冠县',371500,'冠县',3,'0635','252500',115.442,36.4843,'Guanxian',NULL),(371526,'高唐县',371500,'高唐',3,'0635','252800',116.232,36.8653,'Gaotang',NULL),(371581,'临清市',371500,'临清',3,'0635','252600',115.706,36.8395,'Linqing',NULL),(371600,'滨州市',370000,'滨州',2,'0543','256619',118.017,37.3835,'Binzhou',NULL),(371602,'滨城区',371600,'滨城',3,'0543','256613',118.02,37.3852,'Bincheng',NULL),(371603,'沾化区',371600,'沾化',3,'0543','256800',118.132,37.6983,'Zhanhua',NULL),(371621,'惠民县',371600,'惠民',3,'0543','251700',117.511,37.4901,'Huimin',NULL),(371622,'阳信县',371600,'阳信',3,'0543','251800',117.581,37.642,'Yangxin',NULL),(371623,'无棣县',371600,'无棣',3,'0543','251900',117.614,37.7401,'Wudi',NULL),(371625,'博兴县',371600,'博兴',3,'0543','256500',118.134,37.1432,'Boxing',NULL),(371626,'邹平县',371600,'邹平',3,'0543','256200',117.743,36.8629,'Zouping',NULL),(371627,'北海新区',371600,'北海新区',3,'0543','256200',118.017,37.3835,'Beihaixinqu',NULL),(371700,'菏泽市',370000,'菏泽',2,'0530','274020',115.469,35.2465,'Heze',NULL),(371702,'牡丹区',371700,'牡丹',3,'0530','274009',115.417,35.2509,'Mudan',NULL),(371721,'曹县',371700,'曹县',3,'0530','274400',115.542,34.8266,'Caoxian',NULL),(371722,'单县',371700,'单县',3,'0530','273700',116.087,34.7951,'Shanxian',NULL),(371723,'成武县',371700,'成武',3,'0530','274200',115.89,34.9533,'Chengwu',NULL),(371724,'巨野县',371700,'巨野',3,'0530','274900',116.095,35.3979,'Juye',NULL),(371725,'郓城县',371700,'郓城',3,'0530','274700',115.944,35.6004,'Yuncheng',NULL),(371726,'鄄城县',371700,'鄄城',3,'0530','274600',115.51,35.5641,'Juancheng',NULL),(371727,'定陶县',371700,'定陶',3,'0530','274100',115.573,35.0712,'Dingtao',NULL),(371728,'东明县',371700,'东明',3,'0530','274500',115.091,35.2891,'Dongming',NULL),(410000,'河南省',100000,'河南',1,'','',113.665,34.758,'Henan',NULL),(410100,'郑州市',410000,'郑州',2,'0371','450000',113.665,34.758,'Zhengzhou',NULL),(410102,'中原区',410100,'中原',3,'0371','450007',113.613,34.7483,'Zhongyuan',NULL),(410103,'二七区',410100,'二七',3,'0371','450052',113.639,34.7234,'Erqi',NULL),(410104,'管城回族区',410100,'管城',3,'0371','450000',113.677,34.7538,'Guancheng',NULL),(410105,'金水区',410100,'金水',3,'0371','450003',113.661,34.8003,'Jinshui',NULL),(410106,'上街区',410100,'上街',3,'0371','450041',113.309,34.8028,'Shangjie',NULL),(410108,'惠济区',410100,'惠济',3,'0371','450053',113.617,34.8674,'Huiji',NULL),(410122,'中牟县',410100,'中牟',3,'0371','451450',113.976,34.719,'Zhongmu',NULL),(410181,'巩义市',410100,'巩义',3,'0371','451200',113.022,34.7479,'Gongyi',NULL),(410182,'荥阳市',410100,'荥阳',3,'0371','450100',113.383,34.7876,'Xingyang',NULL),(410183,'新密市',410100,'新密',3,'0371','452300',113.387,34.537,'Xinmi',NULL),(410184,'新郑市',410100,'新郑',3,'0371','451100',113.736,34.3955,'Xinzheng',NULL),(410185,'登封市',410100,'登封',3,'0371','452470',113.05,34.4534,'Dengfeng',NULL),(410200,'开封市',410000,'开封',2,'0378','475001',114.341,34.7971,'Kaifeng',NULL),(410202,'龙亭区',410200,'龙亭',3,'0378','475100',114.355,34.7999,'Longting',NULL),(410203,'顺河回族区',410200,'顺河',3,'0378','475000',114.361,34.7959,'Shunhe',NULL),(410204,'鼓楼区',410200,'鼓楼',3,'0378','475000',114.356,34.7952,'Gulou',NULL),(410205,'禹王台区',410200,'禹王台',3,'0378','475003',114.348,34.7769,'Yuwangtai',NULL),(410212,'祥符区',410200,'祥符',3,'0378','475100',114.439,34.7587,'Xiangfu',NULL),(410221,'杞县',410200,'杞县',3,'0378','475200',114.783,34.5503,'Qixian',NULL),(410222,'通许县',410200,'通许',3,'0378','475400',114.467,34.4752,'Tongxu',NULL),(410223,'尉氏县',410200,'尉氏',3,'0378','475500',114.193,34.4122,'Weishi',NULL),(410225,'兰考县',410200,'兰考',3,'0378','475300',114.82,34.8235,'Lankao',NULL),(410300,'洛阳市',410000,'洛阳',2,'0379','471000',112.434,34.663,'Luoyang',NULL),(410302,'老城区',410300,'老城',3,'0379','471002',112.469,34.6836,'Laocheng',NULL),(410303,'西工区',410300,'西工',3,'0379','471000',112.437,34.67,'Xigong',NULL),(410304,'瀍河回族区',410300,'瀍河',3,'0379','471002',112.5,34.6799,'Chanhe',NULL),(410305,'涧西区',410300,'涧西',3,'0379','471003',112.396,34.6582,'Jianxi',NULL),(410306,'吉利区',410300,'吉利',3,'0379','471012',112.589,34.9009,'Jili',NULL),(410311,'洛龙区',410300,'洛龙',3,'0379','471000',112.464,34.6187,'Luolong',NULL),(410322,'孟津县',410300,'孟津',3,'0379','471100',112.444,34.826,'Mengjin',NULL),(410323,'新安县',410300,'新安',3,'0379','471800',112.132,34.7281,'Xin\'an',NULL),(410324,'栾川县',410300,'栾川',3,'0379','471500',111.618,33.7858,'Luanchuan',NULL),(410325,'嵩县',410300,'嵩县',3,'0379','471400',112.085,34.1347,'Songxian',NULL),(410326,'汝阳县',410300,'汝阳',3,'0379','471200',112.473,34.1539,'Ruyang',NULL),(410327,'宜阳县',410300,'宜阳',3,'0379','471600',112.179,34.5152,'Yiyang',NULL),(410328,'洛宁县',410300,'洛宁',3,'0379','471700',111.651,34.3891,'Luoning',NULL),(410329,'伊川县',410300,'伊川',3,'0379','471300',112.429,34.4221,'Yichuan',NULL),(410381,'偃师市',410300,'偃师',3,'0379','471900',112.792,34.7281,'Yanshi',NULL),(410400,'平顶山市',410000,'平顶山',2,'0375','467000',113.308,33.7352,'Pingdingshan',NULL),(410402,'新华区',410400,'新华',3,'0375','467002',113.294,33.7373,'Xinhua',NULL),(410403,'卫东区',410400,'卫东',3,'0375','467021',113.335,33.7347,'Weidong',NULL),(410404,'石龙区',410400,'石龙',3,'0375','467045',112.899,33.8988,'Shilong',NULL),(410411,'湛河区',410400,'湛河',3,'0375','467000',113.293,33.7362,'Zhanhe',NULL),(410421,'宝丰县',410400,'宝丰',3,'0375','467400',113.055,33.8692,'Baofeng',NULL),(410422,'叶县',410400,'叶县',3,'0375','467200',113.351,33.6222,'Yexian',NULL),(410423,'鲁山县',410400,'鲁山',3,'0375','467300',112.906,33.7388,'Lushan',NULL),(410425,'郏县',410400,'郏县',3,'0375','467100',113.216,33.9707,'Jiaxian',NULL),(410481,'舞钢市',410400,'舞钢',3,'0375','462500',113.524,33.2938,'Wugang',NULL),(410482,'汝州市',410400,'汝州',3,'0375','467500',112.843,34.1614,'Ruzhou',NULL),(410500,'安阳市',410000,'安阳',2,'0372','455000',114.352,36.1034,'Anyang',NULL),(410502,'文峰区',410500,'文峰',3,'0372','455000',114.357,36.0905,'Wenfeng',NULL),(410503,'北关区',410500,'北关',3,'0372','455001',114.357,36.1187,'Beiguan',NULL),(410505,'殷都区',410500,'殷都',3,'0372','455004',114.303,36.1099,'Yindu',NULL),(410506,'龙安区',410500,'龙安',3,'0372','455001',114.348,36.119,'Long\'an',NULL),(410522,'安阳县',410500,'安阳',3,'0372','455000',114.366,36.067,'Anyang',NULL),(410523,'汤阴县',410500,'汤阴',3,'0372','456150',114.358,35.9215,'Tangyin',NULL),(410526,'滑县',410500,'滑县',3,'0372','456400',114.521,35.5807,'Huaxian',NULL),(410527,'内黄县',410500,'内黄',3,'0372','456350',114.907,35.9527,'Neihuang',NULL),(410581,'林州市',410500,'林州',3,'0372','456550',113.816,36.078,'Linzhou',NULL),(410600,'鹤壁市',410000,'鹤壁',2,'0392','458030',114.295,35.7482,'Hebi',NULL),(410602,'鹤山区',410600,'鹤山',3,'0392','458010',114.163,35.9546,'Heshan',NULL),(410603,'山城区',410600,'山城',3,'0392','458000',114.184,35.8977,'Shancheng',NULL),(410611,'淇滨区',410600,'淇滨',3,'0392','458000',114.299,35.7413,'Qibin',NULL),(410621,'浚县',410600,'浚县',3,'0392','456250',114.549,35.6708,'Xunxian',NULL),(410622,'淇县',410600,'淇县',3,'0392','456750',114.198,35.6078,'Qixian',NULL),(410700,'新乡市',410000,'新乡',2,'0373','453000',113.884,35.3026,'Xinxiang',NULL),(410702,'红旗区',410700,'红旗',3,'0373','453000',113.875,35.3037,'Hongqi',NULL),(410703,'卫滨区',410700,'卫滨',3,'0373','453000',113.866,35.3021,'Weibin',NULL),(410704,'凤泉区',410700,'凤泉',3,'0373','453011',113.915,35.384,'Fengquan',NULL),(410711,'牧野区',410700,'牧野',3,'0373','453002',113.909,35.3149,'Muye',NULL),(410721,'新乡县',410700,'新乡',3,'0373','453700',113.805,35.1908,'Xinxiang',NULL),(410724,'获嘉县',410700,'获嘉',3,'0373','453800',113.662,35.2652,'Huojia',NULL),(410725,'原阳县',410700,'原阳',3,'0373','453500',113.94,35.0657,'Yuanyang',NULL),(410726,'延津县',410700,'延津',3,'0373','453200',114.203,35.1433,'Yanjin',NULL),(410727,'封丘县',410700,'封丘',3,'0373','453300',114.419,35.0417,'Fengqiu',NULL),(410728,'长垣县',410700,'长垣',3,'0373','453400',114.669,35.2005,'Changyuan',NULL),(410781,'卫辉市',410700,'卫辉',3,'0373','453100',114.065,35.3984,'Weihui',NULL),(410782,'辉县市',410700,'辉县',3,'0373','453600',113.807,35.4631,'Huixian',NULL),(410800,'焦作市',410000,'焦作',2,'0391','454002',113.238,35.239,'Jiaozuo',NULL),(410802,'解放区',410800,'解放',3,'0391','454000',113.229,35.2402,'Jiefang',NULL),(410803,'中站区',410800,'中站',3,'0391','454191',113.183,35.2366,'Zhongzhan',NULL),(410804,'马村区',410800,'马村',3,'0391','454171',113.319,35.2691,'Macun',NULL),(410811,'山阳区',410800,'山阳',3,'0391','454002',113.255,35.2144,'Shanyang',NULL),(410821,'修武县',410800,'修武',3,'0391','454350',113.448,35.2236,'Xiuwu',NULL),(410822,'博爱县',410800,'博爱',3,'0391','454450',113.067,35.1694,'Boai',NULL),(410823,'武陟县',410800,'武陟',3,'0391','454950',113.397,35.0951,'Wuzhi',NULL),(410825,'温县',410800,'温县',3,'0391','454850',113.081,34.9402,'Wenxian',NULL),(410882,'沁阳市',410800,'沁阳',3,'0391','454550',112.945,35.0894,'Qinyang',NULL),(410883,'孟州市',410800,'孟州',3,'0391','454750',112.791,34.9071,'Mengzhou',NULL),(410900,'濮阳市',410000,'濮阳',2,'0393','457000',115.041,35.7682,'Puyang',NULL),(410902,'华龙区',410900,'华龙',3,'0393','457001',115.074,35.7774,'Hualong',NULL),(410922,'清丰县',410900,'清丰',3,'0393','457300',115.104,35.8851,'Qingfeng',NULL),(410923,'南乐县',410900,'南乐',3,'0393','457400',115.206,36.0769,'Nanle',NULL),(410926,'范县',410900,'范县',3,'0393','457500',115.504,35.8518,'Fanxian',NULL),(410927,'台前县',410900,'台前',3,'0393','457600',115.872,35.9692,'Taiqian',NULL),(410928,'濮阳县',410900,'濮阳',3,'0393','457100',115.031,35.7075,'Puyang',NULL),(411000,'许昌市',410000,'许昌',2,'0374','461000',113.826,34.023,'Xuchang',NULL),(411002,'魏都区',411000,'魏都',3,'0374','461000',113.823,34.0254,'Weidu',NULL),(411023,'许昌县',411000,'许昌',3,'0374','461100',113.847,34.0041,'Xuchang',NULL),(411024,'鄢陵县',411000,'鄢陵',3,'0374','461200',114.188,34.1032,'Yanling',NULL),(411025,'襄城县',411000,'襄城',3,'0374','461700',113.482,33.8493,'Xiangcheng',NULL),(411081,'禹州市',411000,'禹州',3,'0374','461670',113.488,34.1405,'Yuzhou',NULL),(411082,'长葛市',411000,'长葛',3,'0374','461500',113.773,34.2185,'Changge',NULL),(411100,'漯河市',410000,'漯河',2,'0395','462000',114.026,33.5759,'Luohe',NULL),(411102,'源汇区',411100,'源汇',3,'0395','462000',114.006,33.5563,'Yuanhui',NULL),(411103,'郾城区',411100,'郾城',3,'0395','462300',114.007,33.5872,'Yancheng',NULL),(411104,'召陵区',411100,'召陵',3,'0395','462300',114.094,33.586,'Zhaoling',NULL),(411121,'舞阳县',411100,'舞阳',3,'0395','462400',113.598,33.4324,'Wuyang',NULL),(411122,'临颍县',411100,'临颍',3,'0395','462600',113.937,33.8112,'Linying',NULL),(411200,'三门峡市',410000,'三门峡',2,'0398','472000',111.194,34.7773,'Sanmenxia',NULL),(411202,'湖滨区',411200,'湖滨',3,'0398','472000',111.2,34.7787,'Hubin',NULL),(411221,'渑池县',411200,'渑池',3,'0398','472400',111.762,34.7673,'Mianchi',NULL),(411222,'陕县',411200,'陕县',3,'0398','472100',111.103,34.7205,'Shanxian',NULL),(411224,'卢氏县',411200,'卢氏',3,'0398','472200',111.048,34.0544,'Lushi',NULL),(411281,'义马市',411200,'义马',3,'0398','472300',111.874,34.7472,'Yima',NULL),(411282,'灵宝市',411200,'灵宝',3,'0398','472500',110.895,34.5168,'Lingbao',NULL),(411300,'南阳市',410000,'南阳',2,'0377','473002',112.541,32.9991,'Nanyang',NULL),(411302,'宛城区',411300,'宛城',3,'0377','473001',112.54,33.0038,'Wancheng',NULL),(411303,'卧龙区',411300,'卧龙',3,'0377','473003',112.535,32.9861,'Wolong',NULL),(411321,'南召县',411300,'南召',3,'0377','474650',112.432,33.491,'Nanzhao',NULL),(411322,'方城县',411300,'方城',3,'0377','473200',113.013,33.2545,'Fangcheng',NULL),(411323,'西峡县',411300,'西峡',3,'0377','474550',111.482,33.2977,'Xixia',NULL),(411324,'镇平县',411300,'镇平',3,'0377','474250',112.24,33.0363,'Zhenping',NULL),(411325,'内乡县',411300,'内乡',3,'0377','474350',111.85,33.0467,'Neixiang',NULL),(411326,'淅川县',411300,'淅川',3,'0377','474450',111.487,33.1371,'Xichuan',NULL),(411327,'社旗县',411300,'社旗',3,'0377','473300',112.947,33.055,'Sheqi',NULL),(411328,'唐河县',411300,'唐河',3,'0377','473400',112.836,32.6945,'Tanghe',NULL),(411329,'新野县',411300,'新野',3,'0377','473500',112.362,32.517,'Xinye',NULL),(411330,'桐柏县',411300,'桐柏',3,'0377','474750',113.429,32.3792,'Tongbai',NULL),(411381,'邓州市',411300,'邓州',3,'0377','474150',112.09,32.6858,'Dengzhou',NULL),(411400,'商丘市',410000,'商丘',2,'0370','476000',115.65,34.4371,'Shangqiu',NULL),(411402,'梁园区',411400,'梁园',3,'0370','476000',115.645,34.4434,'Liangyuan',NULL),(411403,'睢阳区',411400,'睢阳',3,'0370','476100',115.653,34.388,'Suiyang',NULL),(411421,'民权县',411400,'民权',3,'0370','476800',115.146,34.6493,'Minquan',NULL),(411422,'睢县',411400,'睢县',3,'0370','476900',115.072,34.4454,'Suixian',NULL),(411423,'宁陵县',411400,'宁陵',3,'0370','476700',115.305,34.4546,'Ningling',NULL),(411424,'柘城县',411400,'柘城',3,'0370','476200',115.305,34.0911,'Zhecheng',NULL),(411425,'虞城县',411400,'虞城',3,'0370','476300',115.863,34.4019,'Yucheng',NULL),(411426,'夏邑县',411400,'夏邑',3,'0370','476400',116.133,34.2324,'Xiayi',NULL),(411481,'永城市',411400,'永城',3,'0370','476600',116.449,33.9291,'Yongcheng',NULL),(411500,'信阳市',410000,'信阳',2,'0376','464000',114.075,32.1233,'Xinyang',NULL),(411502,'浉河区',411500,'浉河',3,'0376','464000',114.059,32.1168,'Shihe',NULL),(411503,'平桥区',411500,'平桥',3,'0376','464100',114.124,32.1009,'Pingqiao',NULL),(411521,'罗山县',411500,'罗山',3,'0376','464200',114.531,32.2028,'Luoshan',NULL),(411522,'光山县',411500,'光山',3,'0376','465450',114.919,32.0099,'Guangshan',NULL),(411523,'新县',411500,'新县',3,'0376','465550',114.879,31.6439,'Xinxian',NULL),(411524,'商城县',411500,'商城',3,'0376','465350',115.409,31.7999,'Shangcheng',NULL),(411525,'固始县',411500,'固始',3,'0376','465250',115.683,32.1801,'Gushi',NULL),(411526,'潢川县',411500,'潢川',3,'0376','465150',115.047,32.1376,'Huangchuan',NULL),(411527,'淮滨县',411500,'淮滨',3,'0376','464400',115.421,32.4661,'Huaibin',NULL),(411528,'息县',411500,'息县',3,'0376','464300',114.74,32.3428,'Xixian',NULL),(411600,'周口市',410000,'周口',2,'0394','466000',114.65,33.6204,'Zhoukou',NULL),(411602,'川汇区',411600,'川汇',3,'0394','466000',114.642,33.6256,'Chuanhui',NULL),(411621,'扶沟县',411600,'扶沟',3,'0394','461300',114.395,34.06,'Fugou',NULL),(411622,'西华县',411600,'西华',3,'0394','466600',114.523,33.7855,'Xihua',NULL),(411623,'商水县',411600,'商水',3,'0394','466100',114.606,33.5391,'Shangshui',NULL),(411624,'沈丘县',411600,'沈丘',3,'0394','466300',115.099,33.4094,'Shenqiu',NULL),(411625,'郸城县',411600,'郸城',3,'0394','477150',115.177,33.6449,'Dancheng',NULL),(411626,'淮阳县',411600,'淮阳',3,'0394','466700',114.888,33.7321,'Huaiyang',NULL),(411627,'太康县',411600,'太康',3,'0394','461400',114.838,34.0638,'Taikang',NULL),(411628,'鹿邑县',411600,'鹿邑',3,'0394','477200',115.486,33.8593,'Luyi',NULL),(411681,'项城市',411600,'项城',3,'0394','466200',114.876,33.4672,'Xiangcheng',NULL),(411700,'驻马店市',410000,'驻马店',2,'0396','463000',114.025,32.9802,'Zhumadian',NULL),(411702,'驿城区',411700,'驿城',3,'0396','463000',113.994,32.9732,'Yicheng',NULL),(411721,'西平县',411700,'西平',3,'0396','463900',114.023,33.3845,'Xiping',NULL),(411722,'上蔡县',411700,'上蔡',3,'0396','463800',114.268,33.2682,'Shangcai',NULL),(411723,'平舆县',411700,'平舆',3,'0396','463400',114.636,32.9573,'Pingyu',NULL),(411724,'正阳县',411700,'正阳',3,'0396','463600',114.39,32.6039,'Zhengyang',NULL),(411725,'确山县',411700,'确山',3,'0396','463200',114.029,32.8028,'Queshan',NULL),(411726,'泌阳县',411700,'泌阳',3,'0396','463700',113.327,32.7178,'Biyang',NULL),(411727,'汝南县',411700,'汝南',3,'0396','463300',114.361,33.0046,'Runan',NULL),(411728,'遂平县',411700,'遂平',3,'0396','463100',114.013,33.1457,'Suiping',NULL),(411729,'新蔡县',411700,'新蔡',3,'0396','463500',114.982,32.7502,'Xincai',NULL),(419000,'直辖县级',410000,' ',2,'','',113.665,34.758,'',NULL),(419001,'济源市',419000,'济源',3,'0391','454650',112.59,35.0904,'Jiyuan',NULL),(420000,'湖北省',100000,'湖北',1,'','',114.299,30.5844,'Hubei',NULL),(420100,'武汉市',420000,'武汉',2,'','430014',114.299,30.5844,'Wuhan',NULL),(420102,'江岸区',420100,'江岸',3,'027','430014',114.309,30.5998,'Jiang\'an',NULL),(420103,'江汉区',420100,'江汉',3,'027','430021',114.271,30.6015,'Jianghan',NULL),(420104,'硚口区',420100,'硚口',3,'027','430033',114.264,30.5695,'Qiaokou',NULL),(420105,'汉阳区',420100,'汉阳',3,'027','430050',114.275,30.5492,'Hanyang',NULL),(420106,'武昌区',420100,'武昌',3,'027','430061',114.316,30.5539,'Wuchang',NULL),(420107,'青山区',420100,'青山',3,'027','430080',114.391,30.6343,'Qingshan',NULL),(420111,'洪山区',420100,'洪山',3,'027','430070',114.344,30.4999,'Hongshan',NULL),(420112,'东西湖区',420100,'东西湖',3,'027','430040',114.137,30.6199,'Dongxihu',NULL),(420113,'汉南区',420100,'汉南',3,'027','430090',114.085,30.3088,'Hannan',NULL),(420114,'蔡甸区',420100,'蔡甸',3,'027','430100',114.029,30.582,'Caidian',NULL),(420115,'江夏区',420100,'江夏',3,'027','430200',114.313,30.3465,'Jiangxia',NULL),(420116,'黄陂区',420100,'黄陂',3,'027','432200',114.375,30.8815,'Huangpi',NULL),(420117,'新洲区',420100,'新洲',3,'027','431400',114.801,30.8414,'Xinzhou',NULL),(420200,'黄石市',420000,'黄石',2,'0714','435003',115.077,30.2201,'Huangshi',NULL),(420202,'黄石港区',420200,'黄石港',3,'0714','435000',115.066,30.2228,'Huangshigang',NULL),(420203,'西塞山区',420200,'西塞山',3,'0714','435001',115.11,30.2049,'Xisaishan',NULL),(420204,'下陆区',420200,'下陆',3,'0714','435005',114.961,30.1737,'Xialu',NULL),(420205,'铁山区',420200,'铁山',3,'0714','435006',114.901,30.2068,'Tieshan',NULL),(420222,'阳新县',420200,'阳新',3,'0714','435200',115.215,29.8304,'Yangxin',NULL),(420281,'大冶市',420200,'大冶',3,'0714','435100',114.972,30.0944,'Daye',NULL),(420300,'十堰市',420000,'十堰',2,'0719','442000',110.785,32.647,'Shiyan',NULL),(420302,'茅箭区',420300,'茅箭',3,'0719','442012',110.813,32.5915,'Maojian',NULL),(420303,'张湾区',420300,'张湾',3,'0719','442001',110.771,32.652,'Zhangwan',NULL),(420304,'郧阳区',420300,'郧阳',3,'0719','442500',110.819,32.8359,'Yunyang',NULL),(420322,'郧西县',420300,'郧西',3,'0719','442600',110.426,32.9935,'Yunxi',NULL),(420323,'竹山县',420300,'竹山',3,'0719','442200',110.231,32.2254,'Zhushan',NULL),(420324,'竹溪县',420300,'竹溪',3,'0719','442300',109.718,32.319,'Zhuxi',NULL),(420325,'房县',420300,'房县',3,'0719','442100',110.744,32.0579,'Fangxian',NULL),(420381,'丹江口市',420300,'丹江口',3,'0719','442700',111.515,32.5409,'Danjiangkou',NULL),(420500,'宜昌市',420000,'宜昌',2,'0717','443000',111.291,30.7026,'Yichang',NULL),(420502,'西陵区',420500,'西陵',3,'0717','443000',111.286,30.7108,'Xiling',NULL),(420503,'伍家岗区',420500,'伍家岗',3,'0717','443001',111.361,30.6443,'Wujiagang',NULL),(420504,'点军区',420500,'点军',3,'0717','443006',111.268,30.6934,'Dianjun',NULL),(420505,'猇亭区',420500,'猇亭',3,'0717','443007',111.441,30.5266,'Xiaoting',NULL),(420506,'夷陵区',420500,'夷陵',3,'0717','443100',111.326,30.7688,'Yiling',NULL),(420525,'远安县',420500,'远安',3,'0717','444200',111.642,31.0599,'Yuan\'an',NULL),(420526,'兴山县',420500,'兴山',3,'0717','443711',110.75,31.3469,'Xingshan',NULL),(420527,'秭归县',420500,'秭归',3,'0717','443600',110.982,30.827,'Zigui',NULL),(420528,'长阳土家族自治县',420500,'长阳',3,'0717','443500',111.201,30.4705,'Changyang',NULL),(420529,'五峰土家族自治县',420500,'五峰',3,'0717','443413',110.675,30.1986,'Wufeng',NULL),(420581,'宜都市',420500,'宜都',3,'0717','443300',111.45,30.3781,'Yidu',NULL),(420582,'当阳市',420500,'当阳',3,'0717','444100',111.789,30.8208,'Dangyang',NULL),(420583,'枝江市',420500,'枝江',3,'0717','443200',111.769,30.4261,'Zhijiang',NULL),(420600,'襄阳市',420000,'襄阳',2,'0710','441021',112.144,32.0424,'Xiangyang',NULL),(420602,'襄城区',420600,'襄城',3,'0710','441021',112.134,32.0102,'Xiangcheng',NULL),(420606,'樊城区',420600,'樊城',3,'0710','441001',112.135,32.0448,'Fancheng',NULL),(420607,'襄州区',420600,'襄州',3,'0710','441100',112.15,32.0151,'Xiangzhou',NULL),(420624,'南漳县',420600,'南漳',3,'0710','441500',111.846,31.7765,'Nanzhang',NULL),(420625,'谷城县',420600,'谷城',3,'0710','441700',111.653,32.2638,'Gucheng',NULL),(420626,'保康县',420600,'保康',3,'0710','441600',111.261,31.8787,'Baokang',NULL),(420682,'老河口市',420600,'老河口',3,'0710','441800',111.671,32.3848,'Laohekou',NULL),(420683,'枣阳市',420600,'枣阳',3,'0710','441200',112.774,32.1314,'Zaoyang',NULL),(420684,'宜城市',420600,'宜城',3,'0710','441400',112.258,31.7197,'Yicheng',NULL),(420700,'鄂州市',420000,'鄂州',2,'0711','436000',114.891,30.3965,'Ezhou',NULL),(420702,'梁子湖区',420700,'梁子湖',3,'0711','436064',114.685,30.1,'Liangzihu',NULL),(420703,'华容区',420700,'华容',3,'0711','436030',114.736,30.5333,'Huarong',NULL),(420704,'鄂城区',420700,'鄂城',3,'0711','436000',114.892,30.4002,'Echeng',NULL),(420800,'荆门市',420000,'荆门',2,'0724','448000',112.204,31.0354,'Jingmen',NULL),(420802,'东宝区',420800,'东宝',3,'0724','448004',112.201,31.0519,'Dongbao',NULL),(420804,'掇刀区',420800,'掇刀',3,'0724','448124',112.208,30.9732,'Duodao',NULL),(420821,'京山县',420800,'京山',3,'0724','431800',113.111,31.0224,'Jingshan',NULL),(420822,'沙洋县',420800,'沙洋',3,'0724','448200',112.589,30.7092,'Shayang',NULL),(420881,'钟祥市',420800,'钟祥',3,'0724','431900',112.589,31.1678,'Zhongxiang',NULL),(420900,'孝感市',420000,'孝感',2,'0712','432100',113.927,30.9264,'Xiaogan',NULL),(420902,'孝南区',420900,'孝南',3,'0712','432100',113.911,30.9168,'Xiaonan',NULL),(420921,'孝昌县',420900,'孝昌',3,'0712','432900',113.998,31.258,'Xiaochang',NULL),(420922,'大悟县',420900,'大悟',3,'0712','432800',114.126,31.5618,'Dawu',NULL),(420923,'云梦县',420900,'云梦',3,'0712','432500',113.753,31.0209,'Yunmeng',NULL),(420981,'应城市',420900,'应城',3,'0712','432400',113.573,30.9283,'Yingcheng',NULL),(420982,'安陆市',420900,'安陆',3,'0712','432600',113.686,31.2569,'Anlu',NULL),(420984,'汉川市',420900,'汉川',3,'0712','432300',113.839,30.6612,'Hanchuan',NULL),(421000,'荆州市',420000,'荆州',2,'0716','434000',112.238,30.3269,'Jingzhou',NULL),(421002,'沙市区',421000,'沙市',3,'0716','434000',112.255,30.3111,'Shashi',NULL),(421003,'荆州区',421000,'荆州',3,'0716','434020',112.19,30.3526,'Jingzhou',NULL),(421022,'公安县',421000,'公安',3,'0716','434300',112.232,30.059,'Gong\'an',NULL),(421023,'监利县',421000,'监利',3,'0716','433300',112.895,29.8149,'Jianli',NULL),(421024,'江陵县',421000,'江陵',3,'0716','434101',112.425,30.0417,'Jiangling',NULL),(421081,'石首市',421000,'石首',3,'0716','434400',112.426,29.7213,'Shishou',NULL),(421083,'洪湖市',421000,'洪湖',3,'0716','433200',113.476,29.827,'Honghu',NULL),(421087,'松滋市',421000,'松滋',3,'0716','434200',111.767,30.1696,'Songzi',NULL),(421100,'黄冈市',420000,'黄冈',2,'0713','438000',114.879,30.4477,'Huanggang',NULL),(421102,'黄州区',421100,'黄州',3,'0713','438000',114.88,30.4344,'Huangzhou',NULL),(421121,'团风县',421100,'团风',3,'0713','438800',114.872,30.6436,'Tuanfeng',NULL),(421122,'红安县',421100,'红安',3,'0713','438401',114.622,31.2867,'Hong\'an',NULL),(421123,'罗田县',421100,'罗田',3,'0713','438600',115.4,30.7826,'Luotian',NULL),(421124,'英山县',421100,'英山',3,'0713','438700',115.681,30.7352,'Yingshan',NULL),(421125,'浠水县',421100,'浠水',3,'0713','438200',115.269,30.4527,'Xishui',NULL),(421126,'蕲春县',421100,'蕲春',3,'0713','435300',115.436,30.2261,'Qichun',NULL),(421127,'黄梅县',421100,'黄梅',3,'0713','435500',115.944,30.0703,'Huangmei',NULL),(421181,'麻城市',421100,'麻城',3,'0713','438300',115.01,31.1723,'Macheng',NULL),(421182,'武穴市',421100,'武穴',3,'0713','435400',115.56,29.8445,'Wuxue',NULL),(421200,'咸宁市',420000,'咸宁',2,'0715','437000',114.329,29.8328,'Xianning',NULL),(421202,'咸安区',421200,'咸安',3,'0715','437000',114.299,29.8529,'Xian\'an',NULL),(421221,'嘉鱼县',421200,'嘉鱼',3,'0715','437200',113.939,29.9705,'Jiayu',NULL),(421222,'通城县',421200,'通城',3,'0715','437400',113.816,29.2457,'Tongcheng',NULL),(421223,'崇阳县',421200,'崇阳',3,'0715','437500',114.04,29.5556,'Chongyang',NULL),(421224,'通山县',421200,'通山',3,'0715','437600',114.482,29.6063,'Tongshan',NULL),(421281,'赤壁市',421200,'赤壁',3,'0715','437300',113.9,29.7245,'Chibi',NULL),(421300,'随州市',420000,'随州',2,'0722','441300',113.374,31.7175,'Suizhou',NULL),(421303,'曾都区',421300,'曾都',3,'0722','441300',113.371,31.7161,'Zengdu',NULL),(421321,'随县',421300,'随县',3,'0722','441309',113.827,31.6179,'Suixian',NULL),(421381,'广水市',421300,'广水',3,'0722','432700',113.827,31.6179,'Guangshui',NULL),(422800,'恩施土家族苗族自治州',420000,'恩施',2,'0718','445000',109.487,30.2831,'Enshi',NULL),(422801,'恩施市',422800,'恩施',3,'0718','445000',109.479,30.295,'Enshi',NULL),(422802,'利川市',422800,'利川',3,'0718','445400',108.936,30.2912,'Lichuan',NULL),(422822,'建始县',422800,'建始',3,'0718','445300',109.722,30.6021,'Jianshi',NULL),(422823,'巴东县',422800,'巴东',3,'0718','444300',110.341,31.0423,'Badong',NULL),(422825,'宣恩县',422800,'宣恩',3,'0718','445500',109.492,29.9871,'Xuanen',NULL),(422826,'咸丰县',422800,'咸丰',3,'0718','445600',109.152,29.6798,'Xianfeng',NULL),(422827,'来凤县',422800,'来凤',3,'0718','445700',109.407,29.4937,'Laifeng',NULL),(422828,'鹤峰县',422800,'鹤峰',3,'0718','445800',110.031,29.8907,'Hefeng',NULL),(429000,'直辖县级',420000,' ',2,'','',114.299,30.5844,'',NULL),(429004,'仙桃市',429000,'仙桃',3,'0728','433000',113.454,30.365,'Xiantao',NULL),(429005,'潜江市',429000,'潜江',3,'0728','433100',112.897,30.4212,'Qianjiang',NULL),(429006,'天门市',429000,'天门',3,'0728','431700',113.166,30.6531,'Tianmen',NULL),(429021,'神农架林区',429000,'神农架',3,'0719','442400',110.672,31.7444,'Shennongjia',NULL),(430000,'湖南省',100000,'湖南',1,'','',112.982,28.1941,'Hunan',NULL),(430100,'长沙市',430000,'长沙',2,'0731','410005',112.982,28.1941,'Changsha',NULL),(430102,'芙蓉区',430100,'芙蓉',3,'0731','410011',113.032,28.1844,'Furong',NULL),(430103,'天心区',430100,'天心',3,'0731','410004',112.99,28.1127,'Tianxin',NULL),(430104,'岳麓区',430100,'岳麓',3,'0731','410013',112.931,28.2351,'Yuelu',NULL),(430105,'开福区',430100,'开福',3,'0731','410008',112.986,28.2558,'Kaifu',NULL),(430111,'雨花区',430100,'雨花',3,'0731','410011',113.036,28.1354,'Yuhua',NULL),(430112,'望城区',430100,'望城',3,'0731','410200',112.82,28.3475,'Wangcheng',NULL),(430121,'长沙县',430100,'长沙',3,'0731','410100',113.081,28.246,'Changsha',NULL),(430124,'宁乡县',430100,'宁乡',3,'0731','410600',112.557,28.2536,'Ningxiang',NULL),(430181,'浏阳市',430100,'浏阳',3,'0731','410300',113.643,28.1637,'Liuyang',NULL),(430200,'株洲市',430000,'株洲',2,'0731','412000',113.152,27.8358,'Zhuzhou',NULL),(430202,'荷塘区',430200,'荷塘',3,'0731','412000',113.173,27.8557,'Hetang',NULL),(430203,'芦淞区',430200,'芦淞',3,'0731','412000',113.156,27.7852,'Lusong',NULL),(430204,'石峰区',430200,'石峰',3,'0731','412005',113.118,27.8755,'Shifeng',NULL),(430211,'天元区',430200,'天元',3,'0731','412007',113.123,27.831,'Tianyuan',NULL),(430221,'株洲县',430200,'株洲',3,'0731','412100',113.144,27.6983,'Zhuzhou',NULL),(430223,'攸县',430200,'攸县',3,'0731','412300',113.344,27.0035,'Youxian',NULL),(430224,'茶陵县',430200,'茶陵',3,'0731','412400',113.544,26.7915,'Chaling',NULL),(430225,'炎陵县',430200,'炎陵',3,'0731','412500',113.772,26.4882,'Yanling',NULL),(430281,'醴陵市',430200,'醴陵',3,'0731','412200',113.497,27.6462,'Liling',NULL),(430300,'湘潭市',430000,'湘潭',2,'0731','411100',112.925,27.8467,'Xiangtan',NULL),(430302,'雨湖区',430300,'雨湖',3,'0731','411100',112.904,27.8686,'Yuhu',NULL),(430304,'岳塘区',430300,'岳塘',3,'0731','411101',112.961,27.8578,'Yuetang',NULL),(430321,'湘潭县',430300,'湘潭',3,'0731','411228',112.951,27.7789,'Xiangtan',NULL),(430381,'湘乡市',430300,'湘乡',3,'0731','411400',112.535,27.7354,'Xiangxiang',NULL),(430382,'韶山市',430300,'韶山',3,'0731','411300',112.527,27.915,'Shaoshan',NULL),(430400,'衡阳市',430000,'衡阳',2,'0734','421001',112.608,26.9004,'Hengyang',NULL),(430405,'珠晖区',430400,'珠晖',3,'0734','421002',112.621,26.8936,'Zhuhui',NULL),(430406,'雁峰区',430400,'雁峰',3,'0734','421001',112.617,26.8887,'Yanfeng',NULL),(430407,'石鼓区',430400,'石鼓',3,'0734','421005',112.611,26.9023,'Shigu',NULL),(430408,'蒸湘区',430400,'蒸湘',3,'0734','421001',112.603,26.8965,'Zhengxiang',NULL),(430412,'南岳区',430400,'南岳',3,'0734','421900',112.738,27.2326,'Nanyue',NULL),(430421,'衡阳县',430400,'衡阳',3,'0734','421200',112.371,26.9706,'Hengyang',NULL),(430422,'衡南县',430400,'衡南',3,'0734','421131',112.678,26.7383,'Hengnan',NULL),(430423,'衡山县',430400,'衡山',3,'0734','421300',112.868,27.2313,'Hengshan',NULL),(430424,'衡东县',430400,'衡东',3,'0734','421400',112.948,27.0809,'Hengdong',NULL),(430426,'祁东县',430400,'祁东',3,'0734','421600',112.09,26.7996,'Qidong',NULL),(430481,'耒阳市',430400,'耒阳',3,'0734','421800',112.86,26.4213,'Leiyang',NULL),(430482,'常宁市',430400,'常宁',3,'0734','421500',112.401,26.4069,'Changning',NULL),(430500,'邵阳市',430000,'邵阳',2,'0739','422000',111.469,27.2378,'Shaoyang',NULL),(430502,'双清区',430500,'双清',3,'0739','422001',111.497,27.2329,'Shuangqing',NULL),(430503,'大祥区',430500,'大祥',3,'0739','422000',111.454,27.2333,'Daxiang',NULL),(430511,'北塔区',430500,'北塔',3,'0739','422007',111.452,27.2465,'Beita',NULL),(430521,'邵东县',430500,'邵东',3,'0739','422800',111.744,27.2584,'Shaodong',NULL),(430522,'新邵县',430500,'新邵',3,'0739','422900',111.461,27.3217,'Xinshao',NULL),(430523,'邵阳县',430500,'邵阳',3,'0739','422100',111.275,26.9914,'Shaoyang',NULL),(430524,'隆回县',430500,'隆回',3,'0739','422200',111.032,27.1094,'Longhui',NULL),(430525,'洞口县',430500,'洞口',3,'0739','422300',110.574,27.0546,'Dongkou',NULL),(430527,'绥宁县',430500,'绥宁',3,'0739','422600',110.156,26.5864,'Suining',NULL),(430528,'新宁县',430500,'新宁',3,'0739','422700',110.851,26.4294,'Xinning',NULL),(430529,'城步苗族自治县',430500,'城步',3,'0739','422500',110.322,26.3905,'Chengbu',NULL),(430581,'武冈市',430500,'武冈',3,'0739','422400',110.633,26.7282,'Wugang',NULL),(430600,'岳阳市',430000,'岳阳',2,'0730','414000',113.133,29.3703,'Yueyang',NULL),(430602,'岳阳楼区',430600,'岳阳楼',3,'0730','414000',113.129,29.3719,'Yueyanglou',NULL),(430603,'云溪区',430600,'云溪',3,'0730','414009',113.277,29.4736,'Yunxi',NULL),(430611,'君山区',430600,'君山',3,'0730','414005',113.004,29.4594,'Junshan',NULL),(430621,'岳阳县',430600,'岳阳',3,'0730','414100',113.12,29.1431,'Yueyang',NULL),(430623,'华容县',430600,'华容',3,'0730','414200',112.541,29.5302,'Huarong',NULL),(430624,'湘阴县',430600,'湘阴',3,'0730','414600',112.909,28.6892,'Xiangyin',NULL),(430626,'平江县',430600,'平江',3,'0730','414500',113.581,28.7066,'Pingjiang',NULL),(430681,'汨罗市',430600,'汨罗',3,'0730','414400',113.067,28.8063,'Miluo',NULL),(430682,'临湘市',430600,'临湘',3,'0730','414300',113.45,29.477,'Linxiang',NULL),(430700,'常德市',430000,'常德',2,'0736','415000',111.691,29.0402,'Changde',NULL),(430702,'武陵区',430700,'武陵',3,'0736','415000',111.698,29.0288,'Wuling',NULL),(430703,'鼎城区',430700,'鼎城',3,'0736','415101',111.681,29.0186,'Dingcheng',NULL),(430721,'安乡县',430700,'安乡',3,'0736','415600',112.167,29.4133,'Anxiang',NULL),(430722,'汉寿县',430700,'汉寿',3,'0736','415900',111.967,28.903,'Hanshou',NULL),(430723,'澧县',430700,'澧县',3,'0736','415500',111.759,29.6332,'Lixian',NULL),(430724,'临澧县',430700,'临澧',3,'0736','415200',111.652,29.4416,'Linli',NULL),(430725,'桃源县',430700,'桃源',3,'0736','415700',111.489,28.9047,'Taoyuan',NULL),(430726,'石门县',430700,'石门',3,'0736','415300',111.38,29.5842,'Shimen',NULL),(430781,'津市市',430700,'津市',3,'0736','415400',111.878,29.6056,'Jinshi',NULL),(430800,'张家界市',430000,'张家界',2,'0744','427000',110.48,29.1274,'Zhangjiajie',NULL),(430802,'永定区',430800,'永定',3,'0744','427000',110.475,29.1339,'Yongding',NULL),(430811,'武陵源区',430800,'武陵源',3,'0744','427400',110.55,29.3457,'Wulingyuan',NULL),(430821,'慈利县',430800,'慈利',3,'0744','427200',111.139,29.4299,'Cili',NULL),(430822,'桑植县',430800,'桑植',3,'0744','427100',110.163,29.3981,'Sangzhi',NULL),(430900,'益阳市',430000,'益阳',2,'0737','413000',112.355,28.5701,'Yiyang',NULL),(430902,'资阳区',430900,'资阳',3,'0737','413001',112.324,28.591,'Ziyang',NULL),(430903,'赫山区',430900,'赫山',3,'0737','413002',112.373,28.5742,'Heshan',NULL),(430921,'南县',430900,'南县',3,'0737','413200',112.396,29.3616,'Nanxian',NULL),(430922,'桃江县',430900,'桃江',3,'0737','413400',112.156,28.5181,'Taojiang',NULL),(430923,'安化县',430900,'安化',3,'0737','413500',111.213,28.3742,'Anhua',NULL),(430981,'沅江市',430900,'沅江',3,'0737','413100',112.354,28.844,'Yuanjiang',NULL),(431000,'郴州市',430000,'郴州',2,'0735','423000',113.032,25.7936,'Chenzhou',NULL),(431002,'北湖区',431000,'北湖',3,'0735','423000',113.011,25.784,'Beihu',NULL),(431003,'苏仙区',431000,'苏仙',3,'0735','423000',113.042,25.8004,'Suxian',NULL),(431021,'桂阳县',431000,'桂阳',3,'0735','424400',112.734,25.7541,'Guiyang',NULL),(431022,'宜章县',431000,'宜章',3,'0735','424200',112.951,25.3993,'Yizhang',NULL),(431023,'永兴县',431000,'永兴',3,'0735','423300',113.112,26.1265,'Yongxing',NULL),(431024,'嘉禾县',431000,'嘉禾',3,'0735','424500',112.369,25.5879,'Jiahe',NULL),(431025,'临武县',431000,'临武',3,'0735','424300',112.564,25.276,'Linwu',NULL),(431026,'汝城县',431000,'汝城',3,'0735','424100',113.686,25.552,'Rucheng',NULL),(431027,'桂东县',431000,'桂东',3,'0735','423500',113.947,26.0799,'Guidong',NULL),(431028,'安仁县',431000,'安仁',3,'0735','423600',113.269,26.7093,'Anren',NULL),(431081,'资兴市',431000,'资兴',3,'0735','423400',113.237,25.9767,'Zixing',NULL),(431100,'永州市',430000,'永州',2,'0746','425000',111.608,26.4345,'Yongzhou',NULL),(431102,'零陵区',431100,'零陵',3,'0746','425100',111.621,26.2211,'Lingling',NULL),(431103,'冷水滩区',431100,'冷水滩',3,'0746','425100',111.592,26.4611,'Lengshuitan',NULL),(431121,'祁阳县',431100,'祁阳',3,'0746','426100',111.84,26.5801,'Qiyang',NULL),(431122,'东安县',431100,'东安',3,'0746','425900',111.316,26.392,'Dong\'an',NULL),(431123,'双牌县',431100,'双牌',3,'0746','425200',111.659,25.9599,'Shuangpai',NULL),(431124,'道县',431100,'道县',3,'0746','425300',111.602,25.5277,'Daoxian',NULL),(431125,'江永县',431100,'江永',3,'0746','425400',111.341,25.2723,'Jiangyong',NULL),(431126,'宁远县',431100,'宁远',3,'0746','425600',111.946,25.5691,'Ningyuan',NULL),(431127,'蓝山县',431100,'蓝山',3,'0746','425800',112.194,25.3679,'Lanshan',NULL),(431128,'新田县',431100,'新田',3,'0746','425700',112.221,25.9095,'Xintian',NULL),(431129,'江华瑶族自治县',431100,'江华',3,'0746','425500',111.588,25.1845,'Jianghua',NULL),(431200,'怀化市',430000,'怀化',2,'0745','418000',109.978,27.5501,'Huaihua',NULL),(431202,'鹤城区',431200,'鹤城',3,'0745','418000',109.965,27.5494,'Hecheng',NULL),(431221,'中方县',431200,'中方',3,'0745','418005',109.945,27.4399,'Zhongfang',NULL),(431222,'沅陵县',431200,'沅陵',3,'0745','419600',110.396,28.4555,'Yuanling',NULL),(431223,'辰溪县',431200,'辰溪',3,'0745','419500',110.189,28.0041,'Chenxi',NULL),(431224,'溆浦县',431200,'溆浦',3,'0745','419300',110.594,27.9084,'Xupu',NULL),(431225,'会同县',431200,'会同',3,'0745','418300',109.736,26.8872,'Huitong',NULL),(431226,'麻阳苗族自治县',431200,'麻阳',3,'0745','419400',109.802,27.866,'Mayang',NULL),(431227,'新晃侗族自治县',431200,'新晃',3,'0745','419200',109.172,27.3594,'Xinhuang',NULL),(431228,'芷江侗族自治县',431200,'芷江',3,'0745','419100',109.685,27.443,'Zhijiang',NULL),(431229,'靖州苗族侗族自治县',431200,'靖州',3,'0745','418400',109.698,26.5765,'Jingzhou',NULL),(431230,'通道侗族自治县',431200,'通道',3,'0745','418500',109.785,26.1571,'Tongdao',NULL),(431281,'洪江市',431200,'洪江',3,'0745','418100',109.837,27.2092,'Hongjiang',NULL),(431300,'娄底市',430000,'娄底',2,'0738','417000',112.008,27.7281,'Loudi',NULL),(431302,'娄星区',431300,'娄星',3,'0738','417000',112.002,27.7299,'Louxing',NULL),(431321,'双峰县',431300,'双峰',3,'0738','417700',112.199,27.4542,'Shuangfeng',NULL),(431322,'新化县',431300,'新化',3,'0738','417600',111.327,27.7266,'Xinhua',NULL),(431381,'冷水江市',431300,'冷水江',3,'0738','417500',111.436,27.6815,'Lengshuijiang',NULL),(431382,'涟源市',431300,'涟源',3,'0738','417100',111.672,27.6883,'Lianyuan',NULL),(433100,'湘西土家族苗族自治州',430000,'湘西',2,'0743','416000',109.74,28.3143,'Xiangxi',NULL),(433101,'吉首市',433100,'吉首',3,'0743','416000',109.698,28.2625,'Jishou',NULL),(433122,'泸溪县',433100,'泸溪',3,'0743','416100',110.217,28.2205,'Luxi',NULL),(433123,'凤凰县',433100,'凤凰',3,'0743','416200',109.602,27.9482,'Fenghuang',NULL),(433124,'花垣县',433100,'花垣',3,'0743','416400',109.482,28.5721,'Huayuan',NULL),(433125,'保靖县',433100,'保靖',3,'0743','416500',109.66,28.7,'Baojing',NULL),(433126,'古丈县',433100,'古丈',3,'0743','416300',109.948,28.6194,'Guzhang',NULL),(433127,'永顺县',433100,'永顺',3,'0743','416700',109.853,29.001,'Yongshun',NULL),(433130,'龙山县',433100,'龙山',3,'0743','416800',109.443,29.4569,'Longshan',NULL),(440000,'广东省',100000,'广东',1,'','',113.281,23.1252,'Guangdong',NULL),(440100,'广州市',440000,'广州',2,'020','510032',113.281,23.1252,'Guangzhou',NULL),(440103,'荔湾区',440100,'荔湾',3,'020','510170',113.244,23.1259,'Liwan',NULL),(440104,'越秀区',440100,'越秀',3,'020','510030',113.267,23.129,'Yuexiu',NULL),(440105,'海珠区',440100,'海珠',3,'020','510300',113.262,23.1038,'Haizhu',NULL),(440106,'天河区',440100,'天河',3,'020','510665',113.361,23.1247,'Tianhe',NULL),(440111,'白云区',440100,'白云',3,'020','510405',113.273,23.1579,'Baiyun',NULL),(440112,'黄埔区',440100,'黄埔',3,'020','510700',113.459,23.1064,'Huangpu',NULL),(440113,'番禺区',440100,'番禺',3,'020','511400',113.384,22.936,'Panyu',NULL),(440114,'花都区',440100,'花都',3,'020','510800',113.22,23.4036,'Huadu',NULL),(440115,'南沙区',440100,'南沙',3,'020','511458',113.608,22.7714,'Nansha',NULL),(440117,'从化区',440100,'从化',3,'020','510900',113.587,23.5453,'Conghua',NULL),(440118,'增城区',440100,'增城',3,'020','511300',113.83,23.2905,'Zengcheng',NULL),(440200,'韶关市',440000,'韶关',2,'0751','512002',113.592,24.8013,'Shaoguan',NULL),(440203,'武江区',440200,'武江',3,'0751','512026',113.588,24.7926,'Wujiang',NULL),(440204,'浈江区',440200,'浈江',3,'0751','512023',113.611,24.8044,'Zhenjiang',NULL),(440205,'曲江区',440200,'曲江',3,'0751','512101',113.602,24.6791,'Qujiang',NULL),(440222,'始兴县',440200,'始兴',3,'0751','512500',114.068,24.9476,'Shixing',NULL),(440224,'仁化县',440200,'仁化',3,'0751','512300',113.747,25.0874,'Renhua',NULL),(440229,'翁源县',440200,'翁源',3,'0751','512600',114.134,24.3495,'Wengyuan',NULL),(440232,'乳源瑶族自治县',440200,'乳源',3,'0751','512700',113.277,24.778,'Ruyuan',NULL),(440233,'新丰县',440200,'新丰',3,'0751','511100',114.208,24.0592,'Xinfeng',NULL),(440281,'乐昌市',440200,'乐昌',3,'0751','512200',113.357,25.128,'Lechang',NULL),(440282,'南雄市',440200,'南雄',3,'0751','512400',114.31,25.1171,'Nanxiong',NULL),(440300,'深圳市',440000,'深圳',2,'0755','518035',114.086,22.547,'Shenzhen',NULL),(440303,'罗湖区',440300,'罗湖',3,'0755','518021',114.131,22.5484,'Luohu',NULL),(440304,'福田区',440300,'福田',3,'0755','518048',114.056,22.5224,'Futian',NULL),(440305,'南山区',440300,'南山',3,'0755','518051',113.93,22.5329,'Nanshan',NULL),(440306,'宝安区',440300,'宝安',3,'0755','518101',113.883,22.5537,'Bao\'an',NULL),(440307,'龙岗区',440300,'龙岗',3,'0755','518172',114.248,22.7199,'Longgang',NULL),(440308,'盐田区',440300,'盐田',3,'0755','518081',114.237,22.5578,'Yantian',NULL),(440309,'光明新区',440300,'光明新区',3,'0755','518100',113.896,22.7773,'Guangmingxinqu',NULL),(440310,'坪山新区',440300,'坪山新区',3,'0755','518000',114.346,22.6905,'Pingshanxinqu',NULL),(440311,'大鹏新区',440300,'大鹏新区',3,'0755','518000',114.48,22.5879,'Dapengxinqu',NULL),(440312,'龙华新区',440300,'龙华新区',3,'0755','518100',114.037,22.687,'Longhuaxinqu',NULL),(440400,'珠海市',440000,'珠海',2,'0756','519000',113.553,22.2559,'Zhuhai',NULL),(440402,'香洲区',440400,'香洲',3,'0756','519000',113.544,22.2665,'Xiangzhou',NULL),(440403,'斗门区',440400,'斗门',3,'0756','519110',113.296,22.209,'Doumen',NULL),(440404,'金湾区',440400,'金湾',3,'0756','519040',113.364,22.1469,'Jinwan',NULL),(440500,'汕头市',440000,'汕头',2,'0754','515041',116.708,23.371,'Shantou',NULL),(440507,'龙湖区',440500,'龙湖',3,'0754','515041',116.716,23.3717,'Longhu',NULL),(440511,'金平区',440500,'金平',3,'0754','515041',116.704,23.3664,'Jinping',NULL),(440512,'濠江区',440500,'濠江',3,'0754','515071',116.727,23.2859,'Haojiang',NULL),(440513,'潮阳区',440500,'潮阳',3,'0754','515100',116.602,23.2649,'Chaoyang',NULL),(440514,'潮南区',440500,'潮南',3,'0754','515144',116.432,23.25,'Chaonan',NULL),(440515,'澄海区',440500,'澄海',3,'0754','515800',116.756,23.4673,'Chenghai',NULL),(440523,'南澳县',440500,'南澳',3,'0754','515900',117.019,23.4223,'Nanao',NULL),(440600,'佛山市',440000,'佛山',2,'0757','528000',113.123,23.0288,'Foshan',NULL),(440604,'禅城区',440600,'禅城',3,'0757','528000',113.123,23.0084,'Chancheng',NULL),(440605,'南海区',440600,'南海',3,'0757','528251',113.143,23.0288,'Nanhai',NULL),(440606,'顺德区',440600,'顺德',3,'0757','528300',113.294,22.8045,'Shunde',NULL),(440607,'三水区',440600,'三水',3,'0757','528133',112.897,23.1556,'Sanshui',NULL),(440608,'高明区',440600,'高明',3,'0757','528500',112.893,22.9002,'Gaoming',NULL),(440700,'江门市',440000,'江门',2,'0750','529000',113.095,22.5904,'Jiangmen',NULL),(440703,'蓬江区',440700,'蓬江',3,'0750','529000',113.078,22.5951,'Pengjiang',NULL),(440704,'江海区',440700,'江海',3,'0750','529040',113.111,22.5602,'Jianghai',NULL),(440705,'新会区',440700,'新会',3,'0750','529100',113.032,22.4588,'Xinhui',NULL),(440781,'台山市',440700,'台山',3,'0750','529200',112.794,22.2515,'Taishan',NULL),(440783,'开平市',440700,'开平',3,'0750','529337',112.698,22.3762,'Kaiping',NULL),(440784,'鹤山市',440700,'鹤山',3,'0750','529700',112.964,22.7652,'Heshan',NULL),(440785,'恩平市',440700,'恩平',3,'0750','529400',112.305,22.1829,'Enping',NULL),(440800,'湛江市',440000,'湛江',2,'0759','524047',110.406,21.1953,'Zhanjiang',NULL),(440802,'赤坎区',440800,'赤坎',3,'0759','524033',110.366,21.2661,'Chikan',NULL),(440803,'霞山区',440800,'霞山',3,'0759','524011',110.398,21.1918,'Xiashan',NULL),(440804,'坡头区',440800,'坡头',3,'0759','524057',110.455,21.2447,'Potou',NULL),(440811,'麻章区',440800,'麻章',3,'0759','524094',110.334,21.2633,'Mazhang',NULL),(440823,'遂溪县',440800,'遂溪',3,'0759','524300',110.25,21.3772,'Suixi',NULL),(440825,'徐闻县',440800,'徐闻',3,'0759','524100',110.174,20.3281,'Xuwen',NULL),(440881,'廉江市',440800,'廉江',3,'0759','524400',110.284,21.6092,'Lianjiang',NULL),(440882,'雷州市',440800,'雷州',3,'0759','524200',110.101,20.9143,'Leizhou',NULL),(440883,'吴川市',440800,'吴川',3,'0759','524500',110.777,21.4458,'Wuchuan',NULL),(440900,'茂名市',440000,'茂名',2,'0668','525000',110.919,21.6598,'Maoming',NULL),(440902,'茂南区',440900,'茂南',3,'0668','525000',110.919,21.641,'Maonan',NULL),(440904,'电白区',440900,'电白',3,'0668','525400',111.007,21.5072,'Dianbai',NULL),(440981,'高州市',440900,'高州',3,'0668','525200',110.855,21.9206,'Gaozhou',NULL),(440982,'化州市',440900,'化州',3,'0668','525100',110.639,21.6639,'Huazhou',NULL),(440983,'信宜市',440900,'信宜',3,'0668','525300',110.946,22.3535,'Xinyi',NULL),(441200,'肇庆市',440000,'肇庆',2,'0758','526040',112.473,23.0515,'Zhaoqing',NULL),(441202,'端州区',441200,'端州',3,'0758','526060',112.485,23.0519,'Duanzhou',NULL),(441203,'鼎湖区',441200,'鼎湖',3,'0758','526070',112.566,23.1585,'Dinghu',NULL),(441223,'广宁县',441200,'广宁',3,'0758','526300',112.441,23.6346,'Guangning',NULL),(441224,'怀集县',441200,'怀集',3,'0758','526400',112.184,23.9092,'Huaiji',NULL),(441225,'封开县',441200,'封开',3,'0758','526500',111.503,23.4357,'Fengkai',NULL),(441226,'德庆县',441200,'德庆',3,'0758','526600',111.786,23.1437,'Deqing',NULL),(441283,'高要市',441200,'高要',3,'0758','526100',112.458,23.0258,'Gaoyao',NULL),(441284,'四会市',441200,'四会',3,'0758','526200',112.734,23.3269,'Sihui',NULL),(441300,'惠州市',440000,'惠州',2,'0752','516000',114.413,23.0794,'Huizhou',NULL),(441302,'惠城区',441300,'惠城',3,'0752','516008',114.383,23.0838,'Huicheng',NULL),(441303,'惠阳区',441300,'惠阳',3,'0752','516211',114.456,22.7885,'Huiyang',NULL),(441322,'博罗县',441300,'博罗',3,'0752','516100',114.29,23.1731,'Boluo',NULL),(441323,'惠东县',441300,'惠东',3,'0752','516300',114.72,22.9848,'Huidong',NULL),(441324,'龙门县',441300,'龙门',3,'0752','516800',114.255,23.7276,'Longmen',NULL),(441400,'梅州市',440000,'梅州',2,'0753','514021',116.118,24.2991,'Meizhou',NULL),(441402,'梅江区',441400,'梅江',3,'0753','514000',116.117,24.3106,'Meijiang',NULL),(441403,'梅县区',441400,'梅县',3,'0753','514787',116.098,24.2867,'Meixian',NULL),(441422,'大埔县',441400,'大埔',3,'0753','514200',116.697,24.3533,'Dabu',NULL),(441423,'丰顺县',441400,'丰顺',3,'0753','514300',116.182,23.7409,'Fengshun',NULL),(441424,'五华县',441400,'五华',3,'0753','514400',115.779,23.9242,'Wuhua',NULL),(441426,'平远县',441400,'平远',3,'0753','514600',115.896,24.5712,'Pingyuan',NULL),(441427,'蕉岭县',441400,'蕉岭',3,'0753','514100',116.171,24.6573,'Jiaoling',NULL),(441481,'兴宁市',441400,'兴宁',3,'0753','514500',115.731,24.14,'Xingning',NULL),(441500,'汕尾市',440000,'汕尾',2,'0660','516600',115.364,22.7745,'Shanwei',NULL),(441502,'城区',441500,'城区',3,'0660','516600',115.365,22.7789,'Chengqu',NULL),(441521,'海丰县',441500,'海丰',3,'0660','516400',115.323,22.9665,'Haifeng',NULL),(441523,'陆河县',441500,'陆河',3,'0660','516700',115.656,23.3036,'Luhe',NULL),(441581,'陆丰市',441500,'陆丰',3,'0660','516500',115.648,22.9433,'Lufeng',NULL),(441600,'河源市',440000,'河源',2,'0762','517000',114.698,23.7463,'Heyuan',NULL),(441602,'源城区',441600,'源城',3,'0762','517000',114.702,23.7341,'Yuancheng',NULL),(441621,'紫金县',441600,'紫金',3,'0762','517400',115.184,23.6387,'Zijin',NULL),(441622,'龙川县',441600,'龙川',3,'0762','517300',115.26,24.1014,'Longchuan',NULL),(441623,'连平县',441600,'连平',3,'0762','517100',114.49,24.3716,'Lianping',NULL),(441624,'和平县',441600,'和平',3,'0762','517200',114.938,24.4432,'Heping',NULL),(441625,'东源县',441600,'东源',3,'0762','517583',114.746,23.7883,'Dongyuan',NULL),(441700,'阳江市',440000,'阳江',2,'0662','529500',111.975,21.8592,'Yangjiang',NULL),(441702,'江城区',441700,'江城',3,'0662','529500',111.955,21.8619,'Jiangcheng',NULL),(441704,'阳东区',441700,'阳东',3,'0662','529900',112.015,21.874,'Yangdong',NULL),(441721,'阳西县',441700,'阳西',3,'0662','529800',111.618,21.7523,'Yangxi',NULL),(441781,'阳春市',441700,'阳春',3,'0662','529600',111.789,22.1723,'Yangchun',NULL),(441800,'清远市',440000,'清远',2,'0763','511500',113.037,23.7042,'Qingyuan',NULL),(441802,'清城区',441800,'清城',3,'0763','511515',113.063,23.6978,'Qingcheng',NULL),(441803,'清新区',441800,'清新',3,'0763','511810',113.015,23.7369,'Qingxin',NULL),(441821,'佛冈县',441800,'佛冈',3,'0763','511600',113.533,23.8723,'Fogang',NULL),(441823,'阳山县',441800,'阳山',3,'0763','513100',112.641,24.4652,'Yangshan',NULL),(441825,'连山壮族瑶族自治县',441800,'连山',3,'0763','513200',112.08,24.5681,'Lianshan',NULL),(441826,'连南瑶族自治县',441800,'连南',3,'0763','513300',112.288,24.7173,'Liannan',NULL),(441881,'英德市',441800,'英德',3,'0763','513000',113.415,24.1857,'Yingde',NULL),(441882,'连州市',441800,'连州',3,'0763','513400',112.382,24.7791,'Lianzhou',NULL),(441900,'东莞市',440000,'东莞',2,'0769','523888',113.76,23.0489,'Dongguan',NULL),(441901,'莞城区',441900,'莞城',3,'0769','523128',113.751,23.0534,'Guancheng',NULL),(441902,'南城区',441900,'南城',3,'0769','523617',113.752,23.0202,'Nancheng',NULL),(441904,'万江区',441900,'万江',3,'0769','523039',113.739,23.0438,'Wanjiang',NULL),(441905,'石碣镇',441900,'石碣',3,'0769','523290',113.802,23.099,'Shijie',NULL),(441906,'石龙镇',441900,'石龙',3,'0769','523326',113.876,23.1074,'Shilong',NULL),(441907,'茶山镇',441900,'茶山',3,'0769','523380',113.884,23.0624,'Chashan',NULL),(441908,'石排镇',441900,'石排',3,'0769','523346',113.92,23.0863,'Shipai',NULL),(441909,'企石镇',441900,'企石',3,'0769','523507',114.013,23.066,'Qishi',NULL),(441910,'横沥镇',441900,'横沥',3,'0769','523471',113.957,23.0257,'Hengli',NULL),(441911,'桥头镇',441900,'桥头',3,'0769','523520',114.014,22.9397,'Qiaotou',NULL),(441912,'谢岗镇',441900,'谢岗',3,'0769','523592',114.141,22.9597,'Xiegang',NULL),(441913,'东坑镇',441900,'东坑',3,'0769','523451',113.94,22.9928,'Dongkeng',NULL),(441914,'常平镇',441900,'常平',3,'0769','523560',114.03,23.0161,'Changping',NULL),(441915,'寮步镇',441900,'寮步',3,'0769','523411',113.885,22.9917,'Liaobu',NULL),(441916,'大朗镇',441900,'大朗',3,'0769','523770',113.927,22.9657,'Dalang',NULL),(441917,'麻涌镇',441900,'麻涌',3,'0769','523143',113.546,23.0453,'Machong',NULL),(441918,'中堂镇',441900,'中堂',3,'0769','523233',113.654,23.0902,'Zhongtang',NULL),(441919,'高埗镇',441900,'高埗',3,'0769','523282',113.736,23.0684,'Gaobu',NULL),(441920,'樟木头镇',441900,'樟木头',3,'0769','523619',114.066,22.9567,'Zhangmutou',NULL),(441921,'大岭山镇',441900,'大岭山',3,'0769','523835',113.783,22.8854,'Dalingshan',NULL),(441922,'望牛墩镇',441900,'望牛墩',3,'0769','523203',113.659,23.055,'Wangniudun',NULL),(441923,'黄江镇',441900,'黄江',3,'0769','523755',113.993,22.8775,'Huangjiang',NULL),(441924,'洪梅镇',441900,'洪梅',3,'0769','523163',113.613,22.9927,'Hongmei',NULL),(441925,'清溪镇',441900,'清溪',3,'0769','523660',114.156,22.8445,'Qingxi',NULL),(441926,'沙田镇',441900,'沙田',3,'0769','523988',113.76,23.0489,'Shatian',NULL),(441927,'道滘镇',441900,'道滘',3,'0769','523171',113.76,23.0489,'Daojiao',NULL),(441928,'塘厦镇',441900,'塘厦',3,'0769','523713',114.108,22.8229,'Tangxia',NULL),(441929,'虎门镇',441900,'虎门',3,'0769','523932',113.711,22.8262,'Humen',NULL),(441930,'厚街镇',441900,'厚街',3,'0769','523960',113.673,22.9408,'Houjie',NULL),(441931,'凤岗镇',441900,'凤岗',3,'0769','523690',114.141,22.7446,'Fenggang',NULL),(441932,'长安镇',441900,'长安',3,'0769','523850',113.804,22.8166,'Chang\'an',NULL),(442000,'中山市',440000,'中山',2,'0760','528403',113.382,22.5211,'Zhongshan',NULL),(442001,'石岐区',442000,'石岐',3,'0760','528400',113.379,22.5252,'Shiqi',NULL),(442004,'南区',442000,'南区',3,'0760','528400',113.356,22.4866,'Nanqu',NULL),(442005,'五桂山区',442000,'五桂山',3,'0760','528458',113.411,22.5197,'Wuguishan',NULL),(442006,'火炬开发区',442000,'火炬',3,'0760','528437',113.481,22.5661,'Huoju',NULL),(442007,'黄圃镇',442000,'黄圃',3,'0760','528429',113.342,22.7151,'Huangpu',NULL),(442008,'南头镇',442000,'南头',3,'0760','528421',113.296,22.7139,'Nantou',NULL),(442009,'东凤镇',442000,'东凤',3,'0760','528425',113.261,22.6877,'Dongfeng',NULL),(442010,'阜沙镇',442000,'阜沙',3,'0760','528434',113.353,22.6664,'Fusha',NULL),(442011,'小榄镇',442000,'小榄',3,'0760','528415',113.244,22.667,'Xiaolan',NULL),(442012,'东升镇',442000,'东升',3,'0760','528400',113.296,22.614,'Dongsheng',NULL),(442013,'古镇镇',442000,'古镇',3,'0760','528422',113.18,22.611,'Guzhen',NULL),(442014,'横栏镇',442000,'横栏',3,'0760','528478',113.266,22.5232,'Henglan',NULL),(442015,'三角镇',442000,'三角',3,'0760','528422',113.424,22.677,'Sanjiao',NULL),(442016,'民众镇',442000,'民众',3,'0760','528441',113.486,22.6235,'Minzhong',NULL),(442017,'南朗镇',442000,'南朗',3,'0760','528454',113.534,22.4924,'Nanlang',NULL),(442018,'港口镇',442000,'港口',3,'0760','528447',113.382,22.5211,'Gangkou',NULL),(442019,'大涌镇',442000,'大涌',3,'0760','528476',113.292,22.4677,'Dayong',NULL),(442020,'沙溪镇',442000,'沙溪',3,'0760','528471',113.328,22.5263,'Shaxi',NULL),(442021,'三乡镇',442000,'三乡',3,'0760','528463',113.433,22.3525,'Sanxiang',NULL),(442022,'板芙镇',442000,'板芙',3,'0760','528459',113.32,22.4157,'Banfu',NULL),(442023,'神湾镇',442000,'神湾',3,'0760','528462',113.359,22.3125,'Shenwan',NULL),(442024,'坦洲镇',442000,'坦洲',3,'0760','528467',113.486,22.2613,'Tanzhou',NULL),(445100,'潮州市',440000,'潮州',2,'0768','521000',116.632,23.6617,'Chaozhou',NULL),(445102,'湘桥区',445100,'湘桥',3,'0768','521000',116.628,23.6745,'Xiangqiao',NULL),(445103,'潮安区',445100,'潮安',3,'0768','515638',116.593,23.6437,'Chao\'an',NULL),(445122,'饶平县',445100,'饶平',3,'0768','515700',117.007,23.6699,'Raoping',NULL),(445200,'揭阳市',440000,'揭阳',2,'0633','522000',116.356,23.5438,'Jieyang',NULL),(445202,'榕城区',445200,'榕城',3,'0633','522000',116.367,23.5251,'Rongcheng',NULL),(445203,'揭东区',445200,'揭东',3,'0633','515500',116.413,23.5699,'Jiedong',NULL),(445222,'揭西县',445200,'揭西',3,'0633','515400',115.839,23.4271,'Jiexi',NULL),(445224,'惠来县',445200,'惠来',3,'0633','515200',116.296,23.0329,'Huilai',NULL),(445281,'普宁市',445200,'普宁',3,'0633','515300',116.166,23.2973,'Puning',NULL),(445300,'云浮市',440000,'云浮',2,'0766','527300',112.044,22.9298,'Yunfu',NULL),(445302,'云城区',445300,'云城',3,'0766','527300',112.039,22.93,'Yuncheng',NULL),(445303,'云安区',445300,'云安',3,'0766','527500',112.009,23.0778,'Yun\'an',NULL),(445321,'新兴县',445300,'新兴',3,'0766','527400',112.23,22.6973,'Xinxing',NULL),(445322,'郁南县',445300,'郁南',3,'0766','527100',111.534,23.2331,'Yunan',NULL),(445381,'罗定市',445300,'罗定',3,'0766','527200',111.57,22.7697,'Luoding',NULL),(450000,'广西壮族自治区',100000,'广西',1,'','',108.32,22.824,'Guangxi',NULL),(450100,'南宁市',450000,'南宁',2,'0771','530028',108.32,22.824,'Nanning',NULL),(450102,'兴宁区',450100,'兴宁',3,'0771','530023',108.367,22.8535,'Xingning',NULL),(450103,'青秀区',450100,'青秀',3,'0771','530213',108.495,22.7851,'Qingxiu',NULL),(450105,'江南区',450100,'江南',3,'0771','530031',108.273,22.7813,'Jiangnan',NULL),(450107,'西乡塘区',450100,'西乡塘',3,'0771','530001',108.313,22.8339,'Xixiangtang',NULL),(450108,'良庆区',450100,'良庆',3,'0771','530219',108.413,22.7491,'Liangqing',NULL),(450109,'邕宁区',450100,'邕宁',3,'0771','530200',108.487,22.7563,'Yongning',NULL),(450122,'武鸣县',450100,'武鸣',3,'0771','530100',108.277,23.1564,'Wuming',NULL),(450123,'隆安县',450100,'隆安',3,'0771','532700',107.692,23.1734,'Long\'an',NULL),(450124,'马山县',450100,'马山',3,'0771','530600',108.177,23.7093,'Mashan',NULL),(450125,'上林县',450100,'上林',3,'0771','530500',108.605,23.432,'Shanglin',NULL),(450126,'宾阳县',450100,'宾阳',3,'0771','530400',108.812,23.2196,'Binyang',NULL),(450127,'横县',450100,'横县',3,'0771','530300',109.266,22.6845,'Hengxian',NULL),(450128,'埌东新区',450100,'埌东',3,'0771','530000',108.419,22.813,'Langdong',NULL),(450200,'柳州市',450000,'柳州',2,'0772','545001',109.412,24.3146,'Liuzhou',NULL),(450202,'城中区',450200,'城中',3,'0772','545001',109.411,24.3154,'Chengzhong',NULL),(450203,'鱼峰区',450200,'鱼峰',3,'0772','545005',109.453,24.3187,'Yufeng',NULL),(450204,'柳南区',450200,'柳南',3,'0772','545007',109.385,24.336,'Liunan',NULL),(450205,'柳北区',450200,'柳北',3,'0772','545002',109.402,24.3627,'Liubei',NULL),(450221,'柳江县',450200,'柳江',3,'0772','545100',109.333,24.256,'Liujiang',NULL),(450222,'柳城县',450200,'柳城',3,'0772','545200',109.239,24.6495,'Liucheng',NULL),(450223,'鹿寨县',450200,'鹿寨',3,'0772','545600',109.752,24.4731,'Luzhai',NULL),(450224,'融安县',450200,'融安',3,'0772','545400',109.398,25.2246,'Rong\'an',NULL),(450225,'融水苗族自治县',450200,'融水',3,'0772','545300',109.256,25.0663,'Rongshui',NULL),(450226,'三江侗族自治县',450200,'三江',3,'0772','545500',109.604,25.7843,'Sanjiang',NULL),(450227,'柳东新区',450200,'柳东',3,'0772','545000',109.437,24.3292,'Liudong',NULL),(450300,'桂林市',450000,'桂林',2,'0773','541100',110.299,25.2742,'Guilin',NULL),(450302,'秀峰区',450300,'秀峰',3,'0773','541001',110.289,25.2825,'Xiufeng',NULL),(450303,'叠彩区',450300,'叠彩',3,'0773','541001',110.302,25.3138,'Diecai',NULL),(450304,'象山区',450300,'象山',3,'0773','541002',110.281,25.2617,'Xiangshan',NULL),(450305,'七星区',450300,'七星',3,'0773','541004',110.318,25.2525,'Qixing',NULL),(450311,'雁山区',450300,'雁山',3,'0773','541006',110.309,25.0604,'Yanshan',NULL),(450312,'临桂区',450300,'临桂',3,'0773','541100',110.205,25.2463,'Lingui',NULL),(450321,'阳朔县',450300,'阳朔',3,'0773','541900',110.495,24.7758,'Yangshuo',NULL),(450323,'灵川县',450300,'灵川',3,'0773','541200',110.329,25.4129,'Lingchuan',NULL),(450324,'全州县',450300,'全州',3,'0773','541503',111.072,25.928,'Quanzhou',NULL),(450325,'兴安县',450300,'兴安',3,'0773','541300',110.671,25.6117,'Xing\'an',NULL),(450326,'永福县',450300,'永福',3,'0773','541800',109.983,24.98,'Yongfu',NULL),(450327,'灌阳县',450300,'灌阳',3,'0773','541600',111.16,25.488,'Guanyang',NULL),(450328,'龙胜各族自治县',450300,'龙胜',3,'0773','541700',110.012,25.7961,'Longsheng',NULL),(450329,'资源县',450300,'资源',3,'0773','541400',110.653,26.0424,'Ziyuan',NULL),(450330,'平乐县',450300,'平乐',3,'0773','542400',110.642,24.6324,'Pingle',NULL),(450331,'荔浦县',450300,'荔浦',3,'0773','546600',110.397,24.4959,'Lipu',NULL),(450332,'恭城瑶族自治县',450300,'恭城',3,'0773','542500',110.83,24.8329,'Gongcheng',NULL),(450400,'梧州市',450000,'梧州',2,'0774','543002',111.316,23.4723,'Wuzhou',NULL),(450403,'万秀区',450400,'万秀',3,'0774','543000',111.321,23.473,'Wanxiu',NULL),(450405,'长洲区',450400,'长洲',3,'0774','543003',111.275,23.4857,'Changzhou',NULL),(450406,'龙圩区',450400,'龙圩',3,'0774','543002',111.316,23.4723,'Longxu',NULL),(450421,'苍梧县',450400,'苍梧',3,'0774','543100',111.245,23.4205,'Cangwu',NULL),(450422,'藤县',450400,'藤县',3,'0774','543300',110.914,23.3761,'Tengxian',NULL),(450423,'蒙山县',450400,'蒙山',3,'0774','546700',110.522,24.2017,'Mengshan',NULL),(450481,'岑溪市',450400,'岑溪',3,'0774','543200',110.996,22.9191,'Cenxi',NULL),(450500,'北海市',450000,'北海',2,'0779','536000',109.119,21.4733,'Beihai',NULL),(450502,'海城区',450500,'海城',3,'0779','536000',109.117,21.475,'Haicheng',NULL),(450503,'银海区',450500,'银海',3,'0779','536000',109.13,21.4783,'Yinhai',NULL),(450512,'铁山港区',450500,'铁山港',3,'0779','536017',109.456,21.5966,'Tieshangang',NULL),(450521,'合浦县',450500,'合浦',3,'0779','536100',109.201,21.666,'Hepu',NULL),(450600,'防城港市',450000,'防城港',2,'0770','538001',108.345,21.6146,'Fangchenggang',NULL),(450602,'港口区',450600,'港口',3,'0770','538001',108.38,21.6434,'Gangkou',NULL),(450603,'防城区',450600,'防城',3,'0770','538021',108.357,21.7646,'Fangcheng',NULL),(450621,'上思县',450600,'上思',3,'0770','535500',107.982,22.1496,'Shangsi',NULL),(450681,'东兴市',450600,'东兴',3,'0770','538100',107.972,21.5471,'Dongxing',NULL),(450700,'钦州市',450000,'钦州',2,'0777','535099',108.624,21.9671,'Qinzhou',NULL),(450702,'钦南区',450700,'钦南',3,'0777','535099',108.618,21.9514,'Qinnan',NULL),(450703,'钦北区',450700,'钦北',3,'0777','535099',108.63,21.9513,'Qinbei',NULL),(450721,'灵山县',450700,'灵山',3,'0777','535099',109.292,22.4165,'Lingshan',NULL),(450722,'浦北县',450700,'浦北',3,'0777','535099',109.556,22.2689,'Pubei',NULL),(450800,'贵港市',450000,'贵港',2,'0775','537100',109.602,23.0936,'Guigang',NULL),(450802,'港北区',450800,'港北',3,'0775','537100',109.572,23.1115,'Gangbei',NULL),(450803,'港南区',450800,'港南',3,'0775','537100',109.606,23.0723,'Gangnan',NULL),(450804,'覃塘区',450800,'覃塘',3,'0775','537121',109.443,23.1268,'Qintang',NULL),(450821,'平南县',450800,'平南',3,'0775','537300',110.391,23.542,'Pingnan',NULL),(450881,'桂平市',450800,'桂平',3,'0775','537200',110.081,23.3934,'Guiping',NULL),(450900,'玉林市',450000,'玉林',2,'0775','537000',110.154,22.6314,'Yulin',NULL),(450902,'玉州区',450900,'玉州',3,'0775','537000',110.151,22.6281,'Yuzhou',NULL),(450903,'福绵区',450900,'福绵',3,'0775','537023',110.065,22.5831,'Fumian',NULL),(450904,'玉东新区',450900,'玉东',3,'0775','537000',110.154,22.6314,'Yudong',NULL),(450921,'容县',450900,'容县',3,'0775','537500',110.556,22.857,'Rongxian',NULL),(450922,'陆川县',450900,'陆川',3,'0775','537700',110.264,22.3245,'Luchuan',NULL),(450923,'博白县',450900,'博白',3,'0775','537600',109.977,22.2729,'Bobai',NULL),(450924,'兴业县',450900,'兴业',3,'0775','537800',109.876,22.7424,'Xingye',NULL),(450981,'北流市',450900,'北流',3,'0775','537400',110.353,22.7082,'Beiliu',NULL),(451000,'百色市',450000,'百色',2,'0776','533000',106.616,23.8977,'Baise',NULL),(451002,'右江区',451000,'右江',3,'0776','533000',106.618,23.9009,'Youjiang',NULL),(451021,'田阳县',451000,'田阳',3,'0776','533600',106.916,23.7353,'Tianyang',NULL),(451022,'田东县',451000,'田东',3,'0776','531500',107.124,23.6,'Tiandong',NULL),(451023,'平果县',451000,'平果',3,'0776','531400',107.59,23.3297,'Pingguo',NULL),(451024,'德保县',451000,'德保',3,'0776','533700',106.619,23.3251,'Debao',NULL),(451025,'靖西县',451000,'靖西',3,'0776','533800',106.418,23.1343,'Jingxi',NULL),(451026,'那坡县',451000,'那坡',3,'0776','533900',105.842,23.4065,'Napo',NULL),(451027,'凌云县',451000,'凌云',3,'0776','533100',106.562,24.3475,'Lingyun',NULL),(451028,'乐业县',451000,'乐业',3,'0776','533200',106.561,24.7829,'Leye',NULL),(451029,'田林县',451000,'田林',3,'0776','533300',106.229,24.2921,'Tianlin',NULL),(451030,'西林县',451000,'西林',3,'0776','533500',105.097,24.4897,'Xilin',NULL),(451031,'隆林各族自治县',451000,'隆林',3,'0776','533400',105.343,24.7704,'Longlin',NULL),(451100,'贺州市',450000,'贺州',2,'0774','542800',111.552,24.4141,'Hezhou',NULL),(451102,'八步区',451100,'八步',3,'0774','542800',111.552,24.4118,'Babu',NULL),(451121,'昭平县',451100,'昭平',3,'0774','546800',110.811,24.1701,'Zhaoping',NULL),(451122,'钟山县',451100,'钟山',3,'0774','542600',111.305,24.5248,'Zhongshan',NULL),(451123,'富川瑶族自治县',451100,'富川',3,'0774','542700',111.278,24.8143,'Fuchuan',NULL),(451124,'平桂管理区',451100,'平桂',3,'0774','542800',111.486,24.458,'Pingui',NULL),(451200,'河池市',450000,'河池',2,'0778','547000',108.062,24.6959,'Hechi',NULL),(451202,'金城江区',451200,'金城江',3,'0779','547000',108.037,24.6897,'Jinchengjiang',NULL),(451221,'南丹县',451200,'南丹',3,'0781','547200',107.546,24.9776,'Nandan',NULL),(451222,'天峨县',451200,'天峨',3,'0782','547300',107.172,24.9959,'Tiane',NULL),(451223,'凤山县',451200,'凤山',3,'0783','547600',107.049,24.5422,'Fengshan',NULL),(451224,'东兰县',451200,'东兰',3,'0784','547400',107.375,24.5105,'Donglan',NULL),(451225,'罗城仫佬族自治县',451200,'罗城',3,'0785','546400',108.908,24.7792,'Luocheng',NULL),(451226,'环江毛南族自治县',451200,'环江',3,'0786','547100',108.261,24.8292,'Huanjiang',NULL),(451227,'巴马瑶族自治县',451200,'巴马',3,'0787','547500',107.253,24.1413,'Bama',NULL),(451228,'都安瑶族自治县',451200,'都安',3,'0788','530700',108.101,23.9324,'Du\'an',NULL),(451229,'大化瑶族自治县',451200,'大化',3,'0789','530800',107.998,23.7449,'Dahua',NULL),(451281,'宜州市',451200,'宜州',3,'0780','546300',108.653,24.4939,'Yizhou',NULL),(451300,'来宾市',450000,'来宾',2,'0772','546100',109.23,23.7338,'Laibin',NULL),(451302,'兴宾区',451300,'兴宾',3,'0772','546100',109.235,23.7273,'Xingbin',NULL),(451321,'忻城县',451300,'忻城',3,'0772','546200',108.664,24.0686,'Xincheng',NULL),(451322,'象州县',451300,'象州',3,'0772','545800',109.699,23.9736,'Xiangzhou',NULL),(451323,'武宣县',451300,'武宣',3,'0772','545900',109.663,23.5947,'Wuxuan',NULL),(451324,'金秀瑶族自治县',451300,'金秀',3,'0772','545799',110.191,24.1293,'Jinxiu',NULL),(451381,'合山市',451300,'合山',3,'0772','546500',108.886,23.8062,'Heshan',NULL),(451400,'崇左市',450000,'崇左',2,'0771','532299',107.354,22.4041,'Chongzuo',NULL),(451402,'江州区',451400,'江州',3,'0771','532299',107.347,22.4114,'Jiangzhou',NULL),(451421,'扶绥县',451400,'扶绥',3,'0771','532199',107.904,22.6341,'Fusui',NULL),(451422,'宁明县',451400,'宁明',3,'0771','532599',107.073,22.1366,'Ningming',NULL),(451423,'龙州县',451400,'龙州',3,'0771','532499',106.854,22.3394,'Longzhou',NULL),(451424,'大新县',451400,'大新',3,'0771','532399',107.198,22.8341,'Daxin',NULL),(451425,'天等县',451400,'天等',3,'0771','532899',107.14,23.077,'Tiandeng',NULL),(451481,'凭祥市',451400,'凭祥',3,'0771','532699',106.755,22.1057,'Pingxiang',NULL),(460000,'海南省',100000,'海南',1,'','',110.331,20.032,'Hainan',NULL),(460100,'海口市',460000,'海口',2,'0898','570000',110.331,20.032,'Haikou',NULL),(460105,'秀英区',460100,'秀英',3,'0898','570311',110.293,20.0075,'Xiuying',NULL),(460106,'龙华区',460100,'龙华',3,'0898','570145',110.302,20.0287,'Longhua',NULL),(460107,'琼山区',460100,'琼山',3,'0898','571100',110.354,20.0032,'Qiongshan',NULL),(460108,'美兰区',460100,'美兰',3,'0898','570203',110.369,20.0286,'Meilan',NULL),(460200,'三亚市',460000,'三亚',2,'0898','572000',109.508,18.2479,'Sanya',NULL),(460202,'海棠区',460200,'海棠',3,'0898','572000',109.508,18.2479,'Haitang',NULL),(460203,'吉阳区',460200,'吉阳',3,'0898','572000',109.508,18.2479,'Jiyang',NULL),(460204,'天涯区',460200,'天涯',3,'0898','572000',109.508,18.2479,'Tianya',NULL),(460205,'崖州区',460200,'崖州',3,'0898','572000',109.508,18.2479,'Yazhou',NULL),(460300,'三沙市',460000,'三沙',2,'0898','573199',112.349,16.831,'Sansha',NULL),(460321,'西沙群岛',460300,'西沙',3,'0898','572000',112.026,16.3313,'Xisha Islands',NULL),(460322,'南沙群岛',460300,'南沙',3,'0898','573100',116.75,11.4719,'Nansha Islands',NULL),(460323,'中沙群岛',460300,'中沙',3,'0898','573100',117.74,15.1129,'Zhongsha Islands',NULL),(469000,'直辖县级',460000,' ',2,'','',109.503,18.7399,'',NULL),(469001,'五指山市',469000,'五指山',3,'0898','572200',109.517,18.7769,'Wuzhishan',NULL),(469002,'琼海市',469000,'琼海',3,'0898','571400',110.467,19.246,'Qionghai',NULL),(469003,'儋州市',469000,'儋州',3,'0898','571700',109.577,19.5175,'Danzhou',NULL),(469005,'文昌市',469000,'文昌',3,'0898','571339',110.754,19.613,'Wenchang',NULL),(469006,'万宁市',469000,'万宁',3,'0898','571500',110.389,18.7962,'Wanning',NULL),(469007,'东方市',469000,'东方',3,'0898','572600',108.654,19.102,'Dongfang',NULL),(469021,'定安县',469000,'定安',3,'0898','571200',110.324,19.6992,'Ding\'an',NULL),(469022,'屯昌县',469000,'屯昌',3,'0898','571600',110.103,19.3629,'Tunchang',NULL),(469023,'澄迈县',469000,'澄迈',3,'0898','571900',110.007,19.7371,'Chengmai',NULL),(469024,'临高县',469000,'临高',3,'0898','571800',109.688,19.9083,'Lingao',NULL),(469025,'白沙黎族自治县',469000,'白沙',3,'0898','572800',109.453,19.2246,'Baisha',NULL),(469026,'昌江黎族自治县',469000,'昌江',3,'0898','572700',109.053,19.261,'Changjiang',NULL),(469027,'乐东黎族自治县',469000,'乐东',3,'0898','572500',109.175,18.7476,'Ledong',NULL),(469028,'陵水黎族自治县',469000,'陵水',3,'0898','572400',110.037,18.505,'Lingshui',NULL),(469029,'保亭黎族苗族自治县',469000,'保亭',3,'0898','572300',109.702,18.6364,'Baoting',NULL),(469030,'琼中黎族苗族自治县',469000,'琼中',3,'0898','572900',109.84,19.0356,'Qiongzhong',NULL),(500000,'重庆',100000,'重庆',1,'','',106.505,29.5332,'Chongqing',NULL),(500100,'重庆市',500000,'重庆',2,'023','400000',106.505,29.5332,'Chongqing',NULL),(500101,'万州区',500100,'万州',3,'023','404000',108.409,30.8079,'Wanzhou',NULL),(500102,'涪陵区',500100,'涪陵',3,'023','408000',107.39,29.7029,'Fuling',NULL),(500103,'渝中区',500100,'渝中',3,'023','400010',106.569,29.5528,'Yuzhong',NULL),(500104,'大渡口区',500100,'大渡口',3,'023','400080',106.483,29.4845,'Dadukou',NULL),(500105,'江北区',500100,'江北',3,'023','400020',106.574,29.6066,'Jiangbei',NULL),(500106,'沙坪坝区',500100,'沙坪坝',3,'023','400030',106.458,29.5411,'Shapingba',NULL),(500107,'九龙坡区',500100,'九龙坡',3,'023','400050',106.511,29.502,'Jiulongpo',NULL),(500108,'南岸区',500100,'南岸',3,'023','400064',106.563,29.5231,'Nan\'an',NULL),(500109,'北碚区',500100,'北碚',3,'023','400700',106.396,29.8057,'Beibei',NULL),(500110,'綦江区',500100,'綦江',3,'023','400800',106.927,28.9607,'Qijiang',NULL),(500111,'大足区',500100,'大足',3,'023','400900',105.768,29.484,'Dazu',NULL),(500112,'渝北区',500100,'渝北',3,'023','401120',106.631,29.7182,'Yubei',NULL),(500113,'巴南区',500100,'巴南',3,'023','401320',106.524,29.3831,'Banan',NULL),(500114,'黔江区',500100,'黔江',3,'023','409700',108.771,29.5332,'Qianjiang',NULL),(500115,'长寿区',500100,'长寿',3,'023','401220',107.082,29.8536,'Changshou',NULL),(500116,'江津区',500100,'江津',3,'023','402260',106.259,29.2901,'Jiangjin',NULL),(500117,'合川区',500100,'合川',3,'023','401520',106.276,29.9723,'Hechuan',NULL),(500118,'永川区',500100,'永川',3,'023','402160',105.927,29.3559,'Yongchuan',NULL),(500119,'南川区',500100,'南川',3,'023','408400',107.099,29.1575,'Nanchuan',NULL),(500120,'璧山区',500100,'璧山',3,'023','402760',106.231,29.5936,'Bishan',NULL),(500151,'铜梁区',500100,'铜梁',3,'023','402560',106.055,29.8399,'Tongliang',NULL),(500223,'潼南县',500100,'潼南',3,'023','402660',105.84,30.1912,'Tongnan',NULL),(500226,'荣昌县',500100,'荣昌',3,'023','402460',105.594,29.4049,'Rongchang',NULL),(500228,'梁平县',500100,'梁平',3,'023','405200',107.8,30.6754,'Liangping',NULL),(500229,'城口县',500100,'城口',3,'023','405900',108.665,31.948,'Chengkou',NULL),(500230,'丰都县',500100,'丰都',3,'023','408200',107.731,29.8635,'Fengdu',NULL),(500231,'垫江县',500100,'垫江',3,'023','408300',107.354,30.3336,'Dianjiang',NULL),(500232,'武隆县',500100,'武隆',3,'023','408500',107.76,29.3255,'Wulong',NULL),(500233,'忠县',500100,'忠县',3,'023','404300',108.037,30.289,'Zhongxian',NULL),(500234,'开县',500100,'开县',3,'023','405400',108.393,31.1609,'Kaixian',NULL),(500235,'云阳县',500100,'云阳',3,'023','404500',108.697,30.9306,'Yunyang',NULL),(500236,'奉节县',500100,'奉节',3,'023','404600',109.465,31.0182,'Fengjie',NULL),(500237,'巫山县',500100,'巫山',3,'023','404700',109.878,31.0746,'Wushan',NULL),(500238,'巫溪县',500100,'巫溪',3,'023','405800',109.631,31.3976,'Wuxi',NULL),(500240,'石柱土家族自治县',500100,'石柱',3,'023','409100',108.114,30.0005,'Shizhu',NULL),(500241,'秀山土家族苗族自治县',500100,'秀山',3,'023','409900',108.989,28.4506,'Xiushan',NULL),(500242,'酉阳土家族苗族自治县',500100,'酉阳',3,'023','409800',108.772,28.8446,'Youyang',NULL),(500243,'彭水苗族土家族自治县',500100,'彭水',3,'023','409600',108.166,29.2952,'Pengshui',NULL),(500300,'两江新区',500000,'两江新区',2,'023','400000',106.463,29.7292,'Liangjiangxinqu',NULL),(500301,'北部新区',500300,'北部新区',3,'023','400000',106.489,29.6671,'Beibuxinqu',NULL),(500302,'保税港区',500300,'保税港区',3,'023','400000',106.638,29.7163,'Baoshuigangqu',NULL),(500303,'工业园区',500300,'工业园区',3,'023','400000',106.626,29.5555,'Gongyeyuanqu',NULL),(510000,'四川省',100000,'四川',1,'','',104.066,30.6595,'Sichuan',NULL),(510100,'成都市',510000,'成都',2,'028','610015',104.066,30.6595,'Chengdu',NULL),(510104,'锦江区',510100,'锦江',3,'028','610021',104.083,30.6561,'Jinjiang',NULL),(510105,'青羊区',510100,'青羊',3,'028','610031',104.062,30.6739,'Qingyang',NULL),(510106,'金牛区',510100,'金牛',3,'028','610036',104.051,30.6913,'Jinniu',NULL),(510107,'武侯区',510100,'武侯',3,'028','610041',104.043,30.6423,'Wuhou',NULL),(510108,'成华区',510100,'成华',3,'028','610066',104.102,30.6599,'Chenghua',NULL),(510112,'龙泉驿区',510100,'龙泉驿',3,'028','610100',104.275,30.5566,'Longquanyi',NULL),(510113,'青白江区',510100,'青白江',3,'028','610300',104.251,30.8784,'Qingbaijiang',NULL),(510114,'新都区',510100,'新都',3,'028','610500',104.159,30.8231,'Xindu',NULL),(510115,'温江区',510100,'温江',3,'028','611130',103.849,30.6844,'Wenjiang',NULL),(510121,'金堂县',510100,'金堂',3,'028','610400',104.412,30.8619,'Jintang',NULL),(510122,'双流县',510100,'双流',3,'028','610200',103.924,30.5744,'Shuangliu',NULL),(510124,'郫县',510100,'郫县',3,'028','611730',103.887,30.8105,'Pixian',NULL),(510129,'大邑县',510100,'大邑',3,'028','611330',103.521,30.5874,'Dayi',NULL),(510131,'蒲江县',510100,'蒲江',3,'028','611630',103.506,30.1967,'Pujiang',NULL),(510132,'新津县',510100,'新津',3,'028','611430',103.811,30.4098,'Xinjin',NULL),(510181,'都江堰市',510100,'都江堰',3,'028','611830',103.619,30.9982,'Dujiangyan',NULL),(510182,'彭州市',510100,'彭州',3,'028','611930',103.958,30.9901,'Pengzhou',NULL),(510183,'邛崃市',510100,'邛崃',3,'028','611530',103.463,30.4149,'Qionglai',NULL),(510184,'崇州市',510100,'崇州',3,'028','611230',103.673,30.6301,'Chongzhou',NULL),(510300,'自贡市',510000,'自贡',2,'0813','643000',104.773,29.3528,'Zigong',NULL),(510302,'自流井区',510300,'自流井',3,'0813','643000',104.777,29.3375,'Ziliujing',NULL),(510303,'贡井区',510300,'贡井',3,'0813','643020',104.715,29.3458,'Gongjing',NULL),(510304,'大安区',510300,'大安',3,'0813','643010',104.774,29.3636,'Da\'an',NULL),(510311,'沿滩区',510300,'沿滩',3,'0813','643030',104.88,29.2661,'Yantan',NULL),(510321,'荣县',510300,'荣县',3,'0813','643100',104.418,29.4445,'Rongxian',NULL),(510322,'富顺县',510300,'富顺',3,'0813','643200',104.975,29.1812,'Fushun',NULL),(510400,'攀枝花市',510000,'攀枝花',2,'0812','617000',101.716,26.5804,'Panzhihua',NULL),(510402,'东区',510400,'东区',3,'0812','617067',101.705,26.5468,'Dongqu',NULL),(510403,'西区',510400,'西区',3,'0812','617068',101.631,26.5975,'Xiqu',NULL),(510411,'仁和区',510400,'仁和',3,'0812','617061',101.738,26.4984,'Renhe',NULL),(510421,'米易县',510400,'米易',3,'0812','617200',102.111,26.8872,'Miyi',NULL),(510422,'盐边县',510400,'盐边',3,'0812','617100',101.854,26.6885,'Yanbian',NULL),(510500,'泸州市',510000,'泸州',2,'0830','646000',105.443,28.8891,'Luzhou',NULL),(510502,'江阳区',510500,'江阳',3,'0830','646000',105.453,28.8893,'Jiangyang',NULL),(510503,'纳溪区',510500,'纳溪',3,'0830','646300',105.373,28.7734,'Naxi',NULL),(510504,'龙马潭区',510500,'龙马潭',3,'0830','646000',105.438,28.9131,'Longmatan',NULL),(510521,'泸县',510500,'泸县',3,'0830','646106',105.382,29.1504,'Luxian',NULL),(510522,'合江县',510500,'合江',3,'0830','646200',105.835,28.81,'Hejiang',NULL),(510524,'叙永县',510500,'叙永',3,'0830','646400',105.445,28.1559,'Xuyong',NULL),(510525,'古蔺县',510500,'古蔺',3,'0830','646500',105.813,28.0387,'Gulin',NULL),(510600,'德阳市',510000,'德阳',2,'0838','618000',104.399,31.128,'Deyang',NULL),(510603,'旌阳区',510600,'旌阳',3,'0838','618000',104.394,31.1391,'Jingyang',NULL),(510623,'中江县',510600,'中江',3,'0838','618100',104.679,31.033,'Zhongjiang',NULL),(510626,'罗江县',510600,'罗江',3,'0838','618500',104.51,31.3167,'Luojiang',NULL),(510681,'广汉市',510600,'广汉',3,'0838','618300',104.282,30.9769,'Guanghan',NULL),(510682,'什邡市',510600,'什邡',3,'0838','618400',104.168,31.1264,'Shifang',NULL),(510683,'绵竹市',510600,'绵竹',3,'0838','618200',104.221,31.3377,'Mianzhu',NULL),(510700,'绵阳市',510000,'绵阳',2,'0816','621000',104.742,31.464,'Mianyang',NULL),(510703,'涪城区',510700,'涪城',3,'0816','621000',104.757,31.4552,'Fucheng',NULL),(510704,'游仙区',510700,'游仙',3,'0816','621022',104.771,31.4657,'Youxian',NULL),(510722,'三台县',510700,'三台',3,'0816','621100',105.091,31.0918,'Santai',NULL),(510723,'盐亭县',510700,'盐亭',3,'0816','621600',105.39,31.2218,'Yanting',NULL),(510724,'安县',510700,'安县',3,'0816','622650',104.567,31.5349,'Anxian',NULL),(510725,'梓潼县',510700,'梓潼',3,'0816','622150',105.162,31.6359,'Zitong',NULL),(510726,'北川羌族自治县',510700,'北川',3,'0816','622750',104.464,31.8329,'Beichuan',NULL),(510727,'平武县',510700,'平武',3,'0816','622550',104.529,32.4079,'Pingwu',NULL),(510781,'江油市',510700,'江油',3,'0816','621700',104.745,31.7778,'Jiangyou',NULL),(510800,'广元市',510000,'广元',2,'0839','628000',105.83,32.4337,'Guangyuan',NULL),(510802,'利州区',510800,'利州',3,'0839','628017',105.826,32.4323,'Lizhou',NULL),(510811,'昭化区',510800,'昭化',3,'0839','628017',105.64,32.3865,'Zhaohua',NULL),(510812,'朝天区',510800,'朝天',3,'0839','628017',105.893,32.644,'Chaotian',NULL),(510821,'旺苍县',510800,'旺苍',3,'0839','628200',106.29,32.2285,'Wangcang',NULL),(510822,'青川县',510800,'青川',3,'0839','628100',105.239,32.5856,'Qingchuan',NULL),(510823,'剑阁县',510800,'剑阁',3,'0839','628300',105.525,32.2884,'Jiange',NULL),(510824,'苍溪县',510800,'苍溪',3,'0839','628400',105.936,31.7321,'Cangxi',NULL),(510900,'遂宁市',510000,'遂宁',2,'0825','629000',105.571,30.5133,'Suining',NULL),(510903,'船山区',510900,'船山',3,'0825','629000',105.581,30.4999,'Chuanshan',NULL),(510904,'安居区',510900,'安居',3,'0825','629000',105.464,30.3578,'Anju',NULL),(510921,'蓬溪县',510900,'蓬溪',3,'0825','629100',105.708,30.7577,'Pengxi',NULL),(510922,'射洪县',510900,'射洪',3,'0825','629200',105.389,30.872,'Shehong',NULL),(510923,'大英县',510900,'大英',3,'0825','629300',105.243,30.5943,'Daying',NULL),(511000,'内江市',510000,'内江',2,'0832','641000',105.066,29.5871,'Neijiang',NULL),(511002,'市中区',511000,'市中区',3,'0832','641000',105.068,29.5871,'Shizhongqu',NULL),(511011,'东兴区',511000,'东兴',3,'0832','641100',105.076,29.5928,'Dongxing',NULL),(511024,'威远县',511000,'威远',3,'0832','642450',104.67,29.5282,'Weiyuan',NULL),(511025,'资中县',511000,'资中',3,'0832','641200',104.852,29.7641,'Zizhong',NULL),(511028,'隆昌县',511000,'隆昌',3,'0832','642150',105.287,29.3394,'Longchang',NULL),(511100,'乐山市',510000,'乐山',2,'0833','614000',103.761,29.582,'Leshan',NULL),(511102,'市中区',511100,'市中区',3,'0833','614000',103.762,29.5554,'Shizhongqu',NULL),(511111,'沙湾区',511100,'沙湾',3,'0833','614900',103.549,29.4119,'Shawan',NULL),(511112,'五通桥区',511100,'五通桥',3,'0833','614800',103.823,29.4034,'Wutongqiao',NULL),(511113,'金口河区',511100,'金口河',3,'0833','614700',103.079,29.2458,'Jinkouhe',NULL),(511123,'犍为县',511100,'犍为',3,'0833','614400',103.95,29.2097,'Qianwei',NULL),(511124,'井研县',511100,'井研',3,'0833','613100',104.07,29.6523,'Jingyan',NULL),(511126,'夹江县',511100,'夹江',3,'0833','614100',103.572,29.7387,'Jiajiang',NULL),(511129,'沐川县',511100,'沐川',3,'0833','614500',103.904,28.9565,'Muchuan',NULL),(511132,'峨边彝族自治县',511100,'峨边',3,'0833','614300',103.263,29.23,'Ebian',NULL),(511133,'马边彝族自治县',511100,'马边',3,'0833','614600',103.546,28.8359,'Mabian',NULL),(511181,'峨眉山市',511100,'峨眉山',3,'0833','614200',103.484,29.6012,'Emeishan',NULL),(511300,'南充市',510000,'南充',2,'0817','637000',106.083,30.7953,'Nanchong',NULL),(511302,'顺庆区',511300,'顺庆',3,'0817','637000',106.092,30.7964,'Shunqing',NULL),(511303,'高坪区',511300,'高坪',3,'0817','637100',106.119,30.7816,'Gaoping',NULL),(511304,'嘉陵区',511300,'嘉陵',3,'0817','637100',106.071,30.7585,'Jialing',NULL),(511321,'南部县',511300,'南部',3,'0817','637300',106.067,31.3545,'Nanbu',NULL),(511322,'营山县',511300,'营山',3,'0817','637700',106.566,31.0775,'Yingshan',NULL),(511323,'蓬安县',511300,'蓬安',3,'0817','637800',106.413,31.0296,'Peng\'an',NULL),(511324,'仪陇县',511300,'仪陇',3,'0817','637600',106.3,31.2763,'Yilong',NULL),(511325,'西充县',511300,'西充',3,'0817','637200',105.9,30.9969,'Xichong',NULL),(511381,'阆中市',511300,'阆中',3,'0817','637400',106.005,31.5583,'Langzhong',NULL),(511400,'眉山市',510000,'眉山',2,'028','620020',103.832,30.0483,'Meishan',NULL),(511402,'东坡区',511400,'东坡',3,'028','620010',103.832,30.0422,'Dongpo',NULL),(511403,'彭山区',511400,'彭山',3,'028','620860',103.873,30.1928,'Pengshan',NULL),(511421,'仁寿县',511400,'仁寿',3,'028','620500',104.134,29.996,'Renshou',NULL),(511423,'洪雅县',511400,'洪雅',3,'028','620360',103.373,29.9066,'Hongya',NULL),(511424,'丹棱县',511400,'丹棱',3,'028','620200',103.513,30.0156,'Danling',NULL),(511425,'青神县',511400,'青神',3,'028','620460',103.848,29.8323,'Qingshen',NULL),(511500,'宜宾市',510000,'宜宾',2,'0831','644000',104.631,28.7602,'Yibin',NULL),(511502,'翠屏区',511500,'翠屏',3,'0831','644000',104.62,28.7657,'Cuiping',NULL),(511503,'南溪区',511500,'南溪',3,'0831','644100',104.981,28.8398,'Nanxi',NULL),(511521,'宜宾县',511500,'宜宾',3,'0831','644600',104.533,28.69,'Yibin',NULL),(511523,'江安县',511500,'江安',3,'0831','644200',105.067,28.7239,'Jiang\'an',NULL),(511524,'长宁县',511500,'长宁',3,'0831','644300',104.925,28.5778,'Changning',NULL),(511525,'高县',511500,'高县',3,'0831','645150',104.518,28.4362,'Gaoxian',NULL),(511526,'珙县',511500,'珙县',3,'0831','644500',104.714,28.4451,'Gongxian',NULL),(511527,'筠连县',511500,'筠连',3,'0831','645250',104.512,28.1649,'Junlian',NULL),(511528,'兴文县',511500,'兴文',3,'0831','644400',105.237,28.3044,'Xingwen',NULL),(511529,'屏山县',511500,'屏山',3,'0831','645350',104.163,28.6437,'Pingshan',NULL),(511600,'广安市',510000,'广安',2,'0826','638000',106.633,30.4564,'Guang\'an',NULL),(511602,'广安区',511600,'广安',3,'0826','638000',106.642,30.4739,'Guang\'an',NULL),(511603,'前锋区',511600,'前锋',3,'0826','638019',106.894,30.4946,'Qianfeng',NULL),(511621,'岳池县',511600,'岳池',3,'0826','638300',106.441,30.5392,'Yuechi',NULL),(511622,'武胜县',511600,'武胜',3,'0826','638400',106.296,30.3493,'Wusheng',NULL),(511623,'邻水县',511600,'邻水',3,'0826','638500',106.93,30.3345,'Linshui',NULL),(511681,'华蓥市',511600,'华蓥',3,'0826','638600',106.785,30.3901,'Huaying',NULL),(511700,'达州市',510000,'达州',2,'0818','635000',107.502,31.2095,'Dazhou',NULL),(511702,'通川区',511700,'通川',3,'0818','635000',107.505,31.2147,'Tongchuan',NULL),(511703,'达川区',511700,'达川',3,'0818','635000',107.502,31.2095,'Dachuan',NULL),(511722,'宣汉县',511700,'宣汉',3,'0818','636150',107.728,31.3552,'Xuanhan',NULL),(511723,'开江县',511700,'开江',3,'0818','636250',107.869,31.0841,'Kaijiang',NULL),(511724,'大竹县',511700,'大竹',3,'0818','635100',107.209,30.7415,'Dazhu',NULL),(511725,'渠县',511700,'渠县',3,'0818','635200',106.974,30.8376,'Quxian',NULL),(511781,'万源市',511700,'万源',3,'0818','636350',108.036,32.0809,'Wanyuan',NULL),(511800,'雅安市',510000,'雅安',2,'0835','625000',103.001,29.9877,'Ya\'an',NULL),(511802,'雨城区',511800,'雨城',3,'0835','625000',103.033,30.0053,'Yucheng',NULL),(511803,'名山区',511800,'名山',3,'0835','625100',103.112,30.0847,'Mingshan',NULL),(511822,'荥经县',511800,'荥经',3,'0835','625200',102.847,29.794,'Yingjing',NULL),(511823,'汉源县',511800,'汉源',3,'0835','625300',102.678,29.3517,'Hanyuan',NULL),(511824,'石棉县',511800,'石棉',3,'0835','625400',102.359,29.228,'Shimian',NULL),(511825,'天全县',511800,'天全',3,'0835','625500',102.759,30.0675,'Tianquan',NULL),(511826,'芦山县',511800,'芦山',3,'0835','625600',102.928,30.1437,'Lushan',NULL),(511827,'宝兴县',511800,'宝兴',3,'0835','625700',102.816,30.3684,'Baoxing',NULL),(511900,'巴中市',510000,'巴中',2,'0827','636000',106.754,31.8588,'Bazhong',NULL),(511902,'巴州区',511900,'巴州',3,'0827','636001',106.769,31.8512,'Bazhou',NULL),(511903,'恩阳区',511900,'恩阳',3,'0827','636064',106.754,31.8588,'Enyang',NULL),(511921,'通江县',511900,'通江',3,'0827','636700',107.244,31.9129,'Tongjiang',NULL),(511922,'南江县',511900,'南江',3,'0827','636600',106.842,32.3534,'Nanjiang',NULL),(511923,'平昌县',511900,'平昌',3,'0827','636400',107.104,31.5594,'Pingchang',NULL),(512000,'资阳市',510000,'资阳',2,'028','641300',104.642,30.1222,'Ziyang',NULL),(512002,'雁江区',512000,'雁江',3,'028','641300',104.652,30.1152,'Yanjiang',NULL),(512021,'安岳县',512000,'安岳',3,'028','642350',105.336,30.0979,'Anyue',NULL),(512022,'乐至县',512000,'乐至',3,'028','641500',105.032,30.2723,'Lezhi',NULL),(512081,'简阳市',512000,'简阳',3,'028','641400',104.549,30.3904,'Jianyang',NULL),(513200,'阿坝藏族羌族自治州',510000,'阿坝',2,'0837','624000',102.221,31.8998,'Aba',NULL),(513221,'汶川县',513200,'汶川',3,'0837','623000',103.591,31.4733,'Wenchuan',NULL),(513222,'理县',513200,'理县',3,'0837','623100',103.172,31.436,'Lixian',NULL),(513223,'茂县',513200,'茂县',3,'0837','623200',103.854,31.682,'Maoxian',NULL),(513224,'松潘县',513200,'松潘',3,'0837','623300',103.599,32.6387,'Songpan',NULL),(513225,'九寨沟县',513200,'九寨沟',3,'0837','623400',104.237,33.2632,'Jiuzhaigou',NULL),(513226,'金川县',513200,'金川',3,'0837','624100',102.066,31.4762,'Jinchuan',NULL),(513227,'小金县',513200,'小金',3,'0837','624200',102.365,30.9993,'Xiaojin',NULL),(513228,'黑水县',513200,'黑水',3,'0837','623500',102.992,32.0618,'Heishui',NULL),(513229,'马尔康县',513200,'马尔康',3,'0837','624000',102.206,31.9058,'Maerkang',NULL),(513230,'壤塘县',513200,'壤塘',3,'0837','624300',100.978,32.2658,'Rangtang',NULL),(513231,'阿坝县',513200,'阿坝',3,'0837','624600',101.706,32.903,'Aba',NULL),(513232,'若尔盖县',513200,'若尔盖',3,'0837','624500',102.96,33.5743,'Ruoergai',NULL),(513233,'红原县',513200,'红原',3,'0837','624400',102.545,32.7899,'Hongyuan',NULL),(513300,'甘孜藏族自治州',510000,'甘孜',2,'0836','626000',101.964,30.0507,'Garze',NULL),(513321,'康定县',513300,'康定',3,'0836','626000',101.965,30.0553,'Kangding',NULL),(513322,'泸定县',513300,'泸定',3,'0836','626100',102.235,29.9147,'Luding',NULL),(513323,'丹巴县',513300,'丹巴',3,'0836','626300',101.884,30.8766,'Danba',NULL),(513324,'九龙县',513300,'九龙',3,'0836','626200',101.508,29.0009,'Jiulong',NULL),(513325,'雅江县',513300,'雅江',3,'0836','627450',101.015,30.0328,'Yajiang',NULL),(513326,'道孚县',513300,'道孚',3,'0836','626400',101.126,30.9805,'Daofu',NULL),(513327,'炉霍县',513300,'炉霍',3,'0836','626500',100.677,31.3917,'Luhuo',NULL),(513328,'甘孜县',513300,'甘孜',3,'0836','626700',99.9931,31.6267,'Ganzi',NULL),(513329,'新龙县',513300,'新龙',3,'0836','626800',100.312,30.9407,'Xinlong',NULL),(513330,'德格县',513300,'德格',3,'0836','627250',98.5808,31.8062,'Dege',NULL),(513331,'白玉县',513300,'白玉',3,'0836','627150',98.8257,31.209,'Baiyu',NULL),(513332,'石渠县',513300,'石渠',3,'0836','627350',98.1016,32.9788,'Shiqu',NULL),(513333,'色达县',513300,'色达',3,'0836','626600',100.332,32.2684,'Seda',NULL),(513334,'理塘县',513300,'理塘',3,'0836','627550',100.27,29.9967,'Litang',NULL),(513335,'巴塘县',513300,'巴塘',3,'0836','627650',99.1041,30.0042,'Batang',NULL),(513336,'乡城县',513300,'乡城',3,'0836','627850',99.7994,28.9355,'Xiangcheng',NULL),(513337,'稻城县',513300,'稻城',3,'0836','627750',100.298,29.0379,'Daocheng',NULL),(513338,'得荣县',513300,'得荣',3,'0836','627950',99.2863,28.713,'Derong',NULL),(513400,'凉山彝族自治州',510000,'凉山',2,'0834','615000',102.259,27.8868,'Liangshan',NULL),(513401,'西昌市',513400,'西昌',3,'0835','615000',102.264,27.8952,'Xichang',NULL),(513422,'木里藏族自治县',513400,'木里',3,'0851','615800',101.28,27.9287,'Muli',NULL),(513423,'盐源县',513400,'盐源',3,'0836','615700',101.51,27.4218,'Yanyuan',NULL),(513424,'德昌县',513400,'德昌',3,'0837','615500',102.18,27.4048,'Dechang',NULL),(513425,'会理县',513400,'会理',3,'0838','615100',102.245,26.6563,'Huili',NULL),(513426,'会东县',513400,'会东',3,'0839','615200',102.578,26.6343,'Huidong',NULL),(513427,'宁南县',513400,'宁南',3,'0840','615400',102.761,27.0657,'Ningnan',NULL),(513428,'普格县',513400,'普格',3,'0841','615300',102.541,27.3748,'Puge',NULL),(513429,'布拖县',513400,'布拖',3,'0842','616350',102.812,27.7079,'Butuo',NULL),(513430,'金阳县',513400,'金阳',3,'0843','616250',103.248,27.697,'Jinyang',NULL),(513431,'昭觉县',513400,'昭觉',3,'0844','616150',102.847,28.0116,'Zhaojue',NULL),(513432,'喜德县',513400,'喜德',3,'0845','616750',102.413,28.3074,'Xide',NULL),(513433,'冕宁县',513400,'冕宁',3,'0846','615600',102.171,28.5516,'Mianning',NULL),(513434,'越西县',513400,'越西',3,'0847','616650',102.508,28.6413,'Yuexi',NULL),(513435,'甘洛县',513400,'甘洛',3,'0848','616850',102.772,28.9662,'Ganluo',NULL),(513436,'美姑县',513400,'美姑',3,'0849','616450',103.131,28.326,'Meigu',NULL),(513437,'雷波县',513400,'雷波',3,'0850','616550',103.573,28.2641,'Leibo',NULL),(520000,'贵州省',100000,'贵州',1,'','',106.713,26.5783,'Guizhou',NULL),(520100,'贵阳市',520000,'贵阳',2,'0851','550001',106.713,26.5783,'Guiyang',NULL),(520102,'南明区',520100,'南明',3,'0851','550001',106.715,26.5682,'Nanming',NULL),(520103,'云岩区',520100,'云岩',3,'0851','550001',106.725,26.6048,'Yunyan',NULL),(520111,'花溪区',520100,'花溪',3,'0851','550025',106.677,26.4334,'Huaxi',NULL),(520112,'乌当区',520100,'乌当',3,'0851','550018',106.752,26.6302,'Wudang',NULL),(520113,'白云区',520100,'白云',3,'0851','550014',106.631,26.6828,'Baiyun',NULL),(520115,'观山湖区',520100,'观山湖',3,'0851','550009',106.625,26.6182,'Guanshanhu',NULL),(520121,'开阳县',520100,'开阳',3,'0851','550300',106.969,27.0553,'Kaiyang',NULL),(520122,'息烽县',520100,'息烽',3,'0851','551100',106.738,27.0935,'Xifeng',NULL),(520123,'修文县',520100,'修文',3,'0851','550200',106.595,26.8378,'Xiuwen',NULL),(520181,'清镇市',520100,'清镇',3,'0851','551400',106.469,26.5526,'Qingzhen',NULL),(520200,'六盘水市',520000,'六盘水',2,'0858','553400',104.847,26.5846,'Liupanshui',NULL),(520201,'钟山区',520200,'钟山',3,'0858','553000',104.878,26.577,'Zhongshan',NULL),(520203,'六枝特区',520200,'六枝',3,'0858','553400',105.481,26.2012,'Liuzhi',NULL),(520221,'水城县',520200,'水城',3,'0858','553000',104.958,26.5478,'Shuicheng',NULL),(520222,'盘县',520200,'盘县',3,'0858','561601',104.471,25.7136,'Panxian',NULL),(520300,'遵义市',520000,'遵义',2,'0852','563000',106.937,27.7066,'Zunyi',NULL),(520302,'红花岗区',520300,'红花岗',3,'0852','563000',106.894,27.6447,'Honghuagang',NULL),(520303,'汇川区',520300,'汇川',3,'0852','563000',106.939,27.7062,'Huichuan',NULL),(520321,'遵义县',520300,'遵义',3,'0852','563100',106.833,27.5377,'Zunyi',NULL),(520322,'桐梓县',520300,'桐梓',3,'0852','563200',106.826,28.1381,'Tongzi',NULL),(520323,'绥阳县',520300,'绥阳',3,'0852','563300',107.191,27.947,'Suiyang',NULL),(520324,'正安县',520300,'正安',3,'0852','563400',107.444,28.5512,'Zheng\'an',NULL),(520325,'道真仡佬族苗族自治县',520300,'道真',3,'0852','563500',107.612,28.864,'Daozhen',NULL),(520326,'务川仡佬族苗族自治县',520300,'务川',3,'0852','564300',107.889,28.5223,'Wuchuan',NULL),(520327,'凤冈县',520300,'凤冈',3,'0852','564200',107.717,27.9546,'Fenggang',NULL),(520328,'湄潭县',520300,'湄潭',3,'0852','564100',107.488,27.7668,'Meitan',NULL),(520329,'余庆县',520300,'余庆',3,'0852','564400',107.888,27.2253,'Yuqing',NULL),(520330,'习水县',520300,'习水',3,'0852','564600',106.213,28.3198,'Xishui',NULL),(520381,'赤水市',520300,'赤水',3,'0852','564700',105.698,28.5892,'Chishui',NULL),(520382,'仁怀市',520300,'仁怀',3,'0852','564500',106.402,27.7923,'Renhuai',NULL),(520400,'安顺市',520000,'安顺',2,'0853','561000',105.932,26.2455,'Anshun',NULL),(520402,'西秀区',520400,'西秀',3,'0853','561000',105.966,26.2449,'Xixiu',NULL),(520421,'平坝区',520400,'平坝',3,'0853','561100',106.257,26.4054,'Pingba',NULL),(520422,'普定县',520400,'普定',3,'0853','562100',105.743,26.3014,'Puding',NULL),(520423,'镇宁布依族苗族自治县',520400,'镇宁',3,'0853','561200',105.765,26.0553,'Zhenning',NULL),(520424,'关岭布依族苗族自治县',520400,'关岭',3,'0853','561300',105.619,25.9425,'Guanling',NULL),(520425,'紫云苗族布依族自治县',520400,'紫云',3,'0853','550800',106.084,25.7526,'Ziyun',NULL),(520500,'毕节市',520000,'毕节',2,'0857','551700',105.285,27.3017,'Bijie',NULL),(520502,'七星关区',520500,'七星关',3,'0857','551700',104.95,27.1536,'Qixingguan',NULL),(520521,'大方县',520500,'大方',3,'0857','551600',105.609,27.1435,'Dafang',NULL),(520522,'黔西县',520500,'黔西',3,'0857','551500',106.038,27.0249,'Qianxi',NULL),(520523,'金沙县',520500,'金沙',3,'0857','551800',106.222,27.4597,'Jinsha',NULL),(520524,'织金县',520500,'织金',3,'0857','552100',105.769,26.6685,'Zhijin',NULL),(520525,'纳雍县',520500,'纳雍',3,'0857','553300',105.375,26.7699,'Nayong',NULL),(520526,'威宁彝族回族苗族自治县',520500,'威宁',3,'0857','553100',104.287,26.8591,'Weining',NULL),(520527,'赫章县',520500,'赫章',3,'0857','553200',104.726,27.1192,'Hezhang',NULL),(520600,'铜仁市',520000,'铜仁',2,'0856','554300',109.192,27.7183,'Tongren',NULL),(520602,'碧江区',520600,'碧江',3,'0856','554300',109.192,27.7183,'Bijiang',NULL),(520603,'万山区',520600,'万山',3,'0856','554200',109.212,27.519,'Wanshan',NULL),(520621,'江口县',520600,'江口',3,'0856','554400',108.848,27.6919,'Jiangkou',NULL),(520622,'玉屏侗族自治县',520600,'玉屏',3,'0856','554004',108.918,27.238,'Yuping',NULL),(520623,'石阡县',520600,'石阡',3,'0856','555100',108.23,27.5194,'Shiqian',NULL),(520624,'思南县',520600,'思南',3,'0856','565100',108.256,27.9413,'Sinan',NULL),(520625,'印江土家族苗族自治县',520600,'印江',3,'0856','555200',108.406,27.998,'Yinjiang',NULL),(520626,'德江县',520600,'德江',3,'0856','565200',108.117,28.2609,'Dejiang',NULL),(520627,'沿河土家族自治县',520600,'沿河',3,'0856','565300',108.496,28.5605,'Yuanhe',NULL),(520628,'松桃苗族自治县',520600,'松桃',3,'0856','554100',109.203,28.1654,'Songtao',NULL),(522300,'黔西南布依族苗族自治州',520000,'黔西南',2,'0859','562400',104.898,25.0881,'Qianxinan',NULL),(522301,'兴义市 ',522300,'兴义',3,'0859','562400',104.895,25.0921,'Xingyi',NULL),(522322,'兴仁县',522300,'兴仁',3,'0859','562300',105.187,25.4328,'Xingren',NULL),(522323,'普安县',522300,'普安',3,'0859','561500',104.955,25.786,'Pu\'an',NULL),(522324,'晴隆县',522300,'晴隆',3,'0859','561400',105.219,25.8352,'Qinglong',NULL),(522325,'贞丰县',522300,'贞丰',3,'0859','562200',105.655,25.3846,'Zhenfeng',NULL),(522326,'望谟县',522300,'望谟',3,'0859','552300',106.1,25.1782,'Wangmo',NULL),(522327,'册亨县',522300,'册亨',3,'0859','552200',105.812,24.9838,'Ceheng',NULL),(522328,'安龙县',522300,'安龙',3,'0859','552400',105.443,25.0982,'Anlong',NULL),(522600,'黔东南苗族侗族自治州',520000,'黔东南',2,'0855','556000',107.977,26.5834,'Qiandongnan',NULL),(522601,'凯里市',522600,'凯里',3,'0855','556000',107.981,26.5669,'Kaili',NULL),(522622,'黄平县',522600,'黄平',3,'0855','556100',107.902,26.8957,'Huangping',NULL),(522623,'施秉县',522600,'施秉',3,'0855','556200',108.126,27.035,'Shibing',NULL),(522624,'三穗县',522600,'三穗',3,'0855','556500',108.671,26.9477,'Sansui',NULL),(522625,'镇远县',522600,'镇远',3,'0855','557700',108.427,27.0493,'Zhenyuan',NULL),(522626,'岑巩县',522600,'岑巩',3,'0855','557800',108.819,27.1754,'Cengong',NULL),(522627,'天柱县',522600,'天柱',3,'0855','556600',109.207,26.9078,'Tianzhu',NULL),(522628,'锦屏县',522600,'锦屏',3,'0855','556700',109.2,26.6763,'Jinping',NULL),(522629,'剑河县',522600,'剑河',3,'0855','556400',108.591,26.6525,'Jianhe',NULL),(522630,'台江县',522600,'台江',3,'0855','556300',108.318,26.6692,'Taijiang',NULL),(522631,'黎平县',522600,'黎平',3,'0855','557300',109.136,26.2311,'Liping',NULL),(522632,'榕江县',522600,'榕江',3,'0855','557200',108.521,25.9242,'Rongjiang',NULL),(522633,'从江县',522600,'从江',3,'0855','557400',108.905,25.7542,'Congjiang',NULL),(522634,'雷山县',522600,'雷山',3,'0855','557100',108.077,26.3839,'Leishan',NULL),(522635,'麻江县',522600,'麻江',3,'0855','557600',107.592,26.4923,'Majiang',NULL),(522636,'丹寨县',522600,'丹寨',3,'0855','557500',107.797,26.1982,'Danzhai',NULL),(522700,'黔南布依族苗族自治州',520000,'黔南',2,'0854','558000',107.517,26.2582,'Qiannan',NULL),(522701,'都匀市',522700,'都匀',3,'0854','558000',107.519,26.2594,'Duyun',NULL),(522702,'福泉市',522700,'福泉',3,'0854','550500',107.517,26.6799,'Fuquan',NULL),(522722,'荔波县',522700,'荔波',3,'0854','558400',107.886,25.4139,'Libo',NULL),(522723,'贵定县',522700,'贵定',3,'0854','551300',107.237,26.5781,'Guiding',NULL),(522725,'瓮安县',522700,'瓮安',3,'0854','550400',107.476,27.0681,'Weng\'an',NULL),(522726,'独山县',522700,'独山',3,'0854','558200',107.541,25.8245,'Dushan',NULL),(522727,'平塘县',522700,'平塘',3,'0854','558300',107.324,25.8329,'Pingtang',NULL),(522728,'罗甸县',522700,'罗甸',3,'0854','550100',106.752,25.4259,'Luodian',NULL),(522729,'长顺县',522700,'长顺',3,'0854','550700',106.452,26.023,'Changshun',NULL),(522730,'龙里县',522700,'龙里',3,'0854','551200',106.977,26.4508,'Longli',NULL),(522731,'惠水县',522700,'惠水',3,'0854','550600',106.659,26.1339,'Huishui',NULL),(522732,'三都水族自治县',522700,'三都',3,'0854','558100',107.875,25.9856,'Sandu',NULL),(530000,'云南省',100000,'云南',1,'','',102.712,25.0406,'Yunnan',NULL),(530100,'昆明市',530000,'昆明',2,'0871','650500',102.712,25.0406,'Kunming',NULL),(530102,'五华区',530100,'五华',3,'0871','650021',102.708,25.0352,'Wuhua',NULL),(530103,'盘龙区',530100,'盘龙',3,'0871','650051',102.72,25.0405,'Panlong',NULL),(530111,'官渡区',530100,'官渡',3,'0871','650200',102.744,25.015,'Guandu',NULL),(530112,'西山区',530100,'西山',3,'0871','650118',102.665,25.038,'Xishan',NULL),(530113,'东川区',530100,'东川',3,'0871','654100',103.188,26.083,'Dongchuan',NULL),(530114,'呈贡区',530100,'呈贡',3,'0871','650500',102.801,24.8893,'Chenggong',NULL),(530122,'晋宁县',530100,'晋宁',3,'0871','650600',102.594,24.6665,'Jinning',NULL),(530124,'富民县',530100,'富民',3,'0871','650400',102.498,25.2212,'Fumin',NULL),(530125,'宜良县',530100,'宜良',3,'0871','652100',103.141,24.917,'Yiliang',NULL),(530126,'石林彝族自治县',530100,'石林',3,'0871','652200',103.271,24.759,'Shilin',NULL),(530127,'嵩明县',530100,'嵩明',3,'0871','651700',103.037,25.3399,'Songming',NULL),(530128,'禄劝彝族苗族自治县',530100,'禄劝',3,'0871','651500',102.467,25.5539,'Luquan',NULL),(530129,'寻甸回族彝族自治县 ',530100,'寻甸',3,'0871','655200',103.256,25.5596,'Xundian',NULL),(530181,'安宁市',530100,'安宁',3,'0871','650300',102.47,24.9165,'Anning',NULL),(530300,'曲靖市',530000,'曲靖',2,'0874','655000',103.798,25.5016,'Qujing',NULL),(530302,'麒麟区',530300,'麒麟',3,'0874','655000',103.805,25.4951,'Qilin',NULL),(530321,'马龙县',530300,'马龙',3,'0874','655100',103.579,25.4252,'Malong',NULL),(530322,'陆良县',530300,'陆良',3,'0874','655600',103.666,25.0233,'Luliang',NULL),(530323,'师宗县',530300,'师宗',3,'0874','655700',103.991,24.8282,'Shizong',NULL),(530324,'罗平县',530300,'罗平',3,'0874','655800',104.309,24.8844,'Luoping',NULL),(530325,'富源县',530300,'富源',3,'0874','655500',104.254,25.6659,'Fuyuan',NULL),(530326,'会泽县',530300,'会泽',3,'0874','654200',103.3,26.4108,'Huize',NULL),(530328,'沾益县',530300,'沾益',3,'0874','655331',103.821,25.6071,'Zhanyi',NULL),(530381,'宣威市',530300,'宣威',3,'0874','655400',104.104,26.2173,'Xuanwei',NULL),(530400,'玉溪市',530000,'玉溪',2,'0877','653100',102.544,24.3505,'Yuxi',NULL),(530402,'红塔区',530400,'红塔',3,'0877','653100',102.545,24.3541,'Hongta',NULL),(530421,'江川县',530400,'江川',3,'0877','652600',102.754,24.2886,'Jiangchuan',NULL),(530422,'澄江县',530400,'澄江',3,'0877','652500',102.908,24.6738,'Chengjiang',NULL),(530423,'通海县',530400,'通海',3,'0877','652700',102.766,24.1136,'Tonghai',NULL),(530424,'华宁县',530400,'华宁',3,'0877','652800',102.928,24.1926,'Huaning',NULL),(530425,'易门县',530400,'易门',3,'0877','651100',102.164,24.6712,'Yimen',NULL),(530426,'峨山彝族自治县',530400,'峨山',3,'0877','653200',102.406,24.169,'Eshan',NULL),(530427,'新平彝族傣族自治县',530400,'新平',3,'0877','653400',101.989,24.0689,'Xinping',NULL),(530428,'元江哈尼族彝族傣族自治县',530400,'元江',3,'0877','653300',101.998,23.5965,'Yuanjiang',NULL),(530500,'保山市',530000,'保山',2,'0875','678000',99.1671,25.1118,'Baoshan',NULL),(530502,'隆阳区',530500,'隆阳',3,'0875','678000',99.1633,25.1116,'Longyang',NULL),(530521,'施甸县',530500,'施甸',3,'0875','678200',99.1877,24.7242,'Shidian',NULL),(530522,'腾冲县',530500,'腾冲',3,'0875','679100',98.4941,25.0254,'Tengchong',NULL),(530523,'龙陵县',530500,'龙陵',3,'0875','678300',98.6902,24.5875,'Longling',NULL),(530524,'昌宁县',530500,'昌宁',3,'0875','678100',99.6036,24.8276,'Changning',NULL),(530600,'昭通市',530000,'昭通',2,'0870','657000',103.717,27.337,'Zhaotong',NULL),(530602,'昭阳区',530600,'昭阳',3,'0870','657000',103.707,27.32,'Zhaoyang',NULL),(530621,'鲁甸县',530600,'鲁甸',3,'0870','657100',103.547,27.1924,'Ludian',NULL),(530622,'巧家县',530600,'巧家',3,'0870','654600',102.924,26.9124,'Qiaojia',NULL),(530623,'盐津县',530600,'盐津',3,'0870','657500',104.235,28.1086,'Yanjin',NULL),(530624,'大关县',530600,'大关',3,'0870','657400',103.893,27.7488,'Daguan',NULL),(530625,'永善县',530600,'永善',3,'0870','657300',103.635,28.2279,'Yongshan',NULL),(530626,'绥江县',530600,'绥江',3,'0870','657700',103.949,28.5966,'Suijiang',NULL),(530627,'镇雄县',530600,'镇雄',3,'0870','657200',104.873,27.4398,'Zhenxiong',NULL),(530628,'彝良县',530600,'彝良',3,'0870','657600',104.05,27.6281,'Yiliang',NULL),(530629,'威信县',530600,'威信',3,'0870','657900',105.048,27.8407,'Weixin',NULL),(530630,'水富县',530600,'水富',3,'0870','657800',104.416,28.6299,'Shuifu',NULL),(530700,'丽江市',530000,'丽江',2,'0888','674100',100.233,26.8721,'Lijiang',NULL),(530702,'古城区',530700,'古城',3,'0888','674100',100.226,26.877,'Gucheng',NULL),(530721,'玉龙纳西族自治县',530700,'玉龙',3,'0888','674100',100.237,26.8215,'Yulong',NULL),(530722,'永胜县',530700,'永胜',3,'0888','674200',100.747,26.6859,'Yongsheng',NULL),(530723,'华坪县',530700,'华坪',3,'0888','674800',101.266,26.6297,'Huaping',NULL),(530724,'宁蒗彝族自治县',530700,'宁蒗',3,'0888','674300',100.851,27.2818,'Ninglang',NULL),(530800,'普洱市',530000,'普洱',2,'0879','665000',100.972,22.7773,'Pu\'er',NULL),(530802,'思茅区',530800,'思茅',3,'0879','665000',100.977,22.7869,'Simao',NULL),(530821,'宁洱哈尼族彝族自治县',530800,'宁洱',3,'0879','665100',101.047,23.0634,'Ninger',NULL),(530822,'墨江哈尼族自治县',530800,'墨江',3,'0879','654800',101.692,23.4321,'Mojiang',NULL),(530823,'景东彝族自治县',530800,'景东',3,'0879','676200',100.836,24.4479,'Jingdong',NULL),(530824,'景谷傣族彝族自治县',530800,'景谷',3,'0879','666400',100.703,23.497,'Jinggu',NULL),(530825,'镇沅彝族哈尼族拉祜族自治县',530800,'镇沅',3,'0879','666500',101.107,24.0056,'Zhenyuan',NULL),(530826,'江城哈尼族彝族自治县',530800,'江城',3,'0879','665900',101.858,22.5842,'Jiangcheng',NULL),(530827,'孟连傣族拉祜族佤族自治县',530800,'孟连',3,'0879','665800',99.5842,22.3292,'Menglian',NULL),(530828,'澜沧拉祜族自治县',530800,'澜沧',3,'0879','665600',99.9359,22.5547,'Lancang',NULL),(530829,'西盟佤族自治县',530800,'西盟',3,'0879','665700',99.5987,22.6477,'Ximeng',NULL),(530900,'临沧市',530000,'临沧',2,'0883','677000',100.087,23.8866,'Lincang',NULL),(530902,'临翔区',530900,'临翔',3,'0883','677000',100.082,23.895,'Linxiang',NULL),(530921,'凤庆县',530900,'凤庆',3,'0883','675900',99.9284,24.5803,'Fengqing',NULL),(530922,'云县',530900,'云县',3,'0883','675800',100.128,24.4468,'Yunxian',NULL),(530923,'永德县',530900,'永德',3,'0883','677600',99.2533,24.0276,'Yongde',NULL),(530924,'镇康县',530900,'镇康',3,'0883','677704',98.8255,23.7624,'Zhenkang',NULL),(530925,'双江拉祜族佤族布朗族傣族自治县',530900,'双江',3,'0883','677300',99.8277,23.4735,'Shuangjiang',NULL),(530926,'耿马傣族佤族自治县',530900,'耿马',3,'0883','677500',99.3979,23.5378,'Gengma',NULL),(530927,'沧源佤族自治县',530900,'沧源',3,'0883','677400',99.2455,23.1482,'Cangyuan',NULL),(532300,'楚雄彝族自治州',530000,'楚雄',2,'0878','675000',101.546,25.042,'Chuxiong',NULL),(532301,'楚雄市',532300,'楚雄',3,'0878','675000',101.546,25.0329,'Chuxiong',NULL),(532322,'双柏县',532300,'双柏',3,'0878','675100',101.642,24.6888,'Shuangbai',NULL),(532323,'牟定县',532300,'牟定',3,'0878','675500',101.54,25.3155,'Mouding',NULL),(532324,'南华县',532300,'南华',3,'0878','675200',101.273,25.1929,'Nanhua',NULL),(532325,'姚安县',532300,'姚安',3,'0878','675300',101.243,25.5047,'Yao\'an',NULL),(532326,'大姚县',532300,'大姚',3,'0878','675400',101.324,25.7222,'Dayao',NULL),(532327,'永仁县',532300,'永仁',3,'0878','651400',101.672,26.0579,'Yongren',NULL),(532328,'元谋县',532300,'元谋',3,'0878','651300',101.877,25.7044,'Yuanmou',NULL),(532329,'武定县',532300,'武定',3,'0878','651600',102.404,25.5295,'Wuding',NULL),(532331,'禄丰县',532300,'禄丰',3,'0878','651200',102.078,25.1481,'Lufeng',NULL),(532500,'红河哈尼族彝族自治州',530000,'红河',2,'0873','661400',103.384,23.3668,'Honghe',NULL),(532501,'个旧市',532500,'个旧',3,'0873','661000',103.16,23.3589,'Gejiu',NULL),(532502,'开远市',532500,'开远',3,'0873','661600',103.27,23.7101,'Kaiyuan',NULL),(532503,'蒙自市',532500,'蒙自',3,'0873','661101',103.385,23.3668,'Mengzi',NULL),(532504,'弥勒市',532500,'弥勒',3,'0873','652300',103.437,24.4084,'Mile ',NULL),(532523,'屏边苗族自治县',532500,'屏边',3,'0873','661200',103.686,22.9842,'Pingbian',NULL),(532524,'建水县',532500,'建水',3,'0873','654300',102.827,23.6347,'Jianshui',NULL),(532525,'石屏县',532500,'石屏',3,'0873','662200',102.494,23.7144,'Shiping',NULL),(532527,'泸西县',532500,'泸西',3,'0873','652400',103.764,24.5285,'Luxi',NULL),(532528,'元阳县',532500,'元阳',3,'0873','662400',102.833,23.2228,'Yuanyang',NULL),(532529,'红河县',532500,'红河县',3,'0873','654400',102.421,23.3677,'Honghexian',NULL),(532530,'金平苗族瑶族傣族自治县',532500,'金平',3,'0873','661500',103.227,22.7796,'Jinping',NULL),(532531,'绿春县',532500,'绿春',3,'0873','662500',102.397,22.9937,'Lvchun',NULL),(532532,'河口瑶族自治县',532500,'河口',3,'0873','661300',103.939,22.5293,'Hekou',NULL),(532600,'文山壮族苗族自治州',530000,'文山',2,'0876','663000',104.244,23.3695,'Wenshan',NULL),(532601,'文山市',532600,'文山',3,'0876','663000',104.244,23.3692,'Wenshan',NULL),(532622,'砚山县',532600,'砚山',3,'0876','663100',104.333,23.6072,'Yanshan',NULL),(532623,'西畴县',532600,'西畴',3,'0876','663500',104.674,23.4394,'Xichou',NULL),(532624,'麻栗坡县',532600,'麻栗坡',3,'0876','663600',104.701,23.1203,'Malipo',NULL),(532625,'马关县',532600,'马关',3,'0876','663700',104.395,23.0129,'Maguan',NULL),(532626,'丘北县',532600,'丘北',3,'0876','663200',104.193,24.0396,'Qiubei',NULL),(532627,'广南县',532600,'广南',3,'0876','663300',105.055,24.0464,'Guangnan',NULL),(532628,'富宁县',532600,'富宁',3,'0876','663400',105.631,23.6254,'Funing',NULL),(532800,'西双版纳傣族自治州',530000,'西双版纳',2,'0691','666100',100.798,22.0017,'Xishuangbanna',NULL),(532801,'景洪市',532800,'景洪',3,'0691','666100',100.8,22.0107,'Jinghong',NULL),(532822,'勐海县',532800,'勐海',3,'0691','666200',100.449,21.9618,'Menghai',NULL),(532823,'勐腊县',532800,'勐腊',3,'0691','666300',101.565,21.4816,'Mengla',NULL),(532900,'大理白族自治州',530000,'大理',2,'0872','671000',100.24,25.5928,'Dali',NULL),(532901,'大理市',532900,'大理',3,'0872','671000',100.23,25.5916,'Dali',NULL),(532922,'漾濞彝族自治县',532900,'漾濞',3,'0872','672500',99.9547,25.6652,'Yangbi',NULL),(532923,'祥云县',532900,'祥云',3,'0872','672100',100.558,25.4734,'Xiangyun',NULL),(532924,'宾川县',532900,'宾川',3,'0872','671600',100.577,25.8314,'Binchuan',NULL),(532925,'弥渡县',532900,'弥渡',3,'0872','675600',100.491,25.3418,'Midu',NULL),(532926,'南涧彝族自治县',532900,'南涧',3,'0872','675700',100.51,25.0435,'Nanjian',NULL),(532927,'巍山彝族回族自治县',532900,'巍山',3,'0872','672400',100.306,25.232,'Weishan',NULL),(532928,'永平县',532900,'永平',3,'0872','672600',99.5409,25.4645,'Yongping',NULL),(532929,'云龙县',532900,'云龙',3,'0872','672700',99.3726,25.885,'Yunlong',NULL),(532930,'洱源县',532900,'洱源',3,'0872','671200',99.949,26.1083,'Eryuan',NULL),(532931,'剑川县',532900,'剑川',3,'0872','671300',99.9054,26.5369,'Jianchuan',NULL),(532932,'鹤庆县',532900,'鹤庆',3,'0872','671500',100.177,26.558,'Heqing',NULL),(533100,'德宏傣族景颇族自治州',530000,'德宏',2,'0692','678400',98.5784,24.4367,'Dehong',NULL),(533102,'瑞丽市',533100,'瑞丽',3,'0692','678600',97.8518,24.0128,'Ruili',NULL),(533103,'芒市',533100,'芒市',3,'0692','678400',98.5886,24.4337,'Mangshi',NULL),(533122,'梁河县',533100,'梁河',3,'0692','679200',98.2971,24.8066,'Lianghe',NULL),(533123,'盈江县',533100,'盈江',3,'0692','679300',97.9318,24.7058,'Yingjiang',NULL),(533124,'陇川县',533100,'陇川',3,'0692','678700',97.792,24.183,'Longchuan',NULL),(533300,'怒江傈僳族自治州',530000,'怒江',2,'0886','673100',98.8543,25.8509,'Nujiang',NULL),(533321,'泸水县',533300,'泸水',3,'0886','673100',98.8553,25.8377,'Lushui',NULL),(533323,'福贡县',533300,'福贡',3,'0886','673400',98.8697,26.9037,'Fugong',NULL),(533324,'贡山独龙族怒族自治县',533300,'贡山',3,'0886','673500',98.6658,27.7409,'Gongshan',NULL),(533325,'兰坪白族普米族自治县',533300,'兰坪',3,'0886','671400',99.4189,26.4525,'Lanping',NULL),(533400,'迪庆藏族自治州',530000,'迪庆',2,'0887','674400',99.7065,27.8269,'Deqen',NULL),(533421,'香格里拉市',533400,'香格里拉',3,'0887','674400',99.706,27.8231,'Xianggelila',NULL),(533422,'德钦县',533400,'德钦',3,'0887','674500',98.9108,28.4863,'Deqin',NULL),(533423,'维西傈僳族自治县',533400,'维西',3,'0887','674600',99.284,27.1793,'Weixi',NULL),(540000,'西藏自治区',100000,'西藏',1,'','',91.1322,29.6604,'Tibet',NULL),(540100,'拉萨市',540000,'拉萨',2,'0891','850000',91.1322,29.6604,'Lhasa',NULL),(540102,'城关区',540100,'城关',3,'0891','850000',91.1386,29.6531,'Chengguan',NULL),(540121,'林周县',540100,'林周',3,'0891','851600',91.2586,29.8944,'Linzhou',NULL),(540122,'当雄县',540100,'当雄',3,'0891','851500',91.1008,30.4831,'Dangxiong',NULL),(540123,'尼木县',540100,'尼木',3,'0891','851300',90.1638,29.4335,'Nimu',NULL),(540124,'曲水县',540100,'曲水',3,'0891','850600',90.7319,29.3564,'Qushui',NULL),(540125,'堆龙德庆县',540100,'堆龙德庆',3,'0891','851400',91.0003,29.65,'Duilongdeqing',NULL),(540126,'达孜县',540100,'达孜',3,'0891','850100',91.3576,29.6722,'Dazi',NULL),(540127,'墨竹工卡县',540100,'墨竹工卡',3,'0891','850200',91.7281,29.8361,'Mozhugongka',NULL),(540200,'日喀则市',540000,'日喀则',2,'0892','857000',88.8849,29.2638,'Rikaze',NULL),(540202,'桑珠孜区',540200,'桑珠孜',3,'0892','857000',88.8804,29.2696,'Sangzhuzi',NULL),(540221,'南木林县',540200,'南木林',3,'0892','857100',89.0969,29.6821,'Nanmulin',NULL),(540222,'江孜县',540200,'江孜',3,'0892','857400',89.6026,28.9174,'Jiangzi',NULL),(540223,'定日县',540200,'定日',3,'0892','858200',87.1218,28.6613,'Dingri',NULL),(540224,'萨迦县',540200,'萨迦',3,'0892','857800',88.0219,28.903,'Sajia',NULL),(540225,'拉孜县',540200,'拉孜',3,'0892','858100',87.6341,29.085,'Lazi',NULL),(540226,'昂仁县',540200,'昂仁',3,'0892','858500',87.2386,29.295,'Angren',NULL),(540227,'谢通门县',540200,'谢通门',3,'0892','858900',88.2624,29.4334,'Xietongmen',NULL),(540228,'白朗县',540200,'白朗',3,'0892','857300',89.262,29.1055,'Bailang',NULL),(540229,'仁布县',540200,'仁布',3,'0892','857200',89.8423,29.2301,'Renbu',NULL),(540230,'康马县',540200,'康马',3,'0892','857500',89.6853,28.5567,'Kangma',NULL),(540231,'定结县',540200,'定结',3,'0892','857900',87.7726,28.364,'Dingjie',NULL),(540232,'仲巴县',540200,'仲巴',3,'0892','858800',84.0295,29.7659,'Zhongba',NULL),(540233,'亚东县',540200,'亚东',3,'0892','857600',88.908,27.4839,'Yadong',NULL),(540234,'吉隆县',540200,'吉隆',3,'0892','858700',85.2985,28.8538,'Jilong',NULL),(540235,'聂拉木县',540200,'聂拉木',3,'0892','858300',85.98,28.1565,'Nielamu',NULL),(540236,'萨嘎县',540200,'萨嘎',3,'0892','857800',85.2341,29.3294,'Saga',NULL),(540237,'岗巴县',540200,'岗巴',3,'0892','857700',88.5207,28.275,'Gangba',NULL),(540300,'昌都市',540000,'昌都',2,'0895','854000',97.1785,31.1369,'Qamdo',NULL),(540302,'卡若区',540300,'昌都',3,'0895','854000',97.1804,31.1385,'Karuo',NULL),(540321,'江达县',540300,'江达',3,'0895','854100',98.2187,31.5034,'Jiangda',NULL),(540322,'贡觉县',540300,'贡觉',3,'0895','854200',98.2716,30.8594,'Gongjue',NULL),(540323,'类乌齐县',540300,'类乌齐',3,'0895','855600',96.6002,31.2121,'Leiwuqi',NULL),(540324,'丁青县',540300,'丁青',3,'0895','855700',95.5936,31.4162,'Dingqing',NULL),(540325,'察雅县',540300,'察雅',3,'0895','854300',97.5652,30.6534,'Chaya',NULL),(540326,'八宿县',540300,'八宿',3,'0895','854600',96.9176,30.0535,'Basu',NULL),(540327,'左贡县',540300,'左贡',3,'0895','854400',97.8443,29.6711,'Zuogong',NULL),(540328,'芒康县',540300,'芒康',3,'0895','854500',98.5938,29.6795,'Mangkang',NULL),(540329,'洛隆县',540300,'洛隆',3,'0895','855400',95.8264,30.7405,'Luolong',NULL),(540330,'边坝县',540300,'边坝',3,'0895','855500',94.7069,30.9343,'Bianba',NULL),(542200,'山南地区',540000,'山南',2,'0893','856000',91.7665,29.236,'Shannan',NULL),(542221,'乃东县',542200,'乃东',3,'0893','856100',91.7615,29.2249,'Naidong',NULL),(542222,'扎囊县',542200,'扎囊',3,'0893','850800',91.3329,29.2399,'Zhanang',NULL),(542223,'贡嘎县',542200,'贡嘎',3,'0893','850700',90.9887,29.2941,'Gongga',NULL),(542224,'桑日县',542200,'桑日',3,'0893','856200',92.0201,29.2664,'Sangri',NULL),(542225,'琼结县',542200,'琼结',3,'0893','856800',91.6809,29.0263,'Qiongjie',NULL),(542226,'曲松县',542200,'曲松',3,'0893','856300',92.2026,29.0641,'Qusong',NULL),(542227,'措美县',542200,'措美',3,'0893','856900',91.4324,28.4379,'Cuomei',NULL),(542228,'洛扎县',542200,'洛扎',3,'0893','856600',90.8604,28.3872,'Luozha',NULL),(542229,'加查县',542200,'加查',3,'0893','856400',92.577,29.1397,'Jiacha',NULL),(542231,'隆子县',542200,'隆子',3,'0893','856600',92.4615,28.408,'Longzi',NULL),(542232,'错那县',542200,'错那',3,'0893','856700',91.9575,27.9922,'Cuona',NULL),(542233,'浪卡子县',542200,'浪卡子',3,'0893','851100',90.4,28.9695,'Langkazi',NULL),(542400,'那曲地区',540000,'那曲',2,'0896','852000',92.0602,31.476,'Nagqu',NULL),(542421,'那曲县',542400,'那曲',3,'0896','852000',92.0535,31.4696,'Naqu',NULL),(542422,'嘉黎县',542400,'嘉黎',3,'0896','852400',93.2499,30.6423,'Jiali',NULL),(542423,'比如县',542400,'比如',3,'0896','852300',93.6869,31.4779,'Biru',NULL),(542424,'聂荣县',542400,'聂荣',3,'0896','853500',92.2957,32.1119,'Nierong',NULL),(542425,'安多县',542400,'安多',3,'0896','853400',91.6795,32.2612,'Anduo',NULL),(542426,'申扎县',542400,'申扎',3,'0896','853100',88.7078,30.93,'Shenzha',NULL),(542427,'索县',542400,'索县',3,'0896','852200',93.783,31.8843,'Suoxian',NULL),(542428,'班戈县',542400,'班戈',3,'0896','852500',90.0191,31.3615,'Bange',NULL),(542429,'巴青县',542400,'巴青',3,'0896','852100',94.0532,31.9183,'Baqing',NULL),(542430,'尼玛县',542400,'尼玛',3,'0896','852600',87.2526,31.7965,'Nima',NULL),(542431,'双湖县',542400,'双湖',3,'0896','852600',88.8378,33.189,'Shuanghu',NULL),(542500,'阿里地区',540000,'阿里',2,'0897','859000',80.1055,32.5032,'Ngari',NULL),(542521,'普兰县',542500,'普兰',3,'0897','859500',81.177,30.3,'Pulan',NULL),(542522,'札达县',542500,'札达',3,'0897','859600',79.8026,31.4834,'Zhada',NULL),(542523,'噶尔县',542500,'噶尔',3,'0897','859400',80.0958,32.5002,'Gaer',NULL),(542524,'日土县',542500,'日土',3,'0897','859700',79.7131,33.3874,'Ritu',NULL),(542525,'革吉县',542500,'革吉',3,'0897','859100',81.151,32.3964,'Geji',NULL),(542526,'改则县',542500,'改则',3,'0897','859200',84.063,32.3045,'Gaize',NULL),(542527,'措勤县',542500,'措勤',3,'0897','859300',85.1662,31.021,'Cuoqin',NULL),(542600,'林芝地区',540000,'林芝',2,'0894','850400',94.3624,29.6547,'Nyingchi',NULL),(542621,'林芝县',542600,'林芝',3,'0894','850400',94.4839,29.5756,'Linzhi',NULL),(542622,'工布江达县',542600,'工布江达',3,'0894','850300',93.2452,29.8858,'Gongbujiangda',NULL),(542623,'米林县',542600,'米林',3,'0894','850500',94.2132,29.2153,'Milin',NULL),(542624,'墨脱县',542600,'墨脱',3,'0894','855300',95.3316,29.327,'Motuo',NULL),(542625,'波密县',542600,'波密',3,'0894','855200',95.771,29.8591,'Bomi',NULL),(542626,'察隅县',542600,'察隅',3,'0894','855100',97.4668,28.6618,'Chayu',NULL),(542627,'朗县',542600,'朗县',3,'0894','856500',93.0754,29.0455,'Langxian',NULL),(610000,'陕西省',100000,'陕西',1,'','',108.948,34.2632,'Shaanxi',NULL),(610100,'西安市',610000,'西安',2,'029','710003',108.948,34.2632,'Xi\'an',NULL),(610102,'新城区',610100,'新城',3,'029','710004',108.961,34.2664,'Xincheng',NULL),(610103,'碑林区',610100,'碑林',3,'029','710001',108.934,34.2304,'Beilin',NULL),(610104,'莲湖区',610100,'莲湖',3,'029','710003',108.94,34.2671,'Lianhu',NULL),(610111,'灞桥区',610100,'灞桥',3,'029','710038',109.065,34.2726,'Baqiao',NULL),(610112,'未央区',610100,'未央',3,'029','710014',108.947,34.293,'Weiyang',NULL),(610113,'雁塔区',610100,'雁塔',3,'029','710061',108.949,34.2225,'Yanta',NULL),(610114,'阎良区',610100,'阎良',3,'029','710087',109.226,34.6622,'Yanliang',NULL),(610115,'临潼区',610100,'临潼',3,'029','710600',109.214,34.3666,'Lintong',NULL),(610116,'长安区',610100,'长安',3,'029','710100',108.946,34.1556,'Chang\'an',NULL),(610122,'蓝田县',610100,'蓝田',3,'029','710500',109.323,34.1513,'Lantian',NULL),(610124,'周至县',610100,'周至',3,'029','710400',108.222,34.1634,'Zhouzhi',NULL),(610125,'户县',610100,'户县',3,'029','710300',108.605,34.1086,'Huxian',NULL),(610126,'高陵区',610100,'高陵',3,'029','710200',109.088,34.5348,'Gaoling',NULL),(610200,'铜川市',610000,'铜川',2,'0919','727100',108.963,34.9089,'Tongchuan',NULL),(610202,'王益区',610200,'王益',3,'0919','727000',109.076,35.069,'Wangyi',NULL),(610203,'印台区',610200,'印台',3,'0919','727007',109.102,35.1169,'Yintai',NULL),(610204,'耀州区',610200,'耀州',3,'0919','727100',108.986,34.9131,'Yaozhou',NULL),(610222,'宜君县',610200,'宜君',3,'0919','727200',109.118,35.4011,'Yijun',NULL),(610300,'宝鸡市',610000,'宝鸡',2,'0917','721000',107.145,34.3693,'Baoji',NULL),(610302,'渭滨区',610300,'渭滨',3,'0917','721000',107.15,34.3712,'Weibin',NULL),(610303,'金台区',610300,'金台',3,'0917','721000',107.147,34.3761,'Jintai',NULL),(610304,'陈仓区',610300,'陈仓',3,'0917','721300',107.387,34.3545,'Chencang',NULL),(610322,'凤翔县',610300,'凤翔',3,'0917','721400',107.396,34.5232,'Fengxiang',NULL),(610323,'岐山县',610300,'岐山',3,'0917','722400',107.622,34.4438,'Qishan',NULL),(610324,'扶风县',610300,'扶风',3,'0917','722200',107.9,34.3752,'Fufeng',NULL),(610326,'眉县',610300,'眉县',3,'0917','722300',107.751,34.2757,'Meixian',NULL),(610327,'陇县',610300,'陇县',3,'0917','721200',106.859,34.894,'Longxian',NULL),(610328,'千阳县',610300,'千阳',3,'0917','721100',107.13,34.6422,'Qianyang',NULL),(610329,'麟游县',610300,'麟游',3,'0917','721500',107.796,34.6784,'Linyou',NULL),(610330,'凤县',610300,'凤县',3,'0917','721700',106.524,33.9117,'Fengxian',NULL),(610331,'太白县',610300,'太白',3,'0917','721600',107.316,34.0621,'Taibai',NULL),(610400,'咸阳市',610000,'咸阳',2,'029','712000',108.705,34.3334,'Xianyang',NULL),(610402,'秦都区',610400,'秦都',3,'029','712000',108.715,34.338,'Qindu',NULL),(610403,'杨陵区',610400,'杨陵',3,'029','712100',108.083,34.2704,'Yangling',NULL),(610404,'渭城区',610400,'渭城',3,'029','712000',108.722,34.332,'Weicheng',NULL),(610422,'三原县',610400,'三原',3,'029','713800',108.932,34.6156,'Sanyuan',NULL),(610423,'泾阳县',610400,'泾阳',3,'029','713700',108.843,34.5271,'Jingyang',NULL),(610424,'乾县',610400,'乾县',3,'029','713300',108.242,34.5295,'Qianxian',NULL),(610425,'礼泉县',610400,'礼泉',3,'029','713200',108.426,34.4846,'Liquan',NULL),(610426,'永寿县',610400,'永寿',3,'029','713400',108.145,34.6908,'Yongshou',NULL),(610427,'彬县',610400,'彬县',3,'029','713500',108.085,35.0342,'Binxian',NULL),(610428,'长武县',610400,'长武',3,'029','713600',107.795,35.2067,'Changwu',NULL),(610429,'旬邑县',610400,'旬邑',3,'029','711300',108.334,35.1134,'Xunyi',NULL),(610430,'淳化县',610400,'淳化',3,'029','711200',108.58,34.7989,'Chunhua',NULL),(610431,'武功县',610400,'武功',3,'029','712200',108.204,34.26,'Wugong',NULL),(610481,'兴平市',610400,'兴平',3,'029','713100',108.491,34.2979,'Xingping',NULL),(610500,'渭南市',610000,'渭南',2,'0913','714000',109.503,34.4994,'Weinan',NULL),(610502,'临渭区',610500,'临渭',3,'0913','714000',109.493,34.4982,'Linwei',NULL),(610521,'华县',610500,'华县',3,'0913','714100',109.772,34.5126,'Huaxian',NULL),(610522,'潼关县',610500,'潼关',3,'0913','714300',110.244,34.5428,'Tongguan',NULL),(610523,'大荔县',610500,'大荔',3,'0913','715100',109.942,34.7957,'Dali',NULL),(610524,'合阳县',610500,'合阳',3,'0913','715300',110.149,35.238,'Heyang',NULL),(610525,'澄城县',610500,'澄城',3,'0913','715200',109.934,35.184,'Chengcheng',NULL),(610526,'蒲城县',610500,'蒲城',3,'0913','715500',109.59,34.9568,'Pucheng',NULL),(610527,'白水县',610500,'白水',3,'0913','715600',109.593,35.1786,'Baishui',NULL),(610528,'富平县',610500,'富平',3,'0913','711700',109.18,34.7511,'Fuping',NULL),(610581,'韩城市',610500,'韩城',3,'0913','715400',110.442,35.4793,'Hancheng',NULL),(610582,'华阴市',610500,'华阴',3,'0913','714200',110.088,34.5661,'Huayin',NULL),(610600,'延安市',610000,'延安',2,'0911','716000',109.491,36.5965,'Yan\'an',NULL),(610602,'宝塔区',610600,'宝塔',3,'0911','716000',109.493,36.5915,'Baota',NULL),(610621,'延长县',610600,'延长',3,'0911','717100',110.011,36.579,'Yanchang',NULL),(610622,'延川县',610600,'延川',3,'0911','717200',110.194,36.8782,'Yanchuan',NULL),(610623,'子长县',610600,'子长',3,'0911','717300',109.675,37.1425,'Zichang',NULL),(610624,'安塞县',610600,'安塞',3,'0911','717400',109.327,36.8651,'Ansai',NULL),(610625,'志丹县',610600,'志丹',3,'0911','717500',108.768,36.8218,'Zhidan',NULL),(610626,'吴起县',610600,'吴起',3,'0911','717600',108.176,36.9278,'Wuqi',NULL),(610627,'甘泉县',610600,'甘泉',3,'0911','716100',109.35,36.2775,'Ganquan',NULL),(610628,'富县',610600,'富县',3,'0911','727500',109.379,35.988,'Fuxian',NULL),(610629,'洛川县',610600,'洛川',3,'0911','727400',109.433,35.7608,'Luochuan',NULL),(610630,'宜川县',610600,'宜川',3,'0911','716200',110.172,36.0473,'Yichuan',NULL),(610631,'黄龙县',610600,'黄龙',3,'0911','715700',109.843,35.5835,'Huanglong',NULL),(610632,'黄陵县',610600,'黄陵',3,'0911','727300',109.263,35.5836,'Huangling',NULL),(610700,'汉中市',610000,'汉中',2,'0916','723000',107.029,33.0777,'Hanzhong',NULL),(610702,'汉台区',610700,'汉台',3,'0916','723000',107.032,33.0677,'Hantai',NULL),(610721,'南郑县',610700,'南郑',3,'0916','723100',106.94,33.003,'Nanzheng',NULL),(610722,'城固县',610700,'城固',3,'0916','723200',107.334,33.1566,'Chenggu',NULL),(610723,'洋县',610700,'洋县',3,'0916','723300',107.547,33.221,'Yangxian',NULL),(610724,'西乡县',610700,'西乡',3,'0916','723500',107.769,32.9841,'Xixiang',NULL),(610725,'勉县',610700,'勉县',3,'0916','724200',106.676,33.1527,'Mianxian',NULL),(610726,'宁强县',610700,'宁强',3,'0916','724400',106.26,32.8288,'Ningqiang',NULL),(610727,'略阳县',610700,'略阳',3,'0916','724300',106.154,33.3301,'Lueyang',NULL),(610728,'镇巴县',610700,'镇巴',3,'0916','723600',107.896,32.5349,'Zhenba',NULL),(610729,'留坝县',610700,'留坝',3,'0916','724100',106.922,33.6161,'Liuba',NULL),(610730,'佛坪县',610700,'佛坪',3,'0916','723400',107.99,33.525,'Foping',NULL),(610800,'榆林市',610000,'榆林',2,'0912','719000',109.741,38.2902,'Yulin',NULL),(610802,'榆阳区',610800,'榆阳',3,'0912','719000',109.735,38.2784,'Yuyang',NULL),(610821,'神木县',610800,'神木',3,'0912','719300',110.499,38.8423,'Shenmu',NULL),(610822,'府谷县',610800,'府谷',3,'0912','719400',111.067,39.028,'Fugu',NULL),(610823,'横山县',610800,'横山',3,'0912','719100',109.296,37.958,'Hengshan',NULL),(610824,'靖边县',610800,'靖边',3,'0912','718500',108.794,37.5994,'Jingbian',NULL),(610825,'定边县',610800,'定边',3,'0912','718600',107.598,37.5904,'Dingbian',NULL),(610826,'绥德县',610800,'绥德',3,'0912','718000',110.261,37.4978,'Suide',NULL),(610827,'米脂县',610800,'米脂',3,'0912','718100',110.184,37.7553,'Mizhi',NULL),(610828,'佳县',610800,'佳县',3,'0912','719200',110.494,38.0225,'Jiaxian',NULL),(610829,'吴堡县',610800,'吴堡',3,'0912','718200',110.745,37.4571,'Wubu',NULL),(610830,'清涧县',610800,'清涧',3,'0912','718300',110.122,37.0885,'Qingjian',NULL),(610831,'子洲县',610800,'子洲',3,'0912','718400',110.035,37.6124,'Zizhou',NULL),(610900,'安康市',610000,'安康',2,'0915','725000',109.029,32.6903,'Ankang',NULL),(610902,'汉滨区',610900,'汉滨',3,'0915','725000',109.027,32.6952,'Hanbin',NULL),(610921,'汉阴县',610900,'汉阴',3,'0915','725100',108.511,32.8913,'Hanyin',NULL),(610922,'石泉县',610900,'石泉',3,'0915','725200',108.248,33.0397,'Shiquan',NULL),(610923,'宁陕县',610900,'宁陕',3,'0915','711600',108.315,33.3173,'Ningshan',NULL),(610924,'紫阳县',610900,'紫阳',3,'0915','725300',108.537,32.5211,'Ziyang',NULL),(610925,'岚皋县',610900,'岚皋',3,'0915','725400',108.903,32.3079,'Langao',NULL),(610926,'平利县',610900,'平利',3,'0915','725500',109.358,32.3911,'Pingli',NULL),(610927,'镇坪县',610900,'镇坪',3,'0915','725600',109.525,31.8833,'Zhenping',NULL),(610928,'旬阳县',610900,'旬阳',3,'0915','725700',109.362,32.8321,'Xunyang',NULL),(610929,'白河县',610900,'白河',3,'0915','725800',110.113,32.8096,'Baihe',NULL),(611000,'商洛市',610000,'商洛',2,'0914','726000',109.94,33.8683,'Shangluo',NULL),(611002,'商州区',611000,'商州',3,'0914','726000',109.941,33.8627,'Shangzhou',NULL),(611021,'洛南县',611000,'洛南',3,'0914','726100',110.146,34.0899,'Luonan',NULL),(611022,'丹凤县',611000,'丹凤',3,'0914','726200',110.335,33.6947,'Danfeng',NULL),(611023,'商南县',611000,'商南',3,'0914','726300',110.884,33.5258,'Shangnan',NULL),(611024,'山阳县',611000,'山阳',3,'0914','726400',109.888,33.5293,'Shanyang',NULL),(611025,'镇安县',611000,'镇安',3,'0914','711500',109.154,33.4237,'Zhen\'an',NULL),(611026,'柞水县',611000,'柞水',3,'0914','711400',109.111,33.6831,'Zhashui',NULL),(611100,'西咸新区',610000,'西咸',2,'029','712000',108.811,34.3071,'Xixian',NULL),(611101,'空港新城',611100,'空港',3,'0374','461000',108.761,34.4409,'Konggang',NULL),(611102,'沣东新城',611100,'沣东',3,'029','710000',108.83,34.2674,'Fengdong',NULL),(611103,'秦汉新城',611100,'秦汉',3,'029','712000',108.838,34.3865,'Qinhan',NULL),(611104,'沣西新城',611100,'沣西',3,'029','710000',108.712,34.1905,'Fengxi',NULL),(611105,'泾河新城',611100,'泾河',3,'029','713700',109.05,34.4606,'Jinghe',NULL),(620000,'甘肃省',100000,'甘肃',1,'','',103.824,36.058,'Gansu',NULL),(620100,'兰州市',620000,'兰州',2,'0931','730030',103.824,36.058,'Lanzhou',NULL),(620102,'城关区',620100,'城关',3,'0931','730030',103.825,36.0573,'Chengguan',NULL),(620103,'七里河区',620100,'七里河',3,'0931','730050',103.786,36.0658,'Qilihe',NULL),(620104,'西固区',620100,'西固',3,'0931','730060',103.628,36.0886,'Xigu',NULL),(620105,'安宁区',620100,'安宁',3,'0931','730070',103.719,36.1038,'Anning',NULL),(620111,'红古区',620100,'红古',3,'0931','730084',102.86,36.3454,'Honggu',NULL),(620121,'永登县',620100,'永登',3,'0931','730300',103.261,36.7352,'Yongdeng',NULL),(620122,'皋兰县',620100,'皋兰',3,'0931','730200',103.945,36.3321,'Gaolan',NULL),(620123,'榆中县',620100,'榆中',3,'0931','730100',104.115,35.8442,'Yuzhong',NULL),(620200,'嘉峪关市',620000,'嘉峪关',2,'0937','735100',98.2773,39.7865,'Jiayuguan',NULL),(620201,'雄关区',620200,'雄关',3,'0937','735100',98.2774,39.7793,'Xiongguan',NULL),(620202,'长城区',620200,'长城',3,'0937','735106',98.2735,39.7874,'Changcheng',NULL),(620203,'镜铁区',620200,'镜铁',3,'0937','735100',98.2773,39.7865,'Jingtie',NULL),(620300,'金昌市',620000,'金昌',2,'0935','737100',102.188,38.5142,'Jinchang',NULL),(620302,'金川区',620300,'金川',3,'0935','737100',102.194,38.521,'Jinchuan',NULL),(620321,'永昌县',620300,'永昌',3,'0935','737200',101.972,38.2471,'Yongchang',NULL),(620400,'白银市',620000,'白银',2,'0943','730900',104.174,36.5457,'Baiyin',NULL),(620402,'白银区',620400,'白银',3,'0943','730900',104.174,36.5441,'Baiyin',NULL),(620403,'平川区',620400,'平川',3,'0943','730913',104.825,36.7277,'Pingchuan',NULL),(620421,'靖远县',620400,'靖远',3,'0943','730600',104.683,36.566,'Jingyuan',NULL),(620422,'会宁县',620400,'会宁',3,'0943','730700',105.053,35.6963,'Huining',NULL),(620423,'景泰县',620400,'景泰',3,'0943','730400',104.063,37.1836,'Jingtai',NULL),(620500,'天水市',620000,'天水',2,'0938','741000',105.725,34.5785,'Tianshui',NULL),(620502,'秦州区',620500,'秦州',3,'0938','741000',105.724,34.5809,'Qinzhou',NULL),(620503,'麦积区',620500,'麦积',3,'0938','741020',105.89,34.5707,'Maiji',NULL),(620521,'清水县',620500,'清水',3,'0938','741400',106.137,34.7503,'Qingshui',NULL),(620522,'秦安县',620500,'秦安',3,'0938','741600',105.67,34.8589,'Qin\'an',NULL),(620523,'甘谷县',620500,'甘谷',3,'0938','741200',105.333,34.7366,'Gangu',NULL),(620524,'武山县',620500,'武山',3,'0938','741300',104.884,34.7212,'Wushan',NULL),(620525,'张家川回族自治县',620500,'张家川',3,'0938','741500',106.216,34.9958,'Zhangjiachuan',NULL),(620600,'武威市',620000,'武威',2,'0935','733000',102.635,37.93,'Wuwei',NULL),(620602,'凉州区',620600,'凉州',3,'0935','733000',102.642,37.9283,'Liangzhou',NULL),(620621,'民勤县',620600,'民勤',3,'0935','733300',103.09,38.6249,'Minqin',NULL),(620622,'古浪县',620600,'古浪',3,'0935','733100',102.892,37.4651,'Gulang',NULL),(620623,'天祝藏族自治县',620600,'天祝',3,'0935','733200',103.136,36.9771,'Tianzhu',NULL),(620700,'张掖市',620000,'张掖',2,'0936','734000',100.455,38.9329,'Zhangye',NULL),(620702,'甘州区',620700,'甘州',3,'0936','734000',100.453,38.9295,'Ganzhou',NULL),(620721,'肃南裕固族自治县',620700,'肃南',3,'0936','734400',99.6141,38.8378,'Sunan',NULL),(620722,'民乐县',620700,'民乐',3,'0936','734500',100.811,38.4348,'Minle',NULL),(620723,'临泽县',620700,'临泽',3,'0936','734200',100.164,39.1525,'Linze',NULL),(620724,'高台县',620700,'高台',3,'0936','734300',99.8192,39.3783,'Gaotai',NULL),(620725,'山丹县',620700,'山丹',3,'0936','734100',101.094,38.7847,'Shandan',NULL),(620800,'平凉市',620000,'平凉',2,'0933','744000',106.685,35.5428,'Pingliang',NULL),(620802,'崆峒区',620800,'崆峒',3,'0933','744000',106.675,35.5426,'Kongtong',NULL),(620821,'泾川县',620800,'泾川',3,'0933','744300',107.366,35.3322,'Jingchuan',NULL),(620822,'灵台县',620800,'灵台',3,'0933','744400',107.617,35.0677,'Lingtai',NULL),(620823,'崇信县',620800,'崇信',3,'0933','744200',107.037,35.3034,'Chongxin',NULL),(620824,'华亭县',620800,'华亭',3,'0933','744100',106.655,35.2183,'Huating',NULL),(620825,'庄浪县',620800,'庄浪',3,'0933','744600',106.037,35.2024,'Zhuanglang',NULL),(620826,'静宁县',620800,'静宁',3,'0933','743400',105.727,35.5199,'Jingning',NULL),(620900,'酒泉市',620000,'酒泉',2,'0937','735000',98.5108,39.744,'Jiuquan',NULL),(620902,'肃州区',620900,'肃州',3,'0937','735000',98.5078,39.7451,'Suzhou',NULL),(620921,'金塔县',620900,'金塔',3,'0937','735300',98.9,39.9773,'Jinta',NULL),(620922,'瓜州县',620900,'瓜州',3,'0937','736100',95.7827,40.5155,'Guazhou',NULL),(620923,'肃北蒙古族自治县',620900,'肃北',3,'0937','736300',94.8765,39.5121,'Subei',NULL),(620924,'阿克塞哈萨克族自治县',620900,'阿克塞',3,'0937','736400',94.341,39.6343,'Akesai',NULL),(620981,'玉门市',620900,'玉门',3,'0937','735200',97.0454,40.2917,'Yumen',NULL),(620982,'敦煌市',620900,'敦煌',3,'0937','736200',94.6616,40.1421,'Dunhuang',NULL),(621000,'庆阳市',620000,'庆阳',2,'0934','745000',107.638,35.7342,'Qingyang',NULL),(621002,'西峰区',621000,'西峰',3,'0934','745000',107.651,35.7307,'Xifeng',NULL),(621021,'庆城县',621000,'庆城',3,'0934','745100',107.883,36.0151,'Qingcheng',NULL),(621022,'环县',621000,'环县',3,'0934','745700',107.308,36.5685,'Huanxian',NULL),(621023,'华池县',621000,'华池',3,'0934','745600',107.989,36.4611,'Huachi',NULL),(621024,'合水县',621000,'合水',3,'0934','745400',108.02,35.8191,'Heshui',NULL),(621025,'正宁县',621000,'正宁',3,'0934','745300',108.36,35.4917,'Zhengning',NULL),(621026,'宁县',621000,'宁县',3,'0934','745200',107.925,35.5016,'Ningxian',NULL),(621027,'镇原县',621000,'镇原',3,'0934','744500',107.199,35.6771,'Zhenyuan',NULL),(621100,'定西市',620000,'定西',2,'0932','743000',104.626,35.5796,'Dingxi',NULL),(621102,'安定区',621100,'安定',3,'0932','743000',104.611,35.5807,'Anding',NULL),(621121,'通渭县',621100,'通渭',3,'0932','743300',105.242,35.211,'Tongwei',NULL),(621122,'陇西县',621100,'陇西',3,'0932','748100',104.634,35.0024,'Longxi',NULL),(621123,'渭源县',621100,'渭源',3,'0932','748200',104.214,35.1365,'Weiyuan',NULL),(621124,'临洮县',621100,'临洮',3,'0932','730500',103.862,35.3751,'Lintao',NULL),(621125,'漳县',621100,'漳县',3,'0932','748300',104.467,34.8498,'Zhangxian',NULL),(621126,'岷县',621100,'岷县',3,'0932','748400',104.038,34.4344,'Minxian',NULL),(621200,'陇南市',620000,'陇南',2,'0939','746000',104.929,33.3886,'Longnan',NULL),(621202,'武都区',621200,'武都',3,'0939','746000',104.927,33.3924,'Wudu',NULL),(621221,'成县',621200,'成县',3,'0939','742500',105.726,33.7393,'Chengxian',NULL),(621222,'文县',621200,'文县',3,'0939','746400',104.684,32.9434,'Wenxian',NULL),(621223,'宕昌县',621200,'宕昌',3,'0939','748500',104.393,34.0473,'Dangchang',NULL),(621224,'康县',621200,'康县',3,'0939','746500',105.607,33.3291,'Kangxian',NULL),(621225,'西和县',621200,'西和',3,'0939','742100',105.301,34.0143,'Xihe',NULL),(621226,'礼县',621200,'礼县',3,'0939','742200',105.178,34.1894,'Lixian',NULL),(621227,'徽县',621200,'徽县',3,'0939','742300',106.085,33.769,'Huixian',NULL),(621228,'两当县',621200,'两当',3,'0939','742400',106.305,33.9096,'Liangdang',NULL),(622900,'临夏回族自治州',620000,'临夏',2,'0930','731100',103.212,35.5994,'Linxia',NULL),(622901,'临夏市',622900,'临夏',3,'0930','731100',103.21,35.5992,'Linxia',NULL),(622921,'临夏县',622900,'临夏',3,'0930','731800',102.994,35.4952,'Linxia',NULL),(622922,'康乐县',622900,'康乐',3,'0930','731500',103.711,35.3722,'Kangle',NULL),(622923,'永靖县',622900,'永靖',3,'0930','731600',103.32,35.9384,'Yongjing',NULL),(622924,'广河县',622900,'广河',3,'0930','731300',103.569,35.481,'Guanghe',NULL),(622925,'和政县',622900,'和政',3,'0930','731200',103.349,35.4259,'Hezheng',NULL),(622926,'东乡族自治县',622900,'东乡族',3,'0930','731400',103.395,35.6647,'Dongxiangzu',NULL),(622927,'积石山保安族东乡族撒拉族自治县',622900,'积石山',3,'0930','731700',102.874,35.7182,'Jishishan',NULL),(623000,'甘南藏族自治州',620000,'甘南',2,'0941','747000',102.911,34.9864,'Gannan',NULL),(623001,'合作市',623000,'合作',3,'0941','747000',102.911,35.0002,'Hezuo',NULL),(623021,'临潭县',623000,'临潭',3,'0941','747500',103.353,34.6951,'Lintan',NULL),(623022,'卓尼县',623000,'卓尼',3,'0941','747600',103.508,34.5892,'Zhuoni',NULL),(623023,'舟曲县',623000,'舟曲',3,'0941','746300',104.372,33.7847,'Zhouqu',NULL),(623024,'迭部县',623000,'迭部',3,'0941','747400',103.223,34.0562,'Diebu',NULL),(623025,'玛曲县',623000,'玛曲',3,'0941','747300',102.075,33.997,'Maqu',NULL),(623026,'碌曲县',623000,'碌曲',3,'0941','747200',102.492,34.5887,'Luqu',NULL),(623027,'夏河县',623000,'夏河',3,'0941','747100',102.522,35.2049,'Xiahe',NULL),(630000,'青海省',100000,'青海',1,'','',101.779,36.6232,'Qinghai',NULL),(630100,'西宁市',630000,'西宁',2,'0971','810000',101.779,36.6232,'Xining',NULL),(630102,'城东区',630100,'城东',3,'0971','810007',101.804,36.5997,'Chengdong',NULL),(630103,'城中区',630100,'城中',3,'0971','810000',101.784,36.6228,'Chengzhong',NULL),(630104,'城西区',630100,'城西',3,'0971','810001',101.766,36.6283,'Chengxi',NULL),(630105,'城北区',630100,'城北',3,'0971','810003',101.766,36.6501,'Chengbei',NULL),(630121,'大通回族土族自治县',630100,'大通',3,'0971','810100',101.702,36.9349,'Datong',NULL),(630122,'湟中县',630100,'湟中',3,'0971','811600',101.572,36.5008,'Huangzhong',NULL),(630123,'湟源县',630100,'湟源',3,'0971','812100',101.256,36.6824,'Huangyuan',NULL),(630200,'海东市',630000,'海东',2,'0972','810700',102.103,36.5029,'Haidong',NULL),(630202,'乐都区',630200,'乐都',3,'0972','810700',102.402,36.4803,'Ledu',NULL),(630221,'平安县',630200,'平安',3,'0972','810600',102.104,36.5027,'Ping\'an',NULL),(630222,'民和回族土族自治县',630200,'民和',3,'0972','810800',102.804,36.3295,'Minhe',NULL),(630223,'互助土族自治县',630200,'互助',3,'0972','810500',101.957,36.8399,'Huzhu',NULL),(630224,'化隆回族自治县',630200,'化隆',3,'0972','810900',102.262,36.0983,'Hualong',NULL),(630225,'循化撒拉族自治县',630200,'循化',3,'0972','811100',102.487,35.8472,'Xunhua',NULL),(632200,'海北藏族自治州',630000,'海北',2,'0970','812200',100.901,36.9594,'Haibei',NULL),(632221,'门源回族自治县',632200,'门源',3,'0970','810300',101.622,37.3761,'Menyuan',NULL),(632222,'祁连县',632200,'祁连',3,'0970','810400',100.246,38.179,'Qilian',NULL),(632223,'海晏县',632200,'海晏',3,'0970','812200',100.993,36.899,'Haiyan',NULL),(632224,'刚察县',632200,'刚察',3,'0970','812300',100.147,37.3216,'Gangcha',NULL),(632300,'黄南藏族自治州',630000,'黄南',2,'0973','811300',102.02,35.5177,'Huangnan',NULL),(632321,'同仁县',632300,'同仁',3,'0973','811300',102.018,35.516,'Tongren',NULL),(632322,'尖扎县',632300,'尖扎',3,'0973','811200',102.034,35.9395,'Jianzha',NULL),(632323,'泽库县',632300,'泽库',3,'0973','811400',101.464,35.0352,'Zeku',NULL),(632324,'河南蒙古族自治县',632300,'河南',3,'0973','811500',101.609,34.7348,'Henan',NULL),(632500,'海南藏族自治州',630000,'海南',2,'0974','813000',100.62,36.2804,'Hainan',NULL),(632521,'共和县',632500,'共和',3,'0974','813000',100.62,36.2841,'Gonghe',NULL),(632522,'同德县',632500,'同德',3,'0974','813200',100.572,35.2549,'Tongde',NULL),(632523,'贵德县',632500,'贵德',3,'0974','811700',101.432,36.044,'Guide',NULL),(632524,'兴海县',632500,'兴海',3,'0974','813300',99.9885,35.5903,'Xinghai',NULL),(632525,'贵南县',632500,'贵南',3,'0974','813100',100.747,35.5867,'Guinan',NULL),(632600,'果洛藏族自治州',630000,'果洛',2,'0975','814000',100.242,34.4736,'Golog',NULL),(632621,'玛沁县',632600,'玛沁',3,'0975','814000',100.239,34.4775,'Maqin',NULL),(632622,'班玛县',632600,'班玛',3,'0975','814300',100.737,32.9325,'Banma',NULL),(632623,'甘德县',632600,'甘德',3,'0975','814100',99.9025,33.9684,'Gande',NULL),(632624,'达日县',632600,'达日',3,'0975','814200',99.6518,33.7519,'Dari',NULL),(632625,'久治县',632600,'久治',3,'0975','624700',101.483,33.4299,'Jiuzhi',NULL),(632626,'玛多县',632600,'玛多',3,'0975','813500',98.21,34.9157,'Maduo',NULL),(632700,'玉树藏族自治州',630000,'玉树',2,'0976','815000',97.0085,33.004,'Yushu',NULL),(632701,'玉树市',632700,'玉树',3,'0976','815000',97.0088,33.0039,'Yushu',NULL),(632722,'杂多县',632700,'杂多',3,'0976','815300',95.2986,32.8932,'Zaduo',NULL),(632723,'称多县',632700,'称多',3,'0976','815100',97.1079,33.369,'Chenduo',NULL),(632724,'治多县',632700,'治多',3,'0976','815400',95.6157,33.8528,'Zhiduo',NULL),(632725,'囊谦县',632700,'囊谦',3,'0976','815200',96.4775,32.2036,'Nangqian',NULL),(632726,'曲麻莱县',632700,'曲麻莱',3,'0976','815500',95.7976,34.1261,'Qumalai',NULL),(632800,'海西蒙古族藏族自治州',630000,'海西',2,'0977','817000',97.3708,37.3747,'Haixi',NULL),(632801,'格尔木市',632800,'格尔木',3,'0977','816000',94.9033,36.4024,'Geermu',NULL),(632802,'德令哈市',632800,'德令哈',3,'0977','817000',97.3608,37.3695,'Delingha',NULL),(632821,'乌兰县',632800,'乌兰',3,'0977','817100',98.482,36.9347,'Wulan',NULL),(632822,'都兰县',632800,'都兰',3,'0977','816100',98.0923,36.3013,'Dulan',NULL),(632823,'天峻县',632800,'天峻',3,'0977','817200',99.0245,37.3033,'Tianjun',NULL),(640000,'宁夏回族自治区',100000,'宁夏',1,'','',106.278,38.4664,'Ningxia',NULL),(640100,'银川市',640000,'银川',2,'0951','750004',106.278,38.4664,'Yinchuan',NULL),(640104,'兴庆区',640100,'兴庆',3,'0951','750001',106.289,38.4739,'Xingqing',NULL),(640105,'西夏区',640100,'西夏',3,'0951','750021',106.15,38.4914,'Xixia',NULL),(640106,'金凤区',640100,'金凤',3,'0951','750011',106.243,38.4729,'Jinfeng',NULL),(640121,'永宁县',640100,'永宁',3,'0951','750100',106.252,38.2756,'Yongning',NULL),(640122,'贺兰县',640100,'贺兰',3,'0951','750200',106.35,38.5544,'Helan',NULL),(640181,'灵武市',640100,'灵武',3,'0951','750004',106.34,38.1027,'Lingwu',NULL),(640200,'石嘴山市',640000,'石嘴山',2,'0952','753000',106.376,39.0133,'Shizuishan',NULL),(640202,'大武口区',640200,'大武口',3,'0952','753000',106.377,39.0123,'Dawukou',NULL),(640205,'惠农区',640200,'惠农',3,'0952','753600',106.711,39.1319,'Huinong',NULL),(640221,'平罗县',640200,'平罗',3,'0952','753400',106.545,38.9043,'Pingluo',NULL),(640300,'吴忠市',640000,'吴忠',2,'0953','751100',106.199,37.9862,'Wuzhong',NULL),(640302,'利通区',640300,'利通',3,'0953','751100',106.203,37.9851,'Litong',NULL),(640303,'红寺堡区',640300,'红寺堡',3,'0953','751900',106.198,37.9975,'Hongsibao',NULL),(640323,'盐池县',640300,'盐池',3,'0953','751500',107.407,37.7833,'Yanchi',NULL),(640324,'同心县',640300,'同心',3,'0953','751300',105.914,36.9812,'Tongxin',NULL),(640381,'青铜峡市',640300,'青铜峡',3,'0953','751600',106.075,38.02,'Qingtongxia',NULL),(640400,'固原市',640000,'固原',2,'0954','756000',106.285,36.0046,'Guyuan',NULL),(640402,'原州区',640400,'原州',3,'0954','756000',106.288,36.0037,'Yuanzhou',NULL),(640422,'西吉县',640400,'西吉',3,'0954','756200',105.731,35.9662,'Xiji',NULL),(640423,'隆德县',640400,'隆德',3,'0954','756300',106.124,35.6172,'Longde',NULL),(640424,'泾源县',640400,'泾源',3,'0954','756400',106.339,35.4907,'Jingyuan',NULL),(640425,'彭阳县',640400,'彭阳',3,'0954','756500',106.645,35.8508,'Pengyang',NULL),(640500,'中卫市',640000,'中卫',2,'0955','751700',105.19,37.5149,'Zhongwei',NULL),(640502,'沙坡头区',640500,'沙坡头',3,'0955','755000',105.19,37.5104,'Shapotou',NULL),(640521,'中宁县',640500,'中宁',3,'0955','751200',105.685,37.4915,'Zhongning',NULL),(640522,'海原县',640500,'海原',3,'0955','751800',105.647,36.565,'Haiyuan',NULL),(650000,'新疆维吾尔自治区',100000,'新疆',1,'','',87.6177,43.7928,'Xinjiang',NULL),(650100,'乌鲁木齐市',650000,'乌鲁木齐',2,'0991','830002',87.6177,43.7928,'Urumqi',NULL),(650102,'天山区',650100,'天山',3,'0991','830002',87.6317,43.7944,'Tianshan',NULL),(650103,'沙依巴克区',650100,'沙依巴克',3,'0991','830000',87.5979,43.8012,'Shayibake',NULL),(650104,'新市区',650100,'新市',3,'0991','830011',87.5741,43.8435,'Xinshi',NULL),(650105,'水磨沟区',650100,'水磨沟',3,'0991','830017',87.6425,43.8325,'Shuimogou',NULL),(650106,'头屯河区',650100,'头屯河',3,'0991','830022',87.2914,43.8549,'Toutunhe',NULL),(650107,'达坂城区',650100,'达坂城',3,'0991','830039',88.307,43.358,'Dabancheng',NULL),(650109,'米东区',650100,'米东',3,'0991','830019',87.6858,43.9474,'Midong',NULL),(650121,'乌鲁木齐县',650100,'乌鲁木齐',3,'0991','830063',87.4094,43.4712,'Wulumuqi',NULL),(650200,'克拉玛依市',650000,'克拉玛依',2,'0990','834000',84.8739,45.5959,'Karamay',NULL),(650202,'独山子区',650200,'独山子',3,'0992','834021',84.8867,44.3287,'Dushanzi',NULL),(650203,'克拉玛依区',650200,'克拉玛依',3,'0990','834000',84.8623,45.5909,'Kelamayi',NULL),(650204,'白碱滩区',650200,'白碱滩',3,'0990','834008',85.1324,45.6877,'Baijiantan',NULL),(650205,'乌尔禾区',650200,'乌尔禾',3,'0990','834012',85.6914,46.0901,'Wuerhe',NULL),(652100,'吐鲁番地区',650000,'吐鲁番',2,'0995','838000',89.1841,42.9476,'Turpan',NULL),(652101,'吐鲁番市',652100,'吐鲁番',3,'0995','838000',89.1858,42.9351,'Tulufan',NULL),(652122,'鄯善县',652100,'鄯善',3,'0995','838200',90.214,42.8635,'Shanshan',NULL),(652123,'托克逊县',652100,'托克逊',3,'0995','838100',88.6582,42.7923,'Tuokexun',NULL),(652200,'哈密地区',650000,'哈密',2,'0902','839000',93.5132,42.8332,'Hami',NULL),(652201,'哈密市',652200,'哈密',3,'0902','839000',93.5145,42.827,'Hami',NULL),(652222,'巴里坤哈萨克自治县',652200,'巴里坤',3,'0902','839200',93.0124,43.5999,'Balikun',NULL),(652223,'伊吾县',652200,'伊吾',3,'0902','839300',94.694,43.2537,'Yiwu',NULL),(652300,'昌吉回族自治州',650000,'昌吉',2,'0994','831100',87.304,44.0146,'Changji',NULL),(652301,'昌吉市',652300,'昌吉',3,'0994','831100',87.3025,44.0127,'Changji',NULL),(652302,'阜康市',652300,'阜康',3,'0994','831500',87.9853,44.1584,'Fukang',NULL),(652323,'呼图壁县',652300,'呼图壁',3,'0994','831200',86.8989,44.1898,'Hutubi',NULL),(652324,'玛纳斯县',652300,'玛纳斯',3,'0994','832200',86.2145,44.3044,'Manasi',NULL),(652325,'奇台县',652300,'奇台',3,'0994','831800',89.5932,44.0222,'Qitai',NULL),(652327,'吉木萨尔县',652300,'吉木萨尔',3,'0994','831700',89.1808,44.0005,'Jimusaer',NULL),(652328,'木垒哈萨克自治县',652300,'木垒',3,'0994','831900',90.289,43.8351,'Mulei',NULL),(652700,'博尔塔拉蒙古自治州',650000,'博尔塔拉',2,'0909','833400',82.0748,44.9033,'Bortala',NULL),(652701,'博乐市',652700,'博乐',3,'0909','833400',82.0713,44.9005,'Bole',NULL),(652702,'阿拉山口市',652700,'阿拉山口',3,'0909','833400',82.5677,45.1706,'Alashankou',NULL),(652722,'精河县',652700,'精河',3,'0909','833300',82.8942,44.6077,'Jinghe',NULL),(652723,'温泉县',652700,'温泉',3,'0909','833500',81.0313,44.9737,'Wenquan',NULL),(652800,'巴音郭楞蒙古自治州',650000,'巴音郭楞',2,'0996','841000',86.151,41.7686,'Bayingol',NULL),(652801,'库尔勒市',652800,'库尔勒',3,'0996','841000',86.1553,41.766,'Kuerle',NULL),(652822,'轮台县',652800,'轮台',3,'0996','841600',84.261,41.7764,'Luntai',NULL),(652823,'尉犁县',652800,'尉犁',3,'0996','841500',86.259,41.3363,'Yuli',NULL),(652824,'若羌县',652800,'若羌',3,'0996','841800',88.1681,39.0179,'Ruoqiang',NULL),(652825,'且末县',652800,'且末',3,'0996','841900',85.5297,38.1453,'Qiemo',NULL),(652826,'焉耆回族自治县',652800,'焉耆',3,'0996','841100',86.5744,42.059,'Yanqi',NULL),(652827,'和静县',652800,'和静',3,'0996','841300',86.3961,42.3184,'Hejing',NULL),(652828,'和硕县',652800,'和硕',3,'0996','841200',86.8639,42.2681,'Heshuo',NULL),(652829,'博湖县',652800,'博湖',3,'0996','841400',86.6333,41.9801,'Bohu',NULL),(652900,'阿克苏地区',650000,'阿克苏',2,'0997','843000',80.2651,41.1707,'Aksu',NULL),(652901,'阿克苏市',652900,'阿克苏',3,'0997','843000',80.2634,41.1675,'Akesu',NULL),(652922,'温宿县',652900,'温宿',3,'0997','843100',80.2417,41.2768,'Wensu',NULL),(652923,'库车县',652900,'库车',3,'0997','842000',82.9621,41.7179,'Kuche',NULL),(652924,'沙雅县',652900,'沙雅',3,'0997','842200',82.7813,41.225,'Shaya',NULL),(652925,'新和县',652900,'新和',3,'0997','842100',82.6105,41.5496,'Xinhe',NULL),(652926,'拜城县',652900,'拜城',3,'0997','842300',81.8756,41.798,'Baicheng',NULL),(652927,'乌什县',652900,'乌什',3,'0997','843400',79.2294,41.2157,'Wushi',NULL),(652928,'阿瓦提县',652900,'阿瓦提',3,'0997','843200',80.3834,40.6393,'Awati',NULL),(652929,'柯坪县',652900,'柯坪',3,'0997','843600',79.0475,40.5059,'Keping',NULL),(653000,'克孜勒苏柯尔克孜自治州',650000,'克孜勒苏',2,'0908','845350',76.1728,39.7134,'Kizilsu',NULL),(653001,'阿图什市',653000,'阿图什',3,'0908','845350',76.1683,39.7161,'Atushi',NULL),(653022,'阿克陶县',653000,'阿克陶',3,'0908','845550',75.9469,39.1489,'Aketao',NULL),(653023,'阿合奇县',653000,'阿合奇',3,'0997','843500',78.4485,40.9395,'Aheqi',NULL),(653024,'乌恰县',653000,'乌恰',3,'0908','845450',75.2584,39.7198,'Wuqia',NULL),(653100,'喀什地区',650000,'喀什',2,'0998','844000',75.9891,39.4677,'Kashgar',NULL),(653101,'喀什市',653100,'喀什',3,'0998','844000',75.9938,39.4677,'Kashi',NULL),(653121,'疏附县',653100,'疏附',3,'0998','844100',75.8603,39.3753,'Shufu',NULL),(653122,'疏勒县',653100,'疏勒',3,'0998','844200',76.054,39.4062,'Shule',NULL),(653123,'英吉沙县',653100,'英吉沙',3,'0998','844500',76.1757,38.9297,'Yingjisha',NULL),(653124,'泽普县',653100,'泽普',3,'0998','844800',77.2714,38.1894,'Zepu',NULL),(653125,'莎车县',653100,'莎车',3,'0998','844700',77.2432,38.416,'Shache',NULL),(653126,'叶城县',653100,'叶城',3,'0998','844900',77.4166,37.8832,'Yecheng',NULL),(653127,'麦盖提县',653100,'麦盖提',3,'0998','844600',77.6422,38.8966,'Maigaiti',NULL),(653128,'岳普湖县',653100,'岳普湖',3,'0998','844400',76.7723,39.2356,'Yuepuhu',NULL),(653129,'伽师县',653100,'伽师',3,'0998','844300',76.7237,39.488,'Jiashi',NULL),(653130,'巴楚县',653100,'巴楚',3,'0998','843800',78.5489,39.7855,'Bachu',NULL),(653131,'塔什库尔干塔吉克自治县',653100,'塔什库尔干塔吉克',3,'0998','845250',75.232,37.7789,'Tashikuergantajike',NULL),(653200,'和田地区',650000,'和田',2,'0903','848000',79.9253,37.1107,'Hotan',NULL),(653201,'和田市',653200,'和田市',3,'0903','848000',79.9135,37.1121,'Hetianshi',NULL),(653221,'和田县',653200,'和田县',3,'0903','848000',79.8287,37.0892,'Hetianxian',NULL),(653222,'墨玉县',653200,'墨玉',3,'0903','848100',79.7403,37.2725,'Moyu',NULL),(653223,'皮山县',653200,'皮山',3,'0903','845150',78.2812,37.6201,'Pishan',NULL),(653224,'洛浦县',653200,'洛浦',3,'0903','848200',80.1854,37.0736,'Luopu',NULL),(653225,'策勒县',653200,'策勒',3,'0903','848300',80.81,36.9984,'Cele',NULL),(653226,'于田县',653200,'于田',3,'0903','848400',81.6672,36.854,'Yutian',NULL),(653227,'民丰县',653200,'民丰',3,'0903','848500',82.6844,37.0658,'Minfeng',NULL),(654000,'伊犁哈萨克自治州',650000,'伊犁',2,'0999','835100',81.3179,43.9219,'Ili',NULL),(654002,'伊宁市',654000,'伊宁',3,'0999','835000',81.3293,43.9129,'Yining',NULL),(654003,'奎屯市',654000,'奎屯',3,'0992','833200',84.9023,44.425,'Kuitun',NULL),(654004,'霍尔果斯市',654000,'霍尔果斯',3,'0999','835221',80.4182,44.2058,'Huoerguosi',NULL),(654021,'伊宁县',654000,'伊宁',3,'0999','835100',81.5276,43.9786,'Yining',NULL),(654022,'察布查尔锡伯自治县',654000,'察布查尔锡伯',3,'0999','835300',81.1496,43.8402,'Chabuchaerxibo',NULL),(654023,'霍城县',654000,'霍城',3,'0999','835200',80.8783,44.0533,'Huocheng',NULL),(654024,'巩留县',654000,'巩留',3,'0999','835400',82.2285,43.4843,'Gongliu',NULL),(654025,'新源县',654000,'新源',3,'0999','835800',83.2609,43.4284,'Xinyuan',NULL),(654026,'昭苏县',654000,'昭苏',3,'0999','835600',81.1307,43.1583,'Zhaosu',NULL),(654027,'特克斯县',654000,'特克斯',3,'0999','835500',81.84,43.2194,'Tekesi',NULL),(654028,'尼勒克县',654000,'尼勒克',3,'0999','835700',82.5118,43.799,'Nileke',NULL),(654200,'塔城地区',650000,'塔城',2,'0901','834700',82.9857,46.7463,'Qoqek',NULL),(654201,'塔城市',654200,'塔城',3,'0901','834700',82.9789,46.7485,'Tacheng',NULL),(654202,'乌苏市',654200,'乌苏',3,'0992','833000',84.6826,44.4373,'Wusu',NULL),(654221,'额敏县',654200,'额敏',3,'0901','834600',83.6287,46.5284,'Emin',NULL),(654223,'沙湾县',654200,'沙湾',3,'0993','832100',85.6193,44.3314,'Shawan',NULL),(654224,'托里县',654200,'托里',3,'0901','834500',83.6059,45.9362,'Tuoli',NULL),(654225,'裕民县',654200,'裕民',3,'0901','834800',82.99,46.2038,'Yumin',NULL),(654226,'和布克赛尔蒙古自治县',654200,'和布克赛尔',3,'0990','834400',85.7266,46.7936,'Hebukesaier',NULL),(654300,'阿勒泰地区',650000,'阿勒泰',2,'0906','836500',88.1396,47.8484,'Altay',NULL),(654301,'阿勒泰市',654300,'阿勒泰',3,'0906','836500',88.1391,47.8317,'Aletai',NULL),(654321,'布尔津县',654300,'布尔津',3,'0906','836600',86.8575,47.7006,'Buerjin',NULL),(654322,'富蕴县',654300,'富蕴',3,'0906','836100',89.5268,46.9944,'Fuyun',NULL),(654323,'福海县',654300,'福海',3,'0906','836400',87.4951,47.1106,'Fuhai',NULL),(654324,'哈巴河县',654300,'哈巴河',3,'0906','836700',86.4209,48.0605,'Habahe',NULL),(654325,'青河县',654300,'青河',3,'0906','836200',90.383,46.6738,'Qinghe',NULL),(654326,'吉木乃县',654300,'吉木乃',3,'0906','836800',85.8781,47.4336,'Jimunai',NULL),(659000,'直辖县级',650000,' ',2,'','',91.1322,29.6604,'',NULL),(659001,'石河子市',659000,'石河子',3,'0993','832000',86.0411,44.3059,'Shihezi',NULL),(659002,'阿拉尔市',659000,'阿拉尔',3,'0997','843300',81.2859,40.5419,'Aral',NULL),(659003,'图木舒克市',659000,'图木舒克',3,'0998','843806',79.078,39.8673,'Tumxuk',NULL),(659004,'五家渠市',659000,'五家渠',3,'0994','831300',87.5269,44.1674,'Wujiaqu',NULL),(659005,'北屯市',659000,'北屯',3,'0906','836000',87.8085,47.3623,'Beitun',NULL),(659006,'铁门关市',659000,'铁门关',3,'0906','836000',86.1947,41.811,'Tiemenguan',NULL),(659007,'双河市',659000,'双河',3,'0909','833408',91.1322,29.6604,'Shuanghe',NULL),(710000,'台湾',100000,'台湾',1,'','',121.509,25.0443,'Taiwan',NULL),(710100,'台北市',710000,'台北',2,'02','1',121.565,25.0378,'Taipei',NULL),(710101,'松山区',710100,'松山',3,'02','105',121.577,25.0497,'Songshan',NULL),(710102,'信义区',710100,'信义',3,'02','110',121.751,25.1294,'Xinyi',NULL),(710103,'大安区',710100,'大安',3,'02','106',121.535,25.0264,'Da\'an',NULL),(710104,'中山区',710100,'中山',3,'02','104',121.533,25.0644,'Zhongshan',NULL),(710105,'中正区',710100,'中正',3,'02','100',121.518,25.0324,'Zhongzheng',NULL),(710106,'大同区',710100,'大同',3,'02','103',121.516,25.066,'Datong',NULL),(710107,'万华区',710100,'万华',3,'02','108',121.499,25.0319,'Wanhua',NULL),(710108,'文山区',710100,'文山',3,'02','116',121.57,24.9898,'Wenshan',NULL),(710109,'南港区',710100,'南港',3,'02','115',121.607,25.0547,'Nangang',NULL),(710110,'内湖区',710100,'内湖',3,'02','114',121.589,25.0697,'Nahu',NULL),(710111,'士林区',710100,'士林',3,'02','111',121.52,25.0928,'Shilin',NULL),(710112,'北投区',710100,'北投',3,'02','112',121.501,25.1324,'Beitou',NULL),(710200,'高雄市',710000,'高雄',2,'07','8',120.312,22.6209,'Kaohsiung',NULL),(710201,'盐埕区',710200,'盐埕',3,'07','803',120.287,22.6247,'Yancheng',NULL),(710202,'鼓山区',710200,'鼓山',3,'07','804',120.281,22.6368,'Gushan',NULL),(710203,'左营区',710200,'左营',3,'07','813',120.295,22.6901,'Zuoying',NULL),(710204,'楠梓区',710200,'楠梓',3,'07','811',120.326,22.7284,'Nanzi',NULL),(710205,'三民区',710200,'三民',3,'07','807',120.3,22.6477,'Sanmin',NULL),(710206,'新兴区',710200,'新兴',3,'07','800',120.31,22.6311,'Xinxing',NULL),(710207,'前金区',710200,'前金',3,'07','801',120.294,22.6274,'Qianjin',NULL),(710208,'苓雅区',710200,'苓雅',3,'07','802',120.312,22.6218,'Lingya',NULL),(710209,'前镇区',710200,'前镇',3,'07','806',120.319,22.5864,'Qianzhen',NULL),(710210,'旗津区',710200,'旗津',3,'07','805',120.284,22.5906,'Qijin',NULL),(710211,'小港区',710200,'小港',3,'07','812',120.338,22.5654,'Xiaogang',NULL),(710212,'凤山区',710200,'凤山',3,'07','830',120.357,22.6269,'Fengshan',NULL),(710213,'林园区',710200,'林园',3,'07','832',120.396,22.5015,'Linyuan',NULL),(710214,'大寮区',710200,'大寮',3,'07','831',120.395,22.6054,'Daliao',NULL),(710215,'大树区',710200,'大树',3,'07','840',120.433,22.6934,'Dashu',NULL),(710216,'大社区',710200,'大社',3,'07','815',120.347,22.73,'Dashe',NULL),(710217,'仁武区',710200,'仁武',3,'07','814',120.348,22.7019,'Renwu',NULL),(710218,'鸟松区',710200,'鸟松',3,'07','833',120.364,22.6593,'Niaosong',NULL),(710219,'冈山区',710200,'冈山',3,'07','820',120.296,22.7968,'Gangshan',NULL),(710220,'桥头区',710200,'桥头',3,'07','825',120.306,22.7575,'Qiaotou',NULL),(710221,'燕巢区',710200,'燕巢',3,'07','824',120.362,22.7934,'Yanchao',NULL),(710222,'田寮区',710200,'田寮',3,'07','823',120.36,22.8693,'Tianliao',NULL),(710223,'阿莲区',710200,'阿莲',3,'07','822',120.327,22.8837,'Alian',NULL),(710224,'路竹区',710200,'路竹',3,'07','821',120.262,22.8569,'Luzhu',NULL),(710225,'湖内区',710200,'湖内',3,'07','829',120.212,22.9082,'Huna',NULL),(710226,'茄萣区',710200,'茄萣',3,'07','852',120.183,22.9066,'Qieding',NULL),(710227,'永安区',710200,'永安',3,'07','828',120.225,22.8186,'Yong\'an',NULL),(710228,'弥陀区',710200,'弥陀',3,'07','827',120.247,22.7829,'Mituo',NULL),(710229,'梓官区',710200,'梓官',3,'07','826',120.267,22.7605,'Ziguan',NULL),(710230,'旗山区',710200,'旗山',3,'07','842',120.484,22.8885,'Qishan',NULL),(710231,'美浓区',710200,'美浓',3,'07','843',120.542,22.8979,'Meinong',NULL),(710232,'六龟区',710200,'六龟',3,'07','844',120.633,22.9979,'Liugui',NULL),(710233,'甲仙区',710200,'甲仙',3,'07','847',120.591,23.0847,'Jiaxian',NULL),(710234,'杉林区',710200,'杉林',3,'07','846',120.539,22.9707,'Shanlin',NULL),(710235,'内门区',710200,'内门',3,'07','845',120.462,22.9434,'Namen',NULL),(710236,'茂林区',710200,'茂林',3,'07','851',120.663,22.8862,'Maolin',NULL),(710237,'桃源区',710200,'桃源',3,'07','848',120.76,23.1591,'Taoyuan',NULL),(710238,'那玛夏区',710200,'那玛夏',3,'07','849',120.693,23.217,'Namaxia',NULL),(710300,'基隆市',710000,'基隆',2,'02','2',121.746,25.1307,'Keelung',NULL),(710301,'中正区',710300,'中正',3,'02','202',121.518,25.0324,'Zhongzheng',NULL),(710302,'七堵区',710300,'七堵',3,'02','206',121.713,25.0957,'Qidu',NULL),(710303,'暖暖区',710300,'暖暖',3,'02','205',121.736,25.0998,'Nuannuan',NULL),(710304,'仁爱区',710300,'仁爱',3,'02','200',121.741,25.1275,'Renai',NULL),(710305,'中山区',710300,'中山',3,'02','203',121.739,25.134,'Zhongshan',NULL),(710306,'安乐区',710300,'安乐',3,'02','204',121.723,25.1209,'Anle',NULL),(710307,'信义区',710300,'信义',3,'02','201',121.751,25.1294,'Xinyi',NULL),(710400,'台中市',710000,'台中',2,'04','4',120.679,24.1386,'Taichung',NULL),(710401,'中区',710400,'中区',3,'04','400',120.68,24.1438,'Zhongqu',NULL),(710402,'东区',710400,'东区',3,'04','401',120.704,24.1366,'Dongqu',NULL),(710403,'南区',710400,'南区',3,'04','402',120.189,22.9609,'Nanqu',NULL),(710404,'西区',710400,'西区',3,'04','403',120.671,24.1414,'Xiqu',NULL),(710405,'北区',710400,'北区',3,'04','404',120.682,24.166,'Beiqu',NULL),(710406,'西屯区',710400,'西屯',3,'04','407',120.64,24.1813,'Xitun',NULL),(710407,'南屯区',710400,'南屯',3,'04','408',120.643,24.1383,'Nantun',NULL),(710408,'北屯区',710400,'北屯',3,'04','406',120.686,24.1822,'Beitun',NULL),(710409,'丰原区',710400,'丰原',3,'04','420',120.718,24.2422,'Fengyuan',NULL),(710410,'东势区',710400,'东势',3,'04','423',120.828,24.2586,'Dongshi',NULL),(710411,'大甲区',710400,'大甲',3,'04','437',120.622,24.3489,'Dajia',NULL),(710412,'清水区',710400,'清水',3,'04','436',120.56,24.2687,'Qingshui',NULL),(710413,'沙鹿区',710400,'沙鹿',3,'04','433',120.566,24.2335,'Shalu',NULL),(710414,'梧栖区',710400,'梧栖',3,'04','435',120.532,24.255,'Wuqi',NULL),(710415,'后里区',710400,'后里',3,'04','421',120.711,24.3049,'Houli',NULL),(710416,'神冈区',710400,'神冈',3,'04','429',120.662,24.2578,'Shengang',NULL),(710417,'潭子区',710400,'潭子',3,'04','427',120.705,24.2095,'Tanzi',NULL),(710418,'大雅区',710400,'大雅',3,'04','428',120.648,24.2292,'Daya',NULL),(710419,'新社区',710400,'新社',3,'04','426',120.81,24.2341,'Xinshe',NULL),(710420,'石冈区',710400,'石冈',3,'04','422',120.78,24.275,'Shigang',NULL),(710421,'外埔区',710400,'外埔',3,'04','438',120.654,24.332,'Waipu',NULL),(710422,'大安区',710400,'大安',3,'04','439',120.587,24.3461,'Da\'an',NULL),(710423,'乌日区',710400,'乌日',3,'04','414',120.624,24.1045,'Wuri',NULL),(710424,'大肚区',710400,'大肚',3,'04','432',120.541,24.1537,'Dadu',NULL),(710425,'龙井区',710400,'龙井',3,'04','434',120.546,24.1927,'Longjing',NULL),(710426,'雾峰区',710400,'雾峰',3,'04','413',120.7,24.0615,'Wufeng',NULL),(710427,'太平区',710400,'太平',3,'04','411',120.719,24.1265,'Taiping',NULL),(710428,'大里区',710400,'大里',3,'04','412',120.678,24.0994,'Dali',NULL),(710429,'和平区',710400,'和平',3,'04','424',120.883,24.1748,'Heping',NULL),(710500,'台南市',710000,'台南',2,'06','7',120.279,23.1725,'Tainan',NULL),(710501,'东区',710500,'东区',3,'06','701',120.224,22.9801,'Dongqu',NULL),(710502,'南区',710500,'南区',3,'06','702',120.189,22.9609,'Nanqu',NULL),(710504,'北区',710500,'北区',3,'06','704',120.682,24.166,'Beiqu',NULL),(710506,'安南区',710500,'安南',3,'06','709',120.185,23.0472,'Annan',NULL),(710507,'安平区',710500,'安平',3,'06','708',120.167,23.0008,'Anping',NULL),(710508,'中西区',710500,'中西',3,'06','700',120.206,22.9922,'Zhongxi',NULL),(710509,'新营区',710500,'新营',3,'06','730',120.317,23.3103,'Xinying',NULL),(710510,'盐水区',710500,'盐水',3,'06','737',120.266,23.3198,'Yanshui',NULL),(710511,'白河区',710500,'白河',3,'06','732',120.416,23.3512,'Baihe',NULL),(710512,'柳营区',710500,'柳营',3,'06','736',120.311,23.2781,'Liuying',NULL),(710513,'后壁区',710500,'后壁',3,'06','731',120.363,23.3667,'Houbi',NULL),(710514,'东山区',710500,'东山',3,'06','733',120.404,23.3261,'Dongshan',NULL),(710515,'麻豆区',710500,'麻豆',3,'06','721',120.248,23.1817,'Madou',NULL),(710516,'下营区',710500,'下营',3,'06','735',120.264,23.2354,'Xiaying',NULL),(710517,'六甲区',710500,'六甲',3,'06','734',120.348,23.2319,'Liujia',NULL),(710518,'官田区',710500,'官田',3,'06','720',120.314,23.1947,'Guantian',NULL),(710519,'大内区',710500,'大内',3,'06','742',120.349,23.1195,'Dana',NULL),(710520,'佳里区',710500,'佳里',3,'06','722',120.177,23.1651,'Jiali',NULL),(710521,'学甲区',710500,'学甲',3,'06','726',120.18,23.2323,'Xuejia',NULL),(710522,'西港区',710500,'西港',3,'06','723',120.204,23.1231,'Xigang',NULL),(710523,'七股区',710500,'七股',3,'06','724',120.14,23.1405,'Qigu',NULL),(710524,'将军区',710500,'将军',3,'06','725',120.157,23.1995,'Jiangjun',NULL),(710525,'北门区',710500,'北门',3,'06','727',120.126,23.2671,'Beimen',NULL),(710526,'新化区',710500,'新化',3,'06','712',120.311,23.0385,'Xinhua',NULL),(710527,'善化区',710500,'善化',3,'06','741',120.297,23.1323,'Shanhua',NULL),(710528,'新市区',710500,'新市',3,'06','744',120.295,23.079,'Xinshi',NULL),(710529,'安定区',710500,'安定',3,'06','745',120.237,23.1215,'Anding',NULL),(710530,'山上区',710500,'山上',3,'06','743',120.353,23.1032,'Shanshang',NULL),(710531,'玉井区',710500,'玉井',3,'06','714',120.46,23.1239,'Yujing',NULL),(710532,'楠西区',710500,'楠西',3,'06','715',120.485,23.1735,'Nanxi',NULL),(710533,'南化区',710500,'南化',3,'06','716',120.477,23.0426,'Nanhua',NULL),(710534,'左镇区',710500,'左镇',3,'06','713',120.407,23.058,'Zuozhen',NULL),(710535,'仁德区',710500,'仁德',3,'06','717',120.252,22.9722,'Rende',NULL),(710536,'归仁区',710500,'归仁',3,'06','711',120.294,22.9671,'Guiren',NULL),(710537,'关庙区',710500,'关庙',3,'06','718',120.328,22.9629,'Guanmiao',NULL),(710538,'龙崎区',710500,'龙崎',3,'06','719',120.361,22.9657,'Longqi',NULL),(710539,'永康区',710500,'永康',3,'06','710',120.257,23.0261,'Yongkang',NULL),(710600,'新竹市',710000,'新竹',2,'03','3',120.969,24.8067,'Hsinchu',NULL),(710601,'东区',710600,'东区',3,'03','300',120.97,24.8013,'Dongqu',NULL),(710602,'北区',710600,'北区',3,'03','',120.682,24.166,'Beiqu',NULL),(710603,'香山区',710600,'香山',3,'03','',120.957,24.7689,'Xiangshan',NULL),(710700,'嘉义市',710000,'嘉义',2,'05','6',120.453,23.4816,'Chiayi',NULL),(710701,'东区',710700,'东区',3,'05','600',120.458,23.4862,'Dongqu',NULL),(710702,'西区',710700,'西区',3,'05','600',120.437,23.473,'Xiqu',NULL),(710800,'新北市',710000,'新北',2,'02','2',121.466,25.0124,'New Taipei',NULL),(710801,'板桥区',710800,'板桥',3,'02','220',121.459,25.0096,'Banqiao',NULL),(710802,'三重区',710800,'三重',3,'02','241',121.488,25.0615,'Sanzhong',NULL),(710803,'中和区',710800,'中和',3,'02','235',121.499,24.9994,'Zhonghe',NULL),(710804,'永和区',710800,'永和',3,'02','234',121.514,25.0078,'Yonghe',NULL),(710805,'新庄区',710800,'新庄',3,'02','242',121.45,25.0359,'Xinzhuang',NULL),(710806,'新店区',710800,'新店',3,'02','231',121.542,24.9676,'Xindian',NULL),(710807,'树林区',710800,'树林',3,'02','238',121.421,24.9907,'Shulin',NULL),(710808,'莺歌区',710800,'莺歌',3,'02','239',121.355,24.9554,'Yingge',NULL),(710809,'三峡区',710800,'三峡',3,'02','237',121.369,24.9343,'Sanxia',NULL),(710810,'淡水区',710800,'淡水',3,'02','251',121.441,25.1695,'Danshui',NULL),(710811,'汐止区',710800,'汐止',3,'02','221',121.629,25.063,'Xizhi',NULL),(710812,'瑞芳区',710800,'瑞芳',3,'02','224',121.81,25.1089,'Ruifang',NULL),(710813,'土城区',710800,'土城',3,'02','236',121.443,24.9722,'Tucheng',NULL),(710814,'芦洲区',710800,'芦洲',3,'02','247',121.474,25.0849,'Luzhou',NULL),(710815,'五股区',710800,'五股',3,'02','248',121.438,25.0827,'Wugu',NULL),(710816,'泰山区',710800,'泰山',3,'02','243',121.431,25.0589,'Taishan',NULL),(710817,'林口区',710800,'林口',3,'02','244',121.392,25.0775,'Linkou',NULL),(710818,'深坑区',710800,'深坑',3,'02','222',121.616,25.0023,'Shenkeng',NULL),(710819,'石碇区',710800,'石碇',3,'02','223',121.659,24.9917,'Shiding',NULL),(710820,'坪林区',710800,'坪林',3,'02','232',121.711,24.9374,'Pinglin',NULL),(710821,'三芝区',710800,'三芝',3,'02','252',121.501,25.258,'Sanzhi',NULL),(710822,'石门区',710800,'石门',3,'02','253',121.568,25.2904,'Shimen',NULL),(710823,'八里区',710800,'八里',3,'02','249',121.398,25.1467,'Bali',NULL),(710824,'平溪区',710800,'平溪',3,'02','226',121.738,25.0257,'Pingxi',NULL),(710825,'双溪区',710800,'双溪',3,'02','227',121.866,25.0334,'Shuangxi',NULL),(710826,'贡寮区',710800,'贡寮',3,'02','228',121.908,25.0224,'Gongliao',NULL),(710827,'金山区',710800,'金山',3,'02','208',121.636,25.2219,'Jinshan',NULL),(710828,'万里区',710800,'万里',3,'02','207',121.689,25.1812,'Wanli',NULL),(710829,'乌来区',710800,'乌来',3,'02','233',121.551,24.8653,'Wulai',NULL),(712200,'宜兰县',710000,'宜兰',2,'03','2',121.5,24.6,'Yilan',NULL),(712201,'宜兰市',712200,'宜兰',3,'03','260',121.753,24.7517,'Yilan',NULL),(712221,'罗东镇',712200,'罗东',3,'03','265',121.767,24.677,'Luodong',NULL),(712222,'苏澳镇',712200,'苏澳',3,'03','270',121.843,24.5946,'Suao',NULL),(712223,'头城镇',712200,'头城',3,'03','261',121.823,24.8592,'Toucheng',NULL),(712224,'礁溪乡',712200,'礁溪',3,'03','262',121.767,24.8223,'Jiaoxi',NULL),(712225,'壮围乡',712200,'壮围',3,'03','263',121.782,24.7449,'Zhuangwei',NULL),(712226,'员山乡',712200,'员山',3,'03','264',121.722,24.7418,'Yuanshan',NULL),(712227,'冬山乡',712200,'冬山',3,'03','269',121.792,24.6345,'Dongshan',NULL),(712228,'五结乡',712200,'五结',3,'03','268',121.798,24.6846,'Wujie',NULL),(712229,'三星乡',712200,'三星',3,'03','266',121.003,23.7753,'Sanxing',NULL),(712230,'大同乡',712200,'大同',3,'03','267',121.606,24.676,'Datong',NULL),(712231,'南澳乡',712200,'南澳',3,'03','272',121.8,24.4654,'Nanao',NULL),(712300,'桃园县',710000,'桃园',2,'03','3',121.083,25,'Taoyuan',NULL),(712301,'桃园市',712300,'桃园',3,'03','330',121.301,24.9938,'Taoyuan',NULL),(712302,'中坜市',712300,'中坜',3,'03','320',121.225,24.9654,'Zhongli',NULL),(712303,'平镇市',712300,'平镇',3,'03','324',121.218,24.9458,'Pingzhen',NULL),(712304,'八德市',712300,'八德',3,'03','334',121.285,24.9287,'Bade',NULL),(712305,'杨梅市',712300,'杨梅',3,'03','326',121.146,24.9076,'Yangmei',NULL),(712306,'芦竹市',712300,'芦竹',3,'03','338',121.292,25.0454,'Luzhu',NULL),(712321,'大溪镇',712300,'大溪',3,'03','335',121.287,24.8806,'Daxi',NULL),(712324,'大园乡',712300,'大园',3,'03','337',121.196,25.0645,'Dayuan',NULL),(712325,'龟山乡',712300,'龟山',3,'03','333',121.338,24.9925,'Guishan',NULL),(712327,'龙潭乡',712300,'龙潭',3,'03','325',121.216,24.8639,'Longtan',NULL),(712329,'新屋乡',712300,'新屋',3,'03','327',121.106,24.9722,'Xinwu',NULL),(712330,'观音乡',712300,'观音',3,'03','328',121.078,25.0333,'Guanyin',NULL),(712331,'复兴乡',712300,'复兴',3,'03','336',121.353,24.8209,'Fuxing',NULL),(712400,'新竹县',710000,'新竹',2,'03','3',121.16,24.6,'Hsinchu',NULL),(712401,'竹北市',712400,'竹北',3,'03','302',121.004,24.8397,'Zhubei',NULL),(712421,'竹东镇',712400,'竹东',3,'03','310',121.086,24.7336,'Zhudong',NULL),(712422,'新埔镇',712400,'新埔',3,'03','305',121.073,24.8248,'Xinpu',NULL),(712423,'关西镇',712400,'关西',3,'03','306',121.177,24.7888,'Guanxi',NULL),(712424,'湖口乡',712400,'湖口',3,'03','303',121.044,24.9039,'Hukou',NULL),(712425,'新丰乡',712400,'新丰',3,'03','304',120.983,24.8996,'Xinfeng',NULL),(712426,'芎林乡',712400,'芎林',3,'03','307',121.077,24.7744,'Xionglin',NULL),(712427,'横山乡',712400,'横山',3,'03','312',121.116,24.7208,'Hengshan',NULL),(712428,'北埔乡',712400,'北埔',3,'03','314',121.053,24.6971,'Beipu',NULL),(712429,'宝山乡',712400,'宝山',3,'03','308',120.986,24.761,'Baoshan',NULL),(712430,'峨眉乡',712400,'峨眉',3,'03','315',121.015,24.6861,'Emei',NULL),(712431,'尖石乡',712400,'尖石',3,'03','313',121.198,24.7044,'Jianshi',NULL),(712432,'五峰乡',712400,'五峰',3,'03','311',121.003,23.7753,'Wufeng',NULL),(712500,'苗栗县',710000,'苗栗',2,'037','3',120.75,24.5,'Miaoli',NULL),(712501,'苗栗市',712500,'苗栗',3,'037','360',120.819,24.5615,'Miaoli',NULL),(712521,'苑里镇',712500,'苑里',3,'037','358',120.649,24.4417,'Yuanli',NULL),(712522,'通霄镇',712500,'通霄',3,'037','357',120.677,24.4891,'Tongxiao',NULL),(712523,'竹南镇',712500,'竹南',3,'037','350',120.873,24.6855,'Zhunan',NULL),(712524,'头份镇',712500,'头份',3,'037','351',120.895,24.688,'Toufen',NULL),(712525,'后龙镇',712500,'后龙',3,'037','356',120.786,24.6126,'Houlong',NULL),(712526,'卓兰镇',712500,'卓兰',3,'037','369',120.823,24.3095,'Zhuolan',NULL),(712527,'大湖乡',712500,'大湖',3,'037','364',120.864,24.4225,'Dahu',NULL),(712528,'公馆乡',712500,'公馆',3,'037','363',120.823,24.4991,'Gongguan',NULL),(712529,'铜锣乡',712500,'铜锣',3,'037','366',121.003,23.7753,'Tongluo',NULL),(712530,'南庄乡',712500,'南庄',3,'037','353',120.995,24.5968,'Nanzhuang',NULL),(712531,'头屋乡',712500,'头屋',3,'037','362',120.847,24.5742,'Touwu',NULL),(712532,'三义乡',712500,'三义',3,'037','367',120.742,24.3503,'Sanyi',NULL),(712533,'西湖乡',712500,'西湖',3,'037','368',121.003,23.7753,'Xihu',NULL),(712534,'造桥乡',712500,'造桥',3,'037','361',120.862,24.6375,'Zaoqiao',NULL),(712535,'三湾乡',712500,'三湾',3,'037','352',120.951,24.6511,'Sanwan',NULL),(712536,'狮潭乡',712500,'狮潭',3,'037','354',120.918,24.54,'Shitan',NULL),(712537,'泰安乡',712500,'泰安',3,'037','365',120.904,24.4426,'Tai\'an',NULL),(712700,'彰化县',710000,'彰化',2,'04','5',120.416,24,'Changhua',NULL),(712701,'彰化市',712700,'彰化市',3,'04','500',120.542,24.0809,'Zhanghuashi',NULL),(712721,'鹿港镇',712700,'鹿港',3,'04','505',120.435,24.0569,'Lugang',NULL),(712722,'和美镇',712700,'和美',3,'04','508',120.5,24.1109,'Hemei',NULL),(712723,'线西乡',712700,'线西',3,'04','507',120.466,24.1287,'Xianxi',NULL),(712724,'伸港乡',712700,'伸港',3,'04','509',120.484,24.1461,'Shengang',NULL),(712725,'福兴乡',712700,'福兴',3,'04','506',120.444,24.0479,'Fuxing',NULL),(712726,'秀水乡',712700,'秀水',3,'04','504',120.503,24.0353,'Xiushui',NULL),(712727,'花坛乡',712700,'花坛',3,'04','503',120.538,24.0294,'Huatan',NULL),(712728,'芬园乡',712700,'芬园',3,'04','502',120.629,24.0137,'Fenyuan',NULL),(712729,'员林镇',712700,'员林',3,'04','510',120.575,23.959,'Yuanlin',NULL),(712730,'溪湖镇',712700,'溪湖',3,'04','514',120.479,23.9623,'Xihu',NULL),(712731,'田中镇',712700,'田中',3,'04','520',120.581,23.8617,'Tianzhong',NULL),(712732,'大村乡',712700,'大村',3,'04','515',120.541,23.9937,'Dacun',NULL),(712733,'埔盐乡',712700,'埔盐',3,'04','516',120.464,24.0003,'Puyan',NULL),(712734,'埔心乡',712700,'埔心',3,'04','513',120.544,23.953,'Puxin',NULL),(712735,'永靖乡',712700,'永靖',3,'04','512',120.548,23.9247,'Yongjing',NULL),(712736,'社头乡',712700,'社头',3,'04','511',120.583,23.8967,'Shetou',NULL),(712737,'二水乡',712700,'二水',3,'04','530',120.619,23.807,'Ershui',NULL),(712738,'北斗镇',712700,'北斗',3,'04','521',120.52,23.8709,'Beidou',NULL),(712739,'二林镇',712700,'二林',3,'04','526',120.374,23.8998,'Erlin',NULL),(712740,'田尾乡',712700,'田尾',3,'04','522',120.525,23.8907,'Tianwei',NULL),(712741,'埤头乡',712700,'埤头',3,'04','523',120.463,23.8913,'Pitou',NULL),(712742,'芳苑乡',712700,'芳苑',3,'04','528',120.32,23.9242,'Fangyuan',NULL),(712743,'大城乡',712700,'大城',3,'04','527',120.321,23.8524,'Dacheng',NULL),(712744,'竹塘乡',712700,'竹塘',3,'04','525',120.427,23.8601,'Zhutang',NULL),(712745,'溪州乡',712700,'溪州',3,'04','524',120.499,23.8512,'Xizhou',NULL),(712800,'南投县',710000,'南投',2,'049','5',120.83,23.83,'Nantou',NULL),(712801,'南投市',712800,'南投市',3,'049','540',120.684,23.91,'Nantoushi',NULL),(712821,'埔里镇',712800,'埔里',3,'049','545',120.965,23.9648,'Puli',NULL),(712822,'草屯镇',712800,'草屯',3,'049','542',120.68,23.9739,'Caotun',NULL),(712823,'竹山镇',712800,'竹山',3,'049','557',120.672,23.7577,'Zhushan',NULL),(712824,'集集镇',712800,'集集',3,'049','552',120.784,23.829,'Jiji',NULL),(712825,'名间乡',712800,'名间',3,'049','551',120.703,23.8384,'Mingjian',NULL),(712826,'鹿谷乡',712800,'鹿谷',3,'049','558',120.753,23.7445,'Lugu',NULL),(712827,'中寮乡',712800,'中寮',3,'049','541',120.767,23.8789,'Zhongliao',NULL),(712828,'鱼池乡',712800,'鱼池',3,'049','555',120.936,23.8964,'Yuchi',NULL),(712829,'国姓乡',712800,'国姓',3,'049','544',120.859,24.0423,'Guoxing',NULL),(712830,'水里乡',712800,'水里',3,'049','553',120.856,23.8121,'Shuili',NULL),(712831,'信义乡',712800,'信义',3,'049','556',120.855,23.6999,'Xinyi',NULL),(712832,'仁爱乡',712800,'仁爱',3,'049','546',121.134,24.0244,'Renai',NULL),(712900,'云林县',710000,'云林',2,'05','6',120.25,23.75,'Yunlin',NULL),(712901,'斗六市',712900,'斗六',3,'05','640',120.527,23.6977,'Douliu',NULL),(712921,'斗南镇',712900,'斗南',3,'05','630',120.479,23.6797,'Dounan',NULL),(712922,'虎尾镇',712900,'虎尾',3,'05','632',120.445,23.7082,'Huwei',NULL),(712923,'西螺镇',712900,'西螺',3,'05','648',120.466,23.798,'Xiluo',NULL),(712924,'土库镇',712900,'土库',3,'05','633',120.393,23.6778,'Tuku',NULL),(712925,'北港镇',712900,'北港',3,'05','651',120.302,23.5755,'Beigang',NULL),(712926,'古坑乡',712900,'古坑',3,'05','646',120.562,23.6426,'Gukeng',NULL),(712927,'大埤乡',712900,'大埤',3,'05','631',120.431,23.6459,'Dapi',NULL),(712928,'莿桐乡',712900,'莿桐',3,'05','647',120.502,23.7608,'Citong',NULL),(712929,'林内乡',712900,'林内',3,'05','643',120.611,23.7587,'Linna',NULL),(712930,'二仑乡',712900,'二仑',3,'05','649',120.415,23.7713,'Erlun',NULL),(712931,'仑背乡',712900,'仑背',3,'05','637',120.354,23.7588,'Lunbei',NULL),(712932,'麦寮乡',712900,'麦寮',3,'05','638',120.252,23.7538,'Mailiao',NULL),(712933,'东势乡',712900,'东势',3,'05','635',120.253,23.6747,'Dongshi',NULL),(712934,'褒忠乡',712900,'褒忠',3,'05','634',120.31,23.6942,'Baozhong',NULL),(712935,'台西乡',712900,'台西',3,'05','636',120.196,23.7028,'Taixi',NULL),(712936,'元长乡',712900,'元长',3,'05','655',120.315,23.6495,'Yuanchang',NULL),(712937,'四湖乡',712900,'四湖',3,'05','654',120.226,23.6377,'Sihu',NULL),(712938,'口湖乡',712900,'口湖',3,'05','653',120.185,23.5824,'Kouhu',NULL),(712939,'水林乡',712900,'水林',3,'05','652',120.246,23.5726,'Shuilin',NULL),(713000,'嘉义县',710000,'嘉义',2,'05','6',120.3,23.5,'Chiayi',NULL),(713001,'太保市',713000,'太保',3,'05','612',120.333,23.4596,'Taibao',NULL),(713002,'朴子市',713000,'朴子',3,'05','613',120.247,23.465,'Puzi',NULL),(713023,'布袋镇',713000,'布袋',3,'05','625',120.167,23.378,'Budai',NULL),(713024,'大林镇',713000,'大林',3,'05','622',120.471,23.6038,'Dalin',NULL),(713025,'民雄乡',713000,'民雄',3,'05','621',120.429,23.5515,'Minxiong',NULL),(713026,'溪口乡',713000,'溪口',3,'05','623',120.394,23.6022,'Xikou',NULL),(713027,'新港乡',713000,'新港',3,'05','616',120.348,23.5518,'Xingang',NULL),(713028,'六脚乡',713000,'六脚',3,'05','615',120.291,23.4939,'Liujiao',NULL),(713029,'东石乡',713000,'东石',3,'05','614',120.154,23.4592,'Dongshi',NULL),(713030,'义竹乡',713000,'义竹',3,'05','624',120.243,23.3363,'Yizhu',NULL),(713031,'鹿草乡',713000,'鹿草',3,'05','611',120.308,23.4108,'Lucao',NULL),(713032,'水上乡',713000,'水上',3,'05','608',120.398,23.4281,'Shuishang',NULL),(713033,'中埔乡',713000,'中埔',3,'05','606',120.523,23.4251,'Zhongpu',NULL),(713034,'竹崎乡',713000,'竹崎',3,'05','604',120.551,23.5232,'Zhuqi',NULL),(713035,'梅山乡',713000,'梅山',3,'05','603',120.557,23.5849,'Meishan',NULL),(713036,'番路乡',713000,'番路',3,'05','602',120.555,23.4652,'Fanlu',NULL),(713037,'大埔乡',713000,'大埔',3,'05','607',120.594,23.2967,'Dapu',NULL),(713038,'阿里山乡',713000,'阿里山',3,'05','605',120.733,23.468,'Alishan',NULL),(713300,'屏东县',710000,'屏东',2,'08','9',120.488,22.6828,'Pingtung',NULL),(713301,'屏东市',713300,'屏东',3,'08','900',120.488,22.6697,'Pingdong',NULL),(713321,'潮州镇',713300,'潮州',3,'08','920',120.543,22.5505,'Chaozhou',NULL),(713322,'东港镇',713300,'东港',3,'08','928',120.454,22.4666,'Donggang',NULL),(713323,'恒春镇',713300,'恒春',3,'08','946',120.745,22.0024,'Hengchun',NULL),(713324,'万丹乡',713300,'万丹',3,'08','913',120.485,22.5898,'Wandan',NULL),(713325,'长治乡',713300,'长治',3,'08','908',120.528,22.6771,'Changzhi',NULL),(713326,'麟洛乡',713300,'麟洛',3,'08','909',120.527,22.6506,'Linluo',NULL),(713327,'九如乡',713300,'九如',3,'08','904',120.49,22.7398,'Jiuru',NULL),(713328,'里港乡',713300,'里港',3,'08','905',120.494,22.7792,'Ligang',NULL),(713329,'盐埔乡',713300,'盐埔',3,'08','907',120.573,22.7548,'Yanpu',NULL),(713330,'高树乡',713300,'高树',3,'08','906',120.6,22.8268,'Gaoshu',NULL),(713331,'万峦乡',713300,'万峦',3,'08','923',120.566,22.572,'Wanluan',NULL),(713332,'内埔乡',713300,'内埔',3,'08','912',120.567,22.612,'Napu',NULL),(713333,'竹田乡',713300,'竹田',3,'08','911',120.544,22.5847,'Zhutian',NULL),(713334,'新埤乡',713300,'新埤',3,'08','925',120.55,22.47,'Xinpi',NULL),(713335,'枋寮乡',713300,'枋寮',3,'08','940',120.593,22.3656,'Fangliao',NULL),(713336,'新园乡',713300,'新园',3,'08','932',120.462,22.544,'Xinyuan',NULL),(713337,'崁顶乡',713300,'崁顶',3,'08','924',120.515,22.5148,'Kanding',NULL),(713338,'林边乡',713300,'林边',3,'08','927',120.515,22.434,'Linbian',NULL),(713339,'南州乡',713300,'南州',3,'08','926',120.51,22.4902,'Nanzhou',NULL),(713340,'佳冬乡',713300,'佳冬',3,'08','931',120.552,22.4177,'Jiadong',NULL),(713341,'琉球乡',713300,'琉球',3,'08','929',120.369,22.3424,'Liuqiu',NULL),(713342,'车城乡',713300,'车城',3,'08','944',120.711,22.0721,'Checheng',NULL),(713343,'满州乡',713300,'满州',3,'08','947',120.839,22.0209,'Manzhou',NULL),(713344,'枋山乡',713300,'枋山',3,'08','941',120.656,22.2603,'Fangshan',NULL),(713345,'三地门乡',713300,'三地门',3,'08','901',120.654,22.7139,'Sandimen',NULL),(713346,'雾台乡',713300,'雾台',3,'08','902',120.732,22.7449,'Wutai',NULL),(713347,'玛家乡',713300,'玛家',3,'08','903',120.644,22.7067,'Majia',NULL),(713348,'泰武乡',713300,'泰武',3,'08','921',120.633,22.5918,'Taiwu',NULL),(713349,'来义乡',713300,'来义',3,'08','922',120.634,22.5259,'Laiyi',NULL),(713350,'春日乡',713300,'春日',3,'08','942',120.629,22.3707,'Chunri',NULL),(713351,'狮子乡',713300,'狮子',3,'08','943',120.705,22.2019,'Shizi',NULL),(713352,'牡丹乡',713300,'牡丹',3,'08','945',120.77,22.1257,'Mudan',NULL),(713400,'台东县',710000,'台东',2,'089','9',120.916,23,'Taitung',NULL),(713401,'台东市',713400,'台东',3,'089','950',121.146,22.756,'Taidong',NULL),(713421,'成功镇',713400,'成功',3,'089','961',121.38,23.1002,'Chenggong',NULL),(713422,'关山镇',713400,'关山',3,'089','956',121.163,23.0474,'Guanshan',NULL),(713423,'卑南乡',713400,'卑南',3,'089','954',121.084,22.786,'Beinan',NULL),(713424,'鹿野乡',713400,'鹿野',3,'089','955',121.136,22.914,'Luye',NULL),(713425,'池上乡',713400,'池上',3,'089','958',121.215,23.1224,'Chishang',NULL),(713426,'东河乡',713400,'东河',3,'089','959',121.3,22.9699,'Donghe',NULL),(713427,'长滨乡',713400,'长滨',3,'089','962',121.452,23.315,'Changbin',NULL),(713428,'太麻里乡',713400,'太麻里',3,'089','963',121.007,22.6154,'Taimali',NULL),(713429,'大武乡',713400,'大武',3,'089','965',120.89,22.3399,'Dawu',NULL),(713430,'绿岛乡',713400,'绿岛',3,'089','951',121.493,22.6617,'Lvdao',NULL),(713431,'海端乡',713400,'海端',3,'089','957',121.172,23.1011,'Haiduan',NULL),(713432,'延平乡',713400,'延平',3,'089','953',121.084,22.9024,'Yanping',NULL),(713433,'金峰乡',713400,'金峰',3,'089','964',120.971,22.5955,'Jinfeng',NULL),(713434,'达仁乡',713400,'达仁',3,'089','966',120.884,22.2949,'Daren',NULL),(713435,'兰屿乡',713400,'兰屿',3,'089','952',121.532,22.0567,'Lanyu',NULL),(713500,'花莲县',710000,'花莲',2,'03','9',121.3,23.83,'Hualien',NULL),(713501,'花莲市',713500,'花莲',3,'03','970',121.607,23.9821,'Hualian',NULL),(713521,'凤林镇',713500,'凤林',3,'03','975',121.452,23.7446,'Fenglin',NULL),(713522,'玉里镇',713500,'玉里',3,'03','981',121.316,23.3365,'Yuli',NULL),(713523,'新城乡',713500,'新城',3,'03','971',121.641,24.1281,'Xincheng',NULL),(713524,'吉安乡',713500,'吉安',3,'03','973',121.568,23.9616,'Ji\'an',NULL),(713525,'寿丰乡',713500,'寿丰',3,'03','974',121.509,23.8707,'Shoufeng',NULL),(713526,'光复乡',713500,'光复',3,'03','976',121.423,23.6691,'Guangfu',NULL),(713527,'丰滨乡',713500,'丰滨',3,'03','977',121.519,23.5971,'Fengbin',NULL),(713528,'瑞穗乡',713500,'瑞穗',3,'03','978',121.376,23.4968,'Ruisui',NULL),(713529,'富里乡',713500,'富里',3,'03','983',121.25,23.18,'Fuli',NULL),(713530,'秀林乡',713500,'秀林',3,'03','972',121.62,24.1166,'Xiulin',NULL),(713531,'万荣乡',713500,'万荣',3,'03','979',121.407,23.7153,'Wanrong',NULL),(713532,'卓溪乡',713500,'卓溪',3,'03','982',121.303,23.3464,'Zhuoxi',NULL),(713600,'澎湖县',710000,'澎湖',2,'06','8',119.566,23.5697,'Penghu',NULL),(713601,'马公市',713600,'马公',3,'06','880',119.566,23.5658,'Magong',NULL),(713621,'湖西乡',713600,'湖西',3,'06','885',119.66,23.5834,'Huxi',NULL),(713622,'白沙乡',713600,'白沙',3,'06','884',119.598,23.6661,'Baisha',NULL),(713623,'西屿乡',713600,'西屿',3,'06','881',119.507,23.6008,'Xiyu',NULL),(713624,'望安乡',713600,'望安',3,'06','882',119.501,23.3575,'Wang\'an',NULL),(713625,'七美乡',713600,'七美',3,'06','883',119.424,23.206,'Qimei',NULL),(713700,'金门县',710000,'金门',2,'082','8',118.317,24.4327,'Jinmen',NULL),(713701,'金城镇',713700,'金城',3,'082','893',118.317,24.4167,'Jincheng',NULL),(713702,'金湖镇',713700,'金湖',3,'082','891',118.42,24.4386,'Jinhu',NULL),(713703,'金沙镇',713700,'金沙',3,'082','890',118.428,24.4811,'Jinsha',NULL),(713704,'金宁乡',713700,'金宁',3,'082','892',118.335,24.4567,'Jinning',NULL),(713705,'烈屿乡',713700,'烈屿',3,'082','894',118.247,24.4331,'Lieyu',NULL),(713706,'乌丘乡',713700,'乌丘',3,'082','896',118.32,24.435,'Wuqiu',NULL),(713800,'连江县',710000,'连江',2,'0836','2',119.54,26.1974,'Lienchiang',NULL),(713801,'南竿乡',713800,'南竿',3,'0836','209',119.944,26.144,'Nangan',NULL),(713802,'北竿乡',713800,'北竿',3,'0836','210',120.001,26.222,'Beigan',NULL),(713803,'莒光乡',713800,'莒光',3,'0836','211',119.94,25.9763,'Juguang',NULL),(713804,'东引乡',713800,'东引',3,'0836','212',120.494,26.3662,'Dongyin',NULL),(810000,'香港特别行政区',100000,'香港',1,'','',114.173,22.32,'Hong Kong',NULL),(810100,'香港岛',810000,'香港岛',2,'00852','999077',114.177,22.2664,'Hong Kong Island',NULL),(810101,'中西区',810100,'中西区',3,'00852','999077',114.154,22.282,'Central and Western District',NULL),(810102,'湾仔区',810100,'湾仔区',3,'00852','999077',114.183,22.2764,'Wan Chai District',NULL),(810103,'东区',810100,'东区',3,'00852','999077',114.256,22.2628,'Eastern District',NULL),(810104,'南区',810100,'南区',3,'00852','999077',114.174,22.2468,'Southern District',NULL),(810200,'九龙',810000,'九龙',2,'00852','999077',114.175,22.3271,'Kowloon',NULL),(810201,'油尖旺区',810200,'油尖旺',3,'00852','999077',114.173,22.3117,'Yau Tsim Mong',NULL),(810202,'深水埗区',810200,'深水埗',3,'00852','999077',114.167,22.3282,'Sham Shui Po',NULL),(810203,'九龙城区',810200,'九龙城',3,'00852','999077',114.195,22.3267,'Jiulongcheng',NULL),(810204,'黄大仙区',810200,'黄大仙',3,'00852','999077',114.199,22.3363,'Wong Tai Sin',NULL),(810205,'观塘区',810200,'观塘',3,'00852','999077',114.231,22.3094,'Kwun Tong',NULL),(810300,'新界',810000,'新界',2,'00852','999077',114.202,22.3418,'New Territories',NULL),(810301,'荃湾区',810300,'荃湾',3,'00852','999077',114.123,22.371,'Tsuen Wan',NULL),(810302,'屯门区',810300,'屯门',3,'00852','999077',113.977,22.391,'Tuen Mun',NULL),(810303,'元朗区',810300,'元朗',3,'00852','999077',114.04,22.4433,'Yuen Long',NULL),(810304,'北区',810300,'北区',3,'00852','999077',114.149,22.4941,'North District',NULL),(810305,'大埔区',810300,'大埔',3,'00852','999077',114.172,22.4457,'Tai Po',NULL),(810306,'西贡区',810300,'西贡',3,'00852','999077',114.279,22.3794,'Sai Kung',NULL),(810307,'沙田区',810300,'沙田',3,'00852','999077',114.192,22.3793,'Sha Tin',NULL),(810308,'葵青区',810300,'葵青',3,'00852','999077',114.139,22.3639,'Kwai Tsing',NULL),(810309,'离岛区',810300,'离岛',3,'00852','999077',113.946,22.2815,'Outlying Islands',NULL),(820000,'澳门特别行政区',100000,'澳门',1,'','',113.549,22.199,'Macau',NULL),(820100,'澳门半岛',820000,'澳门半岛',2,'00853','999078',113.549,22.1988,'MacauPeninsula',NULL),(820101,'花地玛堂区',820100,'花地玛堂区',3,'00853','999078',113.552,22.2081,'Nossa Senhora de Fatima',NULL),(820102,'圣安多尼堂区',820100,'圣安多尼堂区',3,'00853','999078',113.564,22.1238,'Santo Antonio',NULL),(820103,'大堂区',820100,'大堂',3,'00853','999078',113.553,22.1884,'Sé',NULL),(820104,'望德堂区',820100,'望德堂区',3,'00853','999078',113.551,22.1941,'Sao Lazaro',NULL),(820105,'风顺堂区',820100,'风顺堂区',3,'00853','999078',113.542,22.1874,'Sao Lourenco',NULL),(820200,'氹仔岛',820000,'氹仔岛',2,'00853','999078',113.578,22.1568,'Taipa',NULL),(820201,'嘉模堂区',820200,'嘉模堂区',3,'00853','999078',113.565,22.149,'Our Lady Of Carmel\'s Parish',NULL),(820300,'路环岛',820000,'路环岛',2,'00853','999078',113.565,22.1162,'Coloane',NULL),(820301,'圣方济各堂区',820300,'圣方济各堂区',3,'00853','999078',113.56,22.1235,'St Francis Xavier\'s Parish',NULL),(900000,'钓鱼岛',100000,'钓鱼岛',1,'','',123.478,25.7424,'DiaoyuDao',NULL);
/*!40000 ALTER TABLE `sys_area` ENABLE KEYS */;
UNLOCK TABLES;

--
-- Table structure for table `sys_config`
--

DROP TABLE IF EXISTS `sys_config`;
/*!40101 SET @saved_cs_client     = @@character_set_client */;
/*!50503 SET character_set_client = utf8mb4 */;
CREATE TABLE `sys_config` (
  `config_id` int(5) NOT NULL AUTO_INCREMENT COMMENT '参数主键',
  `config_name` varchar(100) COLLATE utf8mb4_unicode_ci DEFAULT '' COMMENT '参数名称',
  `config_key` varchar(100) COLLATE utf8mb4_unicode_ci DEFAULT '' COMMENT '参数键名',
  `config_value` varchar(500) COLLATE utf8mb4_unicode_ci DEFAULT '' COMMENT '参数键值',
  `config_type` char(1) COLLATE utf8mb4_unicode_ci DEFAULT 'N' COMMENT '系统内置（Y是 N否）',
  `create_by` varchar(64) COLLATE utf8mb4_unicode_ci DEFAULT '' COMMENT '创建者',
  `create_time` datetime DEFAULT NULL COMMENT '创建时间',
  `update_by` varchar(64) COLLATE utf8mb4_unicode_ci DEFAULT '' COMMENT '更新者',
  `update_time` datetime DEFAULT NULL COMMENT '更新时间',
  `remark` varchar(500) COLLATE utf8mb4_unicode_ci DEFAULT NULL COMMENT '备注',
  PRIMARY KEY (`config_id`)
) ENGINE=InnoDB AUTO_INCREMENT=7 DEFAULT CHARSET=utf8mb4 COLLATE=utf8mb4_unicode_ci COMMENT='参数配置表';
/*!40101 SET character_set_client = @saved_cs_client */;

--
-- Dumping data for table `sys_config`
--

LOCK TABLES `sys_config` WRITE;
/*!40000 ALTER TABLE `sys_config` DISABLE KEYS */;
INSERT INTO `sys_config` (`config_id`, `config_name`, `config_key`, `config_value`, `config_type`, `create_by`, `create_time`, `update_by`, `update_time`, `remark`) VALUES (1,'主框架页-默认皮肤样式名称','sys.index.skinName','skin-blue','Y','admin','2024-04-14 20:13:00','',NULL,'蓝色 skin-blue、绿色 skin-green、紫色 skin-purple、红色 skin-red、黄色 skin-yellow'),(2,'用户管理-账号初始密码','sys.user.initPassword','123456','Y','admin','2024-04-14 20:13:01','',NULL,'初始化密码 123456'),(3,'主框架页-侧边栏主题','sys.index.sideTheme','theme-dark','Y','admin','2024-04-14 20:13:02','',NULL,'深色主题theme-dark，浅色主题theme-light'),(4,'账号自助-验证码开关','sys.account.captchaEnabled','true','Y','admin','2024-04-14 20:13:03','',NULL,'是否开启验证码功能（true开启，false关闭）'),(5,'账号自助-是否开启用户注册功能','sys.account.registerUser','false','Y','admin','2024-04-14 20:13:05','',NULL,'是否开启注册用户功能（true开启，false关闭）'),(6,'用户登录-黑名单列表','sys.login.blackIPList','','Y','admin','2024-04-14 20:13:08','',NULL,'设置登录IP黑名单限制，多个匹配项以;分隔，支持匹配（*通配、网段）');
/*!40000 ALTER TABLE `sys_config` ENABLE KEYS */;
UNLOCK TABLES;

--
-- Table structure for table `sys_dept`
--

DROP TABLE IF EXISTS `sys_dept`;
/*!40101 SET @saved_cs_client     = @@character_set_client */;
/*!50503 SET character_set_client = utf8mb4 */;
CREATE TABLE `sys_dept` (
  `dept_id` bigint(20) NOT NULL AUTO_INCREMENT COMMENT '部门id',
  `parent_id` bigint(20) DEFAULT '0' COMMENT '父部门id',
  `ancestors` varchar(50) COLLATE utf8mb4_unicode_ci DEFAULT '' COMMENT '祖级列表',
  `dept_name` varchar(30) COLLATE utf8mb4_unicode_ci DEFAULT '' COMMENT '部门名称',
  `order_num` int(4) DEFAULT '0' COMMENT '显示顺序',
  `leader` varchar(20) COLLATE utf8mb4_unicode_ci DEFAULT NULL COMMENT '负责人',
  `phone` varchar(11) COLLATE utf8mb4_unicode_ci DEFAULT NULL COMMENT '联系电话',
  `email` varchar(50) COLLATE utf8mb4_unicode_ci DEFAULT NULL COMMENT '邮箱',
  `status` char(1) COLLATE utf8mb4_unicode_ci DEFAULT '0' COMMENT '部门状态（0正常 1停用）',
  `del_flag` char(1) COLLATE utf8mb4_unicode_ci DEFAULT '0' COMMENT '删除标志（0代表存在 2代表删除）',
  `create_by` varchar(64) COLLATE utf8mb4_unicode_ci DEFAULT '' COMMENT '创建者',
  `create_time` datetime DEFAULT NULL COMMENT '创建时间',
  `update_by` varchar(64) COLLATE utf8mb4_unicode_ci DEFAULT '' COMMENT '更新者',
  `update_time` datetime DEFAULT NULL COMMENT '更新时间',
  PRIMARY KEY (`dept_id`)
) ENGINE=InnoDB AUTO_INCREMENT=110 DEFAULT CHARSET=utf8mb4 COLLATE=utf8mb4_unicode_ci COMMENT='部门表';
/*!40101 SET character_set_client = @saved_cs_client */;

--
-- Dumping data for table `sys_dept`
--

LOCK TABLES `sys_dept` WRITE;
/*!40000 ALTER TABLE `sys_dept` DISABLE KEYS */;
INSERT INTO `sys_dept` (`dept_id`, `parent_id`, `ancestors`, `dept_name`, `order_num`, `leader`, `phone`, `email`, `status`, `del_flag`, `create_by`, `create_time`, `update_by`, `update_time`) VALUES (100,0,'0','若依科技',0,'若依','15888888888','ry@qq.com','0','0','admin','2024-04-14 20:09:26','',NULL),(101,100,'0,100','深圳总公司',1,'若依','15888888888','ry@qq.com','0','0','admin','2024-04-14 20:09:27','',NULL),(102,100,'0,100','长沙分公司',2,'若依','15888888888','ry@qq.com','0','0','admin','2024-04-14 20:09:28','',NULL),(103,101,'0,100,101','研发部门',1,'若依','15888888888','ry@qq.com','0','0','admin','2024-04-14 20:09:28','',NULL),(104,101,'0,100,101','市场部门',2,'若依','15888888888','ry@qq.com','0','0','admin','2024-04-14 20:09:29','',NULL),(105,101,'0,100,101','测试部门',3,'若依','15888888888','ry@qq.com','0','0','admin','2024-04-14 20:09:30','',NULL),(106,101,'0,100,101','财务部门',4,'若依','15888888888','ry@qq.com','0','0','admin','2024-04-14 20:09:31','',NULL),(107,101,'0,100,101','运维部门',5,'若依','15888888888','ry@qq.com','0','0','admin','2024-04-14 20:09:31','',NULL),(108,102,'0,100,102','市场部门',1,'若依','15888888888','ry@qq.com','0','0','admin','2024-04-14 20:09:32','',NULL),(109,102,'0,100,102','财务部门',2,'若依','15888888888','ry@qq.com','0','0','admin','2024-04-14 20:09:33','',NULL);
/*!40000 ALTER TABLE `sys_dept` ENABLE KEYS */;
UNLOCK TABLES;

--
-- Table structure for table `sys_dict_data`
--

DROP TABLE IF EXISTS `sys_dict_data`;
/*!40101 SET @saved_cs_client     = @@character_set_client */;
/*!50503 SET character_set_client = utf8mb4 */;
CREATE TABLE `sys_dict_data` (
  `dict_code` bigint(20) NOT NULL AUTO_INCREMENT COMMENT '字典编码',
  `dict_sort` int(4) DEFAULT '0' COMMENT '字典排序',
  `dict_label` varchar(100) COLLATE utf8mb4_unicode_ci DEFAULT '' COMMENT '字典标签',
  `dict_value` varchar(100) COLLATE utf8mb4_unicode_ci DEFAULT '' COMMENT '字典键值',
  `dict_type` varchar(100) COLLATE utf8mb4_unicode_ci DEFAULT '' COMMENT '字典类型',
  `css_class` varchar(100) COLLATE utf8mb4_unicode_ci DEFAULT NULL COMMENT '样式属性（其他样式扩展）',
  `list_class` varchar(100) COLLATE utf8mb4_unicode_ci DEFAULT NULL COMMENT '表格回显样式',
  `is_default` char(1) COLLATE utf8mb4_unicode_ci DEFAULT 'N' COMMENT '是否默认（Y是 N否）',
  `status` char(1) COLLATE utf8mb4_unicode_ci DEFAULT '0' COMMENT '状态（0正常 1停用）',
  `create_by` varchar(64) COLLATE utf8mb4_unicode_ci DEFAULT '' COMMENT '创建者',
  `create_time` datetime DEFAULT NULL COMMENT '创建时间',
  `update_by` varchar(64) COLLATE utf8mb4_unicode_ci DEFAULT '' COMMENT '更新者',
  `update_time` datetime DEFAULT NULL COMMENT '更新时间',
  `remark` varchar(500) COLLATE utf8mb4_unicode_ci DEFAULT NULL COMMENT '备注',
  PRIMARY KEY (`dict_code`)
) ENGINE=InnoDB AUTO_INCREMENT=184 DEFAULT CHARSET=utf8mb4 COLLATE=utf8mb4_unicode_ci COMMENT='字典数据表';
/*!40101 SET character_set_client = @saved_cs_client */;

--
-- Dumping data for table `sys_dict_data`
--

LOCK TABLES `sys_dict_data` WRITE;
/*!40000 ALTER TABLE `sys_dict_data` DISABLE KEYS */;
INSERT INTO `sys_dict_data` (`dict_code`, `dict_sort`, `dict_label`, `dict_value`, `dict_type`, `css_class`, `list_class`, `is_default`, `status`, `create_by`, `create_time`, `update_by`, `update_time`, `remark`) VALUES (1,1,'男','0','sys_user_sex','','','Y','0','admin','2024-04-14 20:12:34','',NULL,'性别男'),(2,2,'女','1','sys_user_sex','','','N','0','admin','2024-04-14 20:12:35','',NULL,'性别女'),(3,3,'未知','2','sys_user_sex','','','N','0','admin','2024-04-14 20:12:36','',NULL,'性别未知'),(4,1,'显示','0','sys_show_hide','','primary','Y','0','admin','2024-04-14 20:12:37','',NULL,'显示菜单'),(5,2,'隐藏','1','sys_show_hide','','danger','N','0','admin','2024-04-14 20:12:37','',NULL,'隐藏菜单'),(6,1,'正常','0','sys_normal_disable','','primary','Y','0','admin','2024-04-14 20:12:39','',NULL,'正常状态'),(7,2,'停用','1','sys_normal_disable','','danger','N','0','admin','2024-04-14 20:12:40','',NULL,'停用状态'),(8,1,'正常','0','sys_job_status','','primary','Y','0','admin','2024-04-14 20:12:41','',NULL,'正常状态'),(9,2,'暂停','1','sys_job_status','','danger','N','0','admin','2024-04-14 20:12:42','',NULL,'停用状态'),(10,1,'默认','DEFAULT','sys_job_group','','','Y','0','admin','2024-04-14 20:12:42','',NULL,'默认分组'),(11,2,'系统','SYSTEM','sys_job_group','','','N','0','admin','2024-04-14 20:12:43','',NULL,'系统分组'),(12,1,'是','Y','sys_yes_no','','primary','Y','0','admin','2024-04-14 20:12:44','',NULL,'系统默认是'),(13,2,'否','N','sys_yes_no','','danger','N','0','admin','2024-04-14 20:12:45','',NULL,'系统默认否'),(14,1,'通知','1','sys_notice_type','','warning','Y','0','admin','2024-04-14 20:12:46','',NULL,'通知'),(15,2,'公告','2','sys_notice_type','','success','N','0','admin','2024-04-14 20:12:47','',NULL,'公告'),(16,1,'正常','0','sys_notice_status','','primary','Y','0','admin','2024-04-14 20:12:48','',NULL,'正常状态'),(17,2,'关闭','1','sys_notice_status','','danger','N','0','admin','2024-04-14 20:12:48','',NULL,'关闭状态'),(18,99,'其他','0','sys_oper_type','','info','N','0','admin','2024-04-14 20:12:49','',NULL,'其他操作'),(19,1,'新增','1','sys_oper_type','','info','N','0','admin','2024-04-14 20:12:50','',NULL,'新增操作'),(20,2,'修改','2','sys_oper_type','','info','N','0','admin','2024-04-14 20:12:51','',NULL,'修改操作'),(21,3,'删除','3','sys_oper_type','','danger','N','0','admin','2024-04-14 20:12:51','',NULL,'删除操作'),(22,4,'授权','4','sys_oper_type','','primary','N','0','admin','2024-04-14 20:12:52','',NULL,'授权操作'),(23,5,'导出','5','sys_oper_type','','warning','N','0','admin','2024-04-14 20:12:53','',NULL,'导出操作'),(24,6,'导入','6','sys_oper_type','','warning','N','0','admin','2024-04-14 20:12:54','',NULL,'导入操作'),(25,7,'强退','7','sys_oper_type','','danger','N','0','admin','2024-04-14 20:12:55','',NULL,'强退操作'),(26,8,'生成代码','8','sys_oper_type','','warning','N','0','admin','2024-04-14 20:12:55','',NULL,'生成操作'),(27,9,'清空数据','9','sys_oper_type','','danger','N','0','admin','2024-04-14 20:12:56','',NULL,'清空操作'),(28,1,'成功','0','sys_common_status','','primary','N','0','admin','2024-04-14 20:12:57','',NULL,'正常状态'),(29,2,'失败','1','sys_common_status','','danger','N','0','admin','2024-04-14 20:12:58','',NULL,'停用状态'),(100,1,'企业客户','1','customer_nature','','default','N','0','admin','2024-05-01 19:02:26','admin','2024-05-01 19:03:34',NULL),(101,2,'个人客户','2','customer_nature',NULL,'default','N','0','admin','2024-05-01 19:03:28','',NULL,NULL),(102,3,'政府单位','3','customer_nature',NULL,'default','N','0','admin','2024-05-01 19:03:56','',NULL,NULL),(103,4,'事业单位','4','customer_nature',NULL,'default','N','0','admin','2024-05-01 19:04:13','',NULL,NULL),(104,1,'电话咨询','1','customer_source',NULL,'default','N','0','admin','2024-05-01 19:22:17','',NULL,NULL),(105,2,'自主开拓','2','customer_source',NULL,'default','N','0','admin','2024-05-01 19:22:26','',NULL,NULL),(106,3,'公司资源','3','customer_source',NULL,'default','N','0','admin','2024-05-01 19:22:34','',NULL,NULL),(107,4,'网络推广','4','customer_source',NULL,'default','N','0','admin','2024-05-01 19:22:44','',NULL,NULL),(108,5,'渠道代理','5','customer_source',NULL,'default','N','0','admin','2024-05-01 19:22:54','',NULL,NULL),(109,6,'其他方式','6','customer_source',NULL,'default','N','0','admin','2024-05-01 19:23:03','',NULL,NULL),(110,1,'金融','1','customer_industry',NULL,'default','N','0','admin','2024-05-01 19:24:29','',NULL,NULL),(111,2,'电信','2','customer_industry',NULL,'default','N','0','admin','2024-05-01 19:24:51','',NULL,NULL),(112,3,'教育','3','customer_industry',NULL,'default','N','0','admin','2024-05-01 19:24:59','',NULL,NULL),(113,4,'高科技','4','customer_industry',NULL,'default','N','0','admin','2024-05-01 19:25:09','',NULL,NULL),(114,5,'政府','5','customer_industry',NULL,'default','N','0','admin','2024-05-01 19:25:18','',NULL,NULL),(115,6,'制造业','6','customer_industry',NULL,'default','N','0','admin','2024-05-01 19:25:27','',NULL,NULL),(116,7,'服务业','7','customer_industry',NULL,'default','N','0','admin','2024-05-01 19:25:35','',NULL,NULL),(117,8,'能源','8','customer_industry',NULL,'default','N','0','admin','2024-05-01 19:25:48','',NULL,NULL),(118,9,'零售','9','customer_industry',NULL,'default','N','0','admin','2024-05-01 19:25:57','',NULL,NULL),(119,10,'媒体','10','customer_industry',NULL,'default','N','0','admin','2024-05-01 19:26:06','',NULL,NULL),(120,11,'娱乐','11','customer_industry',NULL,'default','N','0','admin','2024-05-01 19:26:15','',NULL,NULL),(121,12,'咨询','12','customer_industry',NULL,'default','N','0','admin','2024-05-01 19:26:25','',NULL,NULL),(122,13,'非盈利事业','13','customer_industry',NULL,'default','N','0','admin','2024-05-01 19:26:33','',NULL,NULL),(123,14,'公用事业','14','customer_industry',NULL,'default','N','0','admin','2024-05-01 19:26:42','',NULL,NULL),(124,15,'其他','15','customer_industry',NULL,'default','N','0','admin','2024-05-01 19:26:51','',NULL,NULL),(125,1,'大型','1','customer_grade',NULL,'default','N','0','admin','2024-05-01 19:28:24','',NULL,NULL),(126,2,'中型','2','customer_grade',NULL,'default','N','0','admin','2024-05-01 19:28:32','',NULL,NULL),(127,3,'小型','3','customer_grade',NULL,'default','N','0','admin','2024-05-01 19:28:40','',NULL,NULL),(128,4,'微型','4','customer_grade',NULL,'default','N','0','admin','2024-05-01 19:28:48','',NULL,NULL),(129,1,'初步接洽','1','customer_stage',NULL,'default','N','0','admin','2024-05-01 19:29:04','',NULL,NULL),(130,2,'确认需求','2','customer_stage',NULL,'default','N','0','admin','2024-05-01 19:29:11','',NULL,NULL),(131,3,'解决方案','3','customer_stage',NULL,'default','N','0','admin','2024-05-01 19:29:19','',NULL,NULL),(132,4,'商务谈判','4','customer_stage',NULL,'default','N','0','admin','2024-05-01 19:29:27','',NULL,NULL),(133,5,'成交','5','customer_stage',NULL,'default','N','0','admin','2024-05-01 19:29:35','',NULL,NULL),(134,6,'流失','6','customer_stage',NULL,'default','N','0','admin','2024-05-01 19:29:43','',NULL,NULL),(135,1,'最终客户','1','customer_type',NULL,'default','N','0','admin','2024-05-01 19:30:19','',NULL,NULL),(136,2,'渠道客户','2','customer_type',NULL,'default','N','0','admin','2024-05-01 19:30:25','',NULL,NULL),(137,3,'竞争对手','3','customer_type',NULL,'default','N','0','admin','2024-05-01 19:30:33','',NULL,NULL),(138,1,'外出拜访','1','record_category',NULL,'default','N','0','admin','2024-05-06 20:47:41','',NULL,NULL),(139,2,'客户面谈','2','record_category',NULL,'default','N','0','admin','2024-05-06 20:47:52','',NULL,NULL),(140,3,'客户来电','3','record_category',NULL,'default','N','0','admin','2024-05-06 20:48:04','',NULL,NULL),(141,4,'客户来访','4','record_category',NULL,'default','N','0','admin','2024-05-06 20:48:13','',NULL,NULL),(142,5,'在线交流','5','record_category',NULL,'default','N','0','admin','2024-05-06 20:48:21','',NULL,NULL),(143,6,'发送资料','6','record_category',NULL,'default','N','0','admin','2024-05-06 20:48:21','',NULL,NULL),(144,7,'售后回访','7','record_category',NULL,'default','N','0','admin','2024-05-06 20:48:21','',NULL,NULL),(145,8,'方案整理','8','record_category',NULL,'default','N','0','admin','2024-05-06 20:48:21','',NULL,NULL),(155,9,'其他方面','9','record_category',NULL,'default','N','0','admin','2024-05-06 20:48:21','',NULL,NULL),(156,1,'上架','1','product_status',NULL,'default','N','0','admin','2024-05-11 20:48:11','',NULL,NULL),(157,2,'下架','0','product_status',NULL,'default','N','0','admin','2024-05-11 20:48:23','',NULL,NULL),(158,3,'删除','3','product_status',NULL,'default','N','0','admin','2024-05-11 20:48:37','',NULL,NULL),(159,1,'初步沟通','1','business_status_id',NULL,'default','N','0','admin','2024-05-14 21:00:05','',NULL,NULL),(160,2,'需求确定','2','business_status_id',NULL,'default','N','0','admin','2024-05-14 21:00:16','',NULL,NULL),(161,3,'方案报价','3','business_status_id',NULL,'default','N','0','admin','2024-05-14 21:00:25','',NULL,NULL),(162,4,'谈判协商','4','business_status_id',NULL,'default','N','0','admin','2024-05-14 21:00:35','',NULL,NULL),(163,1,'独立开发','1','bussiness_source',NULL,'default','N','0','admin','2024-05-14 21:01:55','',NULL,NULL),(164,2,'来电咨询','2','bussiness_source',NULL,'default','N','0','admin','2024-05-14 21:02:04','',NULL,NULL),(165,3,'广告宣传','3','bussiness_source',NULL,'default','N','0','admin','2024-05-14 21:02:11','',NULL,NULL),(166,4,'搜索引擎','4','bussiness_source',NULL,'default','N','0','admin','2024-05-14 21:02:21','',NULL,NULL),(167,5,'客户介绍','5','bussiness_source',NULL,'default','N','0','admin','2024-05-14 21:02:32','',NULL,NULL),(168,6,'展会','6','bussiness_source',NULL,'default','N','0','admin','2024-05-14 21:02:40','',NULL,NULL),(169,7,'招标公告','7','bussiness_source',NULL,'default','N','0','admin','2024-05-14 21:02:47','',NULL,NULL),(170,8,'其他','8','bussiness_source',NULL,'default','N','0','admin','2024-05-14 21:02:55','',NULL,NULL),(171,1,'新合同','1','contract_type',NULL,'default','N','0','admin','2024-05-30 19:59:25','admin','2024-05-30 19:59:44',NULL),(172,2,'续约合同','2','contract_type',NULL,'default','N','0','admin','2024-05-30 19:59:33','admin','2024-05-30 19:59:41',NULL),(173,1,'支付宝','1','receivables_plan_returntype',NULL,'default','N','0','admin','2024-06-04 15:32:56','',NULL,NULL),(174,2,'微信','2','receivables_plan_returntype',NULL,'default','N','0','admin','2024-06-04 15:33:07','',NULL,NULL),(175,3,'银行卡转账','3','receivables_plan_returntype',NULL,'default','N','0','admin','2024-06-04 15:33:38','',NULL,NULL),(176,4,'对公转账','4','receivables_plan_returntype',NULL,'default','N','0','admin','2024-06-04 15:33:49','',NULL,NULL),(177,5,'支票','5','receivables_plan_returntype',NULL,'default','N','0','admin','2024-06-04 15:33:58','',NULL,NULL),(178,6,'现金','6','receivables_plan_returntype',NULL,'default','N','0','admin','2024-06-04 15:34:07','',NULL,NULL),(179,7,'其他','7','receivables_plan_returntype',NULL,'default','N','0','admin','2024-06-04 15:34:15','',NULL,NULL),(180,1,'提前一天','1','receivables_plan_remind',NULL,'default','N','0','admin','2024-06-05 21:25:49','',NULL,NULL),(181,2,'提前两天','2','receivables_plan_remind',NULL,'default','N','0','admin','2024-06-05 21:26:01','admin','2024-06-05 21:26:11',NULL),(182,3,'提前五天','3','receivables_plan_remind',NULL,'default','N','0','admin','2024-06-05 21:26:24','',NULL,NULL),(183,4,'提前七天','4','receivables_plan_remind',NULL,'default','N','0','admin','2024-06-05 21:26:36','',NULL,NULL);
/*!40000 ALTER TABLE `sys_dict_data` ENABLE KEYS */;
UNLOCK TABLES;

--
-- Table structure for table `sys_dict_type`
--

DROP TABLE IF EXISTS `sys_dict_type`;
/*!40101 SET @saved_cs_client     = @@character_set_client */;
/*!50503 SET character_set_client = utf8mb4 */;
CREATE TABLE `sys_dict_type` (
  `dict_id` bigint(20) NOT NULL AUTO_INCREMENT COMMENT '字典主键',
  `dict_name` varchar(100) COLLATE utf8mb4_unicode_ci DEFAULT '' COMMENT '字典名称',
  `dict_type` varchar(100) COLLATE utf8mb4_unicode_ci DEFAULT '' COMMENT '字典类型',
  `status` char(1) COLLATE utf8mb4_unicode_ci DEFAULT '0' COMMENT '状态（0正常 1停用）',
  `create_by` varchar(64) COLLATE utf8mb4_unicode_ci DEFAULT '' COMMENT '创建者',
  `create_time` datetime DEFAULT NULL COMMENT '创建时间',
  `update_by` varchar(64) COLLATE utf8mb4_unicode_ci DEFAULT '' COMMENT '更新者',
  `update_time` datetime DEFAULT NULL COMMENT '更新时间',
  `remark` varchar(500) COLLATE utf8mb4_unicode_ci DEFAULT NULL COMMENT '备注',
  PRIMARY KEY (`dict_id`),
  UNIQUE KEY `dict_type` (`dict_type`)
) ENGINE=InnoDB AUTO_INCREMENT=113 DEFAULT CHARSET=utf8mb4 COLLATE=utf8mb4_unicode_ci COMMENT='字典类型表';
/*!40101 SET character_set_client = @saved_cs_client */;

--
-- Dumping data for table `sys_dict_type`
--

LOCK TABLES `sys_dict_type` WRITE;
/*!40000 ALTER TABLE `sys_dict_type` DISABLE KEYS */;
INSERT INTO `sys_dict_type` (`dict_id`, `dict_name`, `dict_type`, `status`, `create_by`, `create_time`, `update_by`, `update_time`, `remark`) VALUES (1,'用户性别','sys_user_sex','0','admin','2024-04-14 20:12:24','',NULL,'用户性别列表'),(2,'菜单状态','sys_show_hide','0','admin','2024-04-14 20:12:24','',NULL,'菜单状态列表'),(3,'系统开关','sys_normal_disable','0','admin','2024-04-14 20:12:25','',NULL,'系统开关列表'),(4,'任务状态','sys_job_status','0','admin','2024-04-14 20:12:26','',NULL,'任务状态列表'),(5,'任务分组','sys_job_group','0','admin','2024-04-14 20:12:27','',NULL,'任务分组列表'),(6,'系统是否','sys_yes_no','0','admin','2024-04-14 20:12:28','',NULL,'系统是否列表'),(7,'通知类型','sys_notice_type','0','admin','2024-04-14 20:12:29','',NULL,'通知类型列表'),(8,'通知状态','sys_notice_status','0','admin','2024-04-14 20:12:30','',NULL,'通知状态列表'),(9,'操作类型','sys_oper_type','0','admin','2024-04-14 20:12:31','',NULL,'操作类型列表'),(10,'系统状态','sys_common_status','0','admin','2024-04-14 20:12:31','',NULL,'登录状态列表'),(100,'客户性质','customer_nature','0','admin','2024-05-01 19:01:47','',NULL,NULL),(101,'客户来源','customer_source','0','admin','2024-05-01 19:22:01','',NULL,NULL),(102,'客户行业','customer_industry','0','admin','2024-05-01 19:24:15','',NULL,NULL),(103,'客户分级','customer_grade','0','admin','2024-05-01 19:27:36','',NULL,NULL),(104,'客户阶段','customer_stage','0','admin','2024-05-01 19:27:55','',NULL,NULL),(105,'客户类型','customer_type','0','admin','2024-05-01 19:30:08','',NULL,NULL),(106,'跟进类型','record_category','0','admin','2024-05-06 20:47:22','',NULL,NULL),(107,'产品状态','product_status','0','admin','2024-05-11 20:47:40','',NULL,NULL),(108,'商机阶段','business_status_id','0','admin','2024-05-14 20:59:03','admin','2024-05-14 20:59:15',NULL),(109,'商机来源','bussiness_source','0','admin','2024-05-14 21:01:43','',NULL,NULL),(110,'合同类型','contract_type','0','admin','2024-05-30 19:57:14','admin','2024-06-04 15:31:25',NULL),(111,'回款类型','receivables_plan_returntype','0','admin','2024-06-04 15:32:21','admin','2024-06-04 15:32:38',NULL),(112,'提前几天提醒','receivables_plan_remind','0','admin','2024-06-05 21:25:24','',NULL,NULL);
/*!40000 ALTER TABLE `sys_dict_type` ENABLE KEYS */;
UNLOCK TABLES;

--
-- Table structure for table `sys_job`
--

DROP TABLE IF EXISTS `sys_job`;
/*!40101 SET @saved_cs_client     = @@character_set_client */;
/*!50503 SET character_set_client = utf8mb4 */;
CREATE TABLE `sys_job` (
  `job_id` bigint(20) NOT NULL AUTO_INCREMENT COMMENT '任务ID',
  `job_name` varchar(64) COLLATE utf8mb4_unicode_ci NOT NULL DEFAULT '' COMMENT '任务名称',
  `job_group` varchar(64) COLLATE utf8mb4_unicode_ci NOT NULL DEFAULT 'DEFAULT' COMMENT '任务组名',
  `invoke_target` varchar(500) COLLATE utf8mb4_unicode_ci NOT NULL COMMENT '调用目标字符串',
  `cron_expression` varchar(255) COLLATE utf8mb4_unicode_ci DEFAULT '' COMMENT 'cron执行表达式',
  `misfire_policy` varchar(20) COLLATE utf8mb4_unicode_ci DEFAULT '3' COMMENT '计划执行错误策略（1立即执行 2执行一次 3放弃执行）',
  `concurrent` char(1) COLLATE utf8mb4_unicode_ci DEFAULT '1' COMMENT '是否并发执行（0允许 1禁止）',
  `status` char(1) COLLATE utf8mb4_unicode_ci DEFAULT '0' COMMENT '状态（0正常 1暂停）',
  `create_by` varchar(64) COLLATE utf8mb4_unicode_ci DEFAULT '' COMMENT '创建者',
  `create_time` datetime DEFAULT NULL COMMENT '创建时间',
  `update_by` varchar(64) COLLATE utf8mb4_unicode_ci DEFAULT '' COMMENT '更新者',
  `update_time` datetime DEFAULT NULL COMMENT '更新时间',
  `remark` varchar(500) COLLATE utf8mb4_unicode_ci DEFAULT '' COMMENT '备注信息',
  PRIMARY KEY (`job_id`,`job_name`,`job_group`)
) ENGINE=InnoDB AUTO_INCREMENT=4 DEFAULT CHARSET=utf8mb4 COLLATE=utf8mb4_unicode_ci COMMENT='定时任务调度表';
/*!40101 SET character_set_client = @saved_cs_client */;

--
-- Dumping data for table `sys_job`
--

LOCK TABLES `sys_job` WRITE;
/*!40000 ALTER TABLE `sys_job` DISABLE KEYS */;
INSERT INTO `sys_job` (`job_id`, `job_name`, `job_group`, `invoke_target`, `cron_expression`, `misfire_policy`, `concurrent`, `status`, `create_by`, `create_time`, `update_by`, `update_time`, `remark`) VALUES (1,'系统默认（无参）','DEFAULT','ryTask.ryNoParams','0/10 * * * * ?','3','1','1','admin','2024-04-14 20:13:15','',NULL,''),(2,'系统默认（有参）','DEFAULT','ryTask.ryParams(\'ry\')','0/15 * * * * ?','3','1','1','admin','2024-04-14 20:13:15','',NULL,''),(3,'系统默认（多参）','DEFAULT','ryTask.ryMultipleParams(\'ry\', true, 2000L, 316.50D, 100)','0/20 * * * * ?','3','1','1','admin','2024-04-14 20:13:16','',NULL,'');
/*!40000 ALTER TABLE `sys_job` ENABLE KEYS */;
UNLOCK TABLES;

--
-- Table structure for table `sys_job_log`
--

DROP TABLE IF EXISTS `sys_job_log`;
/*!40101 SET @saved_cs_client     = @@character_set_client */;
/*!50503 SET character_set_client = utf8mb4 */;
CREATE TABLE `sys_job_log` (
  `job_log_id` bigint(20) NOT NULL AUTO_INCREMENT COMMENT '任务日志ID',
  `job_name` varchar(64) COLLATE utf8mb4_unicode_ci NOT NULL COMMENT '任务名称',
  `job_group` varchar(64) COLLATE utf8mb4_unicode_ci NOT NULL COMMENT '任务组名',
  `invoke_target` varchar(500) COLLATE utf8mb4_unicode_ci NOT NULL COMMENT '调用目标字符串',
  `job_message` varchar(500) COLLATE utf8mb4_unicode_ci DEFAULT NULL COMMENT '日志信息',
  `status` char(1) COLLATE utf8mb4_unicode_ci DEFAULT '0' COMMENT '执行状态（0正常 1失败）',
  `exception_info` varchar(2000) COLLATE utf8mb4_unicode_ci DEFAULT '' COMMENT '异常信息',
  `create_time` datetime DEFAULT NULL COMMENT '创建时间',
  PRIMARY KEY (`job_log_id`)
) ENGINE=InnoDB DEFAULT CHARSET=utf8mb4 COLLATE=utf8mb4_unicode_ci COMMENT='定时任务调度日志表';
/*!40101 SET character_set_client = @saved_cs_client */;

--
-- Dumping data for table `sys_job_log`
--

LOCK TABLES `sys_job_log` WRITE;
/*!40000 ALTER TABLE `sys_job_log` DISABLE KEYS */;
/*!40000 ALTER TABLE `sys_job_log` ENABLE KEYS */;
UNLOCK TABLES;

--
-- Table structure for table `sys_logininfor`
--

DROP TABLE IF EXISTS `sys_logininfor`;
/*!40101 SET @saved_cs_client     = @@character_set_client */;
/*!50503 SET character_set_client = utf8mb4 */;
CREATE TABLE `sys_logininfor` (
  `info_id` bigint(20) NOT NULL AUTO_INCREMENT COMMENT '访问ID',
  `user_name` varchar(50) COLLATE utf8mb4_unicode_ci DEFAULT '' COMMENT '用户账号',
  `ipaddr` varchar(128) COLLATE utf8mb4_unicode_ci DEFAULT '' COMMENT '登录IP地址',
  `login_location` varchar(255) COLLATE utf8mb4_unicode_ci DEFAULT '' COMMENT '登录地点',
  `browser` varchar(50) COLLATE utf8mb4_unicode_ci DEFAULT '' COMMENT '浏览器类型',
  `os` varchar(50) COLLATE utf8mb4_unicode_ci DEFAULT '' COMMENT '操作系统',
  `status` char(1) COLLATE utf8mb4_unicode_ci DEFAULT '0' COMMENT '登录状态（0成功 1失败）',
  `msg` varchar(255) COLLATE utf8mb4_unicode_ci DEFAULT '' COMMENT '提示消息',
  `login_time` datetime DEFAULT NULL COMMENT '访问时间',
  PRIMARY KEY (`info_id`),
  KEY `idx_sys_logininfor_s` (`status`),
  KEY `idx_sys_logininfor_lt` (`login_time`)
) ENGINE=InnoDB AUTO_INCREMENT=535 DEFAULT CHARSET=utf8mb4 COLLATE=utf8mb4_unicode_ci COMMENT='系统访问记录';
/*!40101 SET character_set_client = @saved_cs_client */;


--
-- Table structure for table `sys_menu`
--

DROP TABLE IF EXISTS `sys_menu`;
/*!40101 SET @saved_cs_client     = @@character_set_client */;
/*!50503 SET character_set_client = utf8mb4 */;
CREATE TABLE `sys_menu` (
  `menu_id` bigint(20) NOT NULL AUTO_INCREMENT COMMENT '菜单ID',
  `menu_name` varchar(50) COLLATE utf8mb4_unicode_ci NOT NULL COMMENT '菜单名称',
  `parent_id` bigint(20) DEFAULT '0' COMMENT '父菜单ID',
  `order_num` int(4) DEFAULT '0' COMMENT '显示顺序',
  `path` varchar(200) COLLATE utf8mb4_unicode_ci DEFAULT '' COMMENT '路由地址',
  `component` varchar(255) COLLATE utf8mb4_unicode_ci DEFAULT NULL COMMENT '组件路径',
  `query` varchar(255) COLLATE utf8mb4_unicode_ci DEFAULT NULL COMMENT '路由参数',
  `is_frame` int(1) DEFAULT '1' COMMENT '是否为外链（0是 1否）',
  `is_cache` int(1) DEFAULT '0' COMMENT '是否缓存（0缓存 1不缓存）',
  `menu_type` char(1) COLLATE utf8mb4_unicode_ci DEFAULT '' COMMENT '菜单类型（M目录 C菜单 F按钮）',
  `visible` char(1) COLLATE utf8mb4_unicode_ci DEFAULT '0' COMMENT '菜单状态（0显示 1隐藏）',
  `status` char(1) COLLATE utf8mb4_unicode_ci DEFAULT '0' COMMENT '菜单状态（0正常 1停用）',
  `perms` varchar(100) COLLATE utf8mb4_unicode_ci DEFAULT NULL COMMENT '权限标识',
  `icon` varchar(100) COLLATE utf8mb4_unicode_ci DEFAULT '#' COMMENT '菜单图标',
  `create_by` varchar(64) COLLATE utf8mb4_unicode_ci DEFAULT '' COMMENT '创建者',
  `create_time` datetime DEFAULT NULL COMMENT '创建时间',
  `update_by` varchar(64) COLLATE utf8mb4_unicode_ci DEFAULT '' COMMENT '更新者',
  `update_time` datetime DEFAULT NULL COMMENT '更新时间',
  `remark` varchar(500) COLLATE utf8mb4_unicode_ci DEFAULT '' COMMENT '备注',
  PRIMARY KEY (`menu_id`)
) ENGINE=InnoDB AUTO_INCREMENT=2066 DEFAULT CHARSET=utf8mb4 COLLATE=utf8mb4_unicode_ci COMMENT='菜单权限表';
/*!40101 SET character_set_client = @saved_cs_client */;

--
-- Dumping data for table `sys_menu`
--

LOCK TABLES `sys_menu` WRITE;
/*!40000 ALTER TABLE `sys_menu` DISABLE KEYS */;
INSERT INTO `sys_menu` (`menu_id`, `menu_name`, `parent_id`, `order_num`, `path`, `component`, `query`, `is_frame`, `is_cache`, `menu_type`, `visible`, `status`, `perms`, `icon`, `create_by`, `create_time`, `update_by`, `update_time`, `remark`) VALUES (1,'系统管理',0,1,'system',NULL,'',1,0,'M','0','0','','system','admin','2024-04-19 06:51:53','',NULL,'系统管理目录'),(2,'系统监控',0,2,'monitor',NULL,'',1,0,'M','1','0','','monitor','admin','2024-04-19 06:51:54','admin','2024-04-26 14:49:53','系统监控目录'),(3,'系统工具',0,3,'tool',NULL,'',1,0,'M','0','0','','tool','admin','2024-04-19 06:51:55','admin','2024-04-26 14:49:59','系统工具目录'),(100,'用户管理',1,1,'user','system/user/index','',1,0,'C','0','0','system:user:list','user','admin','2024-04-19 06:51:56','',NULL,'用户管理菜单'),(101,'角色管理',1,2,'role','system/role/index','',1,0,'C','0','0','system:role:list','peoples','admin','2024-04-19 06:51:57','',NULL,'角色管理菜单'),(102,'菜单管理',1,3,'menu','system/menu/index','',1,0,'C','0','0','system:menu:list','tree-table','admin','2024-04-19 06:51:58','',NULL,'菜单管理菜单'),(103,'部门管理',1,4,'dept','system/dept/index','',1,0,'C','0','0','system:dept:list','tree','admin','2024-04-19 06:51:59','',NULL,'部门管理菜单'),(104,'岗位管理',1,5,'post','system/post/index','',1,0,'C','0','0','system:post:list','post','admin','2024-04-19 06:52:00','',NULL,'岗位管理菜单'),(105,'字典管理',1,6,'dict','system/dict/index','',1,0,'C','0','0','system:dict:list','dict','admin','2024-04-19 06:52:00','',NULL,'字典管理菜单'),(106,'参数设置',1,7,'config','system/config/index','',1,0,'C','0','0','system:config:list','edit','admin','2024-04-19 06:52:01','',NULL,'参数设置菜单'),(107,'通知公告',1,8,'notice','system/notice/index','',1,0,'C','0','1','system:notice:list','message','admin','2024-04-19 06:52:02','admin','2024-04-30 09:34:25','通知公告菜单'),(108,'日志管理',1,9,'log','','',1,0,'M','0','0','','log','admin','2024-04-19 06:52:03','admin','2024-05-29 09:37:19','日志管理菜单'),(109,'在线用户',2,1,'online','monitor/online/index','',1,0,'C','0','0','monitor:online:list','online','admin','2024-04-19 06:52:03','',NULL,'在线用户菜单'),(110,'定时任务',2,2,'job','monitor/job/index','',1,0,'C','0','0','monitor:job:list','job','admin','2024-04-19 06:52:04','',NULL,'定时任务菜单'),(111,'数据监控',2,3,'druid','monitor/druid/index','',1,0,'C','0','0','monitor:druid:list','druid','admin','2024-04-19 06:52:05','',NULL,'数据监控菜单'),(112,'服务监控',2,4,'server','monitor/server/index','',1,0,'C','0','0','monitor:server:list','server','admin','2024-04-19 06:52:05','',NULL,'服务监控菜单'),(113,'缓存监控',2,5,'cache','monitor/cache/index','',1,0,'C','0','0','monitor:cache:list','redis','admin','2024-04-19 06:52:06','',NULL,'缓存监控菜单'),(114,'缓存列表',2,6,'cacheList','monitor/cache/list','',1,0,'C','0','0','monitor:cache:list','redis-list','admin','2024-04-19 06:52:07','',NULL,'缓存列表菜单'),(115,'表单构建',3,1,'build','tool/build/index','',1,0,'C','0','0','tool:build:list','build','admin','2024-04-19 06:52:08','',NULL,'表单构建菜单'),(116,'代码生成',3,2,'gen','tool/gen/index','',1,0,'C','0','0','tool:gen:list','code','admin','2024-04-19 06:52:09','',NULL,'代码生成菜单'),(117,'系统接口',3,3,'swagger','tool/swagger/index','',1,0,'C','0','0','tool:swagger:list','swagger','admin','2024-04-19 06:52:10','',NULL,'系统接口菜单'),(500,'操作日志',108,1,'operlog','monitor/operlog/index','',1,0,'C','0','0','monitor:operlog:list','form','admin','2024-04-19 06:52:10','',NULL,'操作日志菜单'),(501,'登录日志',108,2,'logininfor','monitor/logininfor/index','',1,0,'C','0','0','monitor:logininfor:list','logininfor','admin','2024-04-19 06:52:11','',NULL,'登录日志菜单'),(1000,'用户查询',100,1,'','','',1,0,'F','0','0','system:user:query','#','admin','2024-04-19 06:52:12','',NULL,''),(1001,'用户新增',100,2,'','','',1,0,'F','0','0','system:user:add','#','admin','2024-04-19 06:52:13','',NULL,''),(1002,'用户修改',100,3,'','','',1,0,'F','0','0','system:user:edit','#','admin','2024-04-19 06:52:14','',NULL,''),(1003,'用户删除',100,4,'','','',1,0,'F','0','0','system:user:remove','#','admin','2024-04-19 06:52:14','',NULL,''),(1004,'用户导出',100,5,'','','',1,0,'F','0','0','system:user:export','#','admin','2024-04-19 06:52:15','',NULL,''),(1005,'用户导入',100,6,'','','',1,0,'F','0','0','system:user:import','#','admin','2024-04-19 06:52:16','',NULL,''),(1006,'重置密码',100,7,'','','',1,0,'F','0','0','system:user:resetPwd','#','admin','2024-04-19 06:52:17','',NULL,''),(1007,'角色查询',101,1,'','','',1,0,'F','0','0','system:role:query','#','admin','2024-04-19 06:52:18','',NULL,''),(1008,'角色新增',101,2,'','','',1,0,'F','0','0','system:role:add','#','admin','2024-04-19 06:52:19','',NULL,''),(1009,'角色修改',101,3,'','','',1,0,'F','0','0','system:role:edit','#','admin','2024-04-19 06:52:19','',NULL,''),(1010,'角色删除',101,4,'','','',1,0,'F','0','0','system:role:remove','#','admin','2024-04-19 06:52:20','',NULL,''),(1011,'角色导出',101,5,'','','',1,0,'F','0','0','system:role:export','#','admin','2024-04-19 06:52:21','',NULL,''),(1012,'菜单查询',102,1,'','','',1,0,'F','0','0','system:menu:query','#','admin','2024-04-19 06:52:22','',NULL,''),(1013,'菜单新增',102,2,'','','',1,0,'F','0','0','system:menu:add','#','admin','2024-04-19 06:52:22','',NULL,''),(1014,'菜单修改',102,3,'','','',1,0,'F','0','0','system:menu:edit','#','admin','2024-04-19 06:52:23','',NULL,''),(1015,'菜单删除',102,4,'','','',1,0,'F','0','0','system:menu:remove','#','admin','2024-04-19 06:52:24','',NULL,''),(1016,'部门查询',103,1,'','','',1,0,'F','0','0','system:dept:query','#','admin','2024-04-19 06:52:25','',NULL,''),(1017,'部门新增',103,2,'','','',1,0,'F','0','0','system:dept:add','#','admin','2024-04-19 06:52:26','',NULL,''),(1018,'部门修改',103,3,'','','',1,0,'F','0','0','system:dept:edit','#','admin','2024-04-19 06:52:27','',NULL,''),(1019,'部门删除',103,4,'','','',1,0,'F','0','0','system:dept:remove','#','admin','2024-04-19 06:52:27','',NULL,''),(1020,'岗位查询',104,1,'','','',1,0,'F','0','0','system:post:query','#','admin','2024-04-19 06:52:28','',NULL,''),(1021,'岗位新增',104,2,'','','',1,0,'F','0','0','system:post:add','#','admin','2024-04-19 06:52:29','',NULL,''),(1022,'岗位修改',104,3,'','','',1,0,'F','0','0','system:post:edit','#','admin','2024-04-19 06:52:30','',NULL,''),(1023,'岗位删除',104,4,'','','',1,0,'F','0','0','system:post:remove','#','admin','2024-04-19 06:52:31','',NULL,''),(1024,'岗位导出',104,5,'','','',1,0,'F','0','0','system:post:export','#','admin','2024-04-19 06:52:31','',NULL,''),(1025,'字典查询',105,1,'#','','',1,0,'F','0','0','system:dict:query','#','admin','2024-04-19 06:52:32','',NULL,''),(1026,'字典新增',105,2,'#','','',1,0,'F','0','0','system:dict:add','#','admin','2024-04-19 06:52:33','',NULL,''),(1027,'字典修改',105,3,'#','','',1,0,'F','0','0','system:dict:edit','#','admin','2024-04-19 06:52:34','',NULL,''),(1028,'字典删除',105,4,'#','','',1,0,'F','0','0','system:dict:remove','#','admin','2024-04-19 06:52:35','',NULL,''),(1029,'字典导出',105,5,'#','','',1,0,'F','0','0','system:dict:export','#','admin','2024-04-19 06:52:35','',NULL,''),(1030,'参数查询',106,1,'#','','',1,0,'F','0','0','system:config:query','#','admin','2024-04-19 06:52:36','',NULL,''),(1031,'参数新增',106,2,'#','','',1,0,'F','0','0','system:config:add','#','admin','2024-04-19 06:52:37','',NULL,''),(1032,'参数修改',106,3,'#','','',1,0,'F','0','0','system:config:edit','#','admin','2024-04-19 06:52:38','',NULL,''),(1033,'参数删除',106,4,'#','','',1,0,'F','0','0','system:config:remove','#','admin','2024-04-19 06:52:39','',NULL,''),(1034,'参数导出',106,5,'#','','',1,0,'F','0','0','system:config:export','#','admin','2024-04-19 06:52:39','',NULL,''),(1035,'公告查询',107,1,'#','','',1,0,'F','0','0','system:notice:query','#','admin','2024-04-19 06:52:40','',NULL,''),(1036,'公告新增',107,2,'#','','',1,0,'F','0','0','system:notice:add','#','admin','2024-04-19 06:52:41','',NULL,''),(1037,'公告修改',107,3,'#','','',1,0,'F','0','0','system:notice:edit','#','admin','2024-04-19 06:52:42','',NULL,''),(1038,'公告删除',107,4,'#','','',1,0,'F','0','0','system:notice:remove','#','admin','2024-04-19 06:52:43','',NULL,''),(1039,'操作查询',500,1,'#','','',1,0,'F','0','0','monitor:operlog:query','#','admin','2024-04-19 06:52:43','',NULL,''),(1040,'操作删除',500,2,'#','','',1,0,'F','0','0','monitor:operlog:remove','#','admin','2024-04-19 06:52:44','',NULL,''),(1041,'日志导出',500,3,'#','','',1,0,'F','0','0','monitor:operlog:export','#','admin','2024-04-19 06:52:45','',NULL,''),(1042,'登录查询',501,1,'#','','',1,0,'F','0','0','monitor:logininfor:query','#','admin','2024-04-19 06:52:46','',NULL,''),(1043,'登录删除',501,2,'#','','',1,0,'F','0','0','monitor:logininfor:remove','#','admin','2024-04-19 06:52:47','',NULL,''),(1044,'日志导出',501,3,'#','','',1,0,'F','0','0','monitor:logininfor:export','#','admin','2024-04-19 06:52:47','',NULL,''),(1045,'账户解锁',501,4,'#','','',1,0,'F','0','0','monitor:logininfor:unlock','#','admin','2024-04-19 06:52:48','',NULL,''),(1046,'在线查询',109,1,'#','','',1,0,'F','0','0','monitor:online:query','#','admin','2024-04-19 06:52:49','',NULL,''),(1047,'批量强退',109,2,'#','','',1,0,'F','0','0','monitor:online:batchLogout','#','admin','2024-04-19 06:52:50','',NULL,''),(1048,'单条强退',109,3,'#','','',1,0,'F','0','0','monitor:online:forceLogout','#','admin','2024-04-19 06:52:51','',NULL,''),(1049,'任务查询',110,1,'#','','',1,0,'F','0','0','monitor:job:query','#','admin','2024-04-19 06:52:51','',NULL,''),(1050,'任务新增',110,2,'#','','',1,0,'F','0','0','monitor:job:add','#','admin','2024-04-19 06:52:52','',NULL,''),(1051,'任务修改',110,3,'#','','',1,0,'F','0','0','monitor:job:edit','#','admin','2024-04-19 06:52:53','',NULL,''),(1052,'任务删除',110,4,'#','','',1,0,'F','0','0','monitor:job:remove','#','admin','2024-04-19 06:52:54','',NULL,''),(1053,'状态修改',110,5,'#','','',1,0,'F','0','0','monitor:job:changeStatus','#','admin','2024-04-19 06:52:55','',NULL,''),(1054,'任务导出',110,6,'#','','',1,0,'F','0','0','monitor:job:export','#','admin','2024-04-19 06:52:56','',NULL,''),(1055,'生成查询',116,1,'#','','',1,0,'F','0','0','tool:gen:query','#','admin','2024-04-19 06:52:56','',NULL,''),(1056,'生成修改',116,2,'#','','',1,0,'F','0','0','tool:gen:edit','#','admin','2024-04-19 06:52:57','',NULL,''),(1057,'生成删除',116,3,'#','','',1,0,'F','0','0','tool:gen:remove','#','admin','2024-04-19 06:52:58','',NULL,''),(1058,'导入代码',116,4,'#','','',1,0,'F','0','0','tool:gen:import','#','admin','2024-04-19 06:52:59','',NULL,''),(1059,'预览代码',116,5,'#','','',1,0,'F','0','0','tool:gen:preview','#','admin','2024-04-19 06:53:00','',NULL,''),(1060,'生成代码',116,6,'#','','',1,0,'F','0','0','tool:gen:code','#','admin','2024-04-19 06:53:41','',NULL,''),(2000,'客户管理',0,3,'crm',NULL,NULL,1,0,'M','0','0','','peoples','admin','2024-04-23 10:36:55','admin','2024-04-23 10:37:16',''),(2007,'产品分类',2062,1,'category','crm/category/index',NULL,1,0,'C','0','0','crm:category:list','clipboard','admin','2024-04-25 16:02:38','admin','2024-04-26 14:48:18','产品分类菜单'),(2008,'产品分类查询',2007,1,'#','',NULL,1,0,'F','0','0','crm:category:query','#','admin','2024-04-25 16:02:40','',NULL,''),(2009,'产品分类新增',2007,2,'#','',NULL,1,0,'F','0','0','crm:category:add','#','admin','2024-04-25 16:02:41','',NULL,''),(2010,'产品分类修改',2007,3,'#','',NULL,1,0,'F','0','0','crm:category:edit','#','admin','2024-04-25 16:02:42','',NULL,''),(2011,'产品分类删除',2007,4,'#','',NULL,1,0,'F','0','0','crm:category:remove','#','admin','2024-04-25 16:02:42','',NULL,''),(2012,'产品分类导出',2007,5,'#','',NULL,1,0,'F','0','0','crm:category:export','#','admin','2024-04-25 16:02:43','',NULL,''),(2013,'联系人管理',2000,1,'contacts','crm/contacts/index',NULL,1,0,'C','0','0','crm:contacts:list','peoples','admin','2024-04-25 16:02:55','admin','2024-04-25 21:37:35','联系人菜单'),(2014,'联系人查询',2013,1,'#','',NULL,1,0,'F','0','0','crm:contacts:query','#','admin','2024-04-25 16:02:56','',NULL,''),(2015,'联系人新增',2013,2,'#','',NULL,1,0,'F','0','0','crm:contacts:add','#','admin','2024-04-25 16:02:57','',NULL,''),(2016,'联系人修改',2013,3,'#','',NULL,1,0,'F','0','0','crm:contacts:edit','#','admin','2024-04-25 16:02:58','',NULL,''),(2017,'联系人删除',2013,4,'#','',NULL,1,0,'F','0','0','crm:contacts:remove','#','admin','2024-04-25 16:02:59','',NULL,''),(2018,'联系人导出',2013,5,'#','',NULL,1,0,'F','0','0','crm:contacts:export','#','admin','2024-04-25 16:02:59','',NULL,''),(2019,'合同管理',2063,1,'contract','crm/contract/index',NULL,1,0,'C','0','0','crm:contract:list','documentation','admin','2024-04-25 16:03:04','admin','2024-04-26 14:49:11','合同菜单'),(2020,'合同查询',2019,1,'#','',NULL,1,0,'F','0','0','crm:contract:query','#','admin','2024-04-25 16:03:06','',NULL,''),(2021,'合同新增',2019,2,'#','',NULL,1,0,'F','0','0','crm:contract:add','#','admin','2024-04-25 16:03:06','',NULL,''),(2022,'合同修改',2019,3,'#','',NULL,1,0,'F','0','0','crm:contract:edit','#','admin','2024-04-25 16:03:07','',NULL,''),(2023,'合同删除',2019,4,'#','',NULL,1,0,'F','0','0','crm:contract:remove','#','admin','2024-04-25 16:03:08','',NULL,''),(2024,'合同导出',2019,5,'#','',NULL,1,0,'F','0','0','crm:contract:export','#','admin','2024-04-25 16:03:09','',NULL,''),(2025,'客户列表',2000,1,'customer','crm/customer/index',NULL,1,0,'C','0','0','crm:customer:list','logininfor','admin','2024-04-25 16:03:13','admin','2024-04-26 14:52:49','客户菜单'),(2026,'客户查询',2025,1,'#','',NULL,1,0,'F','0','0','crm:customer:query','#','admin','2024-04-25 16:03:15','',NULL,''),(2027,'客户新增',2025,2,'#','',NULL,1,0,'F','0','0','crm:customer:add','#','admin','2024-04-25 16:03:15','',NULL,''),(2028,'客户修改',2025,3,'#','',NULL,1,0,'F','0','0','crm:customer:edit','#','admin','2024-04-25 16:03:16','',NULL,''),(2029,'客户删除',2025,4,'#','',NULL,1,0,'F','0','0','crm:customer:remove','#','admin','2024-04-25 16:03:17','',NULL,''),(2030,'客户导出',2025,5,'#','',NULL,1,0,'F','0','0','crm:customer:export','#','admin','2024-04-25 16:03:18','',NULL,''),(2031,'线索列表',2061,1,'leads','crm/leads/index',NULL,1,0,'C','0','0','crm:leads:list','log','admin','2024-04-25 16:03:21','admin','2024-04-26 14:53:26','线索菜单'),(2032,'线索查询',2031,1,'#','',NULL,1,0,'F','0','0','crm:leads:query','#','admin','2024-04-25 16:03:23','',NULL,''),(2033,'线索新增',2031,2,'#','',NULL,1,0,'F','0','0','crm:leads:add','#','admin','2024-04-25 16:03:24','',NULL,''),(2034,'线索修改',2031,3,'#','',NULL,1,0,'F','0','0','crm:leads:edit','#','admin','2024-04-25 16:03:25','',NULL,''),(2035,'线索删除',2031,4,'#','',NULL,1,0,'F','0','0','crm:leads:remove','#','admin','2024-04-25 16:03:26','',NULL,''),(2036,'线索导出',2031,5,'#','',NULL,1,0,'F','0','0','crm:leads:export','#','admin','2024-04-25 16:03:26','',NULL,''),(2037,'回款计划',2063,1,'plan','crm/plan/index',NULL,1,0,'C','0','0','crm:plan:list','time','admin','2024-04-25 16:03:31','admin','2024-04-26 14:48:53','回款计划菜单'),(2038,'回款计划查询',2037,1,'#','',NULL,1,0,'F','0','0','crm:plan:query','#','admin','2024-04-25 16:03:33','',NULL,''),(2039,'回款计划新增',2037,2,'#','',NULL,1,0,'F','0','0','crm:plan:add','#','admin','2024-04-25 16:03:34','',NULL,''),(2040,'回款计划修改',2037,3,'#','',NULL,1,0,'F','0','0','crm:plan:edit','#','admin','2024-04-25 16:03:35','',NULL,''),(2041,'回款计划删除',2037,4,'#','',NULL,1,0,'F','0','0','crm:plan:remove','#','admin','2024-04-25 16:03:35','',NULL,''),(2042,'回款计划导出',2037,5,'#','',NULL,1,0,'F','0','0','crm:plan:export','#','admin','2024-04-25 16:03:36','',NULL,''),(2043,'实际回款',2063,1,'receivables','crm/receivables/index',NULL,1,0,'C','0','0','crm:receivables:list','education','admin','2024-04-25 16:03:42','admin','2024-04-26 14:52:10','回款菜单'),(2044,'回款查询',2043,1,'#','',NULL,1,0,'F','0','0','crm:receivables:query','#','admin','2024-04-25 16:03:44','',NULL,''),(2045,'回款新增',2043,2,'#','',NULL,1,0,'F','0','0','crm:receivables:add','#','admin','2024-04-25 16:03:45','',NULL,''),(2046,'回款修改',2043,3,'#','',NULL,1,0,'F','0','0','crm:receivables:edit','#','admin','2024-04-25 16:03:45','',NULL,''),(2047,'回款删除',2043,4,'#','',NULL,1,0,'F','0','0','crm:receivables:remove','#','admin','2024-04-25 16:03:46','',NULL,''),(2048,'回款导出',2043,5,'#','',NULL,1,0,'F','0','0','crm:receivables:export','#','admin','2024-04-25 16:03:47','',NULL,''),(2049,'产品列表',2062,1,'product','crm/product/index',NULL,1,0,'C','0','0','crm:product:list','form','admin','2024-04-25 16:04:49','admin','2024-04-26 14:52:34','产品菜单'),(2050,'产品查询',2049,1,'#','',NULL,1,0,'F','0','0','crm:product:query','#','admin','2024-04-25 16:04:51','',NULL,''),(2051,'产品新增',2049,2,'#','',NULL,1,0,'F','0','0','crm:product:add','#','admin','2024-04-25 16:04:52','',NULL,''),(2052,'产品修改',2049,3,'#','',NULL,1,0,'F','0','0','crm:product:edit','#','admin','2024-04-25 16:04:53','',NULL,''),(2053,'产品删除',2049,4,'#','',NULL,1,0,'F','0','0','crm:product:remove','#','admin','2024-04-25 16:04:54','',NULL,''),(2054,'产品导出',2049,5,'#','',NULL,1,0,'F','0','0','crm:product:export','#','admin','2024-04-25 16:04:55','',NULL,''),(2055,'商机列表',2064,1,'business','crm/business/index',NULL,1,0,'C','0','0','crm:business:list','build','admin','2024-04-25 16:05:28','admin','2024-04-26 14:52:24','商机菜单'),(2056,'商机查询',2055,1,'#','',NULL,1,0,'F','0','0','crm:business:query','#','admin','2024-04-25 16:05:30','',NULL,''),(2057,'商机新增',2055,2,'#','',NULL,1,0,'F','0','0','crm:business:add','#','admin','2024-04-25 16:05:31','',NULL,''),(2058,'商机修改',2055,3,'#','',NULL,1,0,'F','0','0','crm:business:edit','#','admin','2024-04-25 16:05:32','',NULL,''),(2059,'商机删除',2055,4,'#','',NULL,1,0,'F','0','0','crm:business:remove','#','admin','2024-04-25 16:05:32','',NULL,''),(2060,'商机导出',2055,5,'#','',NULL,1,0,'F','0','0','crm:business:export','#','admin','2024-04-25 16:05:33','',NULL,''),(2061,'线索管理',0,3,'leads',NULL,NULL,1,0,'M','0','0',NULL,'dict','admin','2024-04-26 14:43:29','',NULL,''),(2062,'产品管理',0,4,'product',NULL,NULL,1,0,'M','0','0',NULL,'education','admin','2024-04-26 14:44:23','',NULL,''),(2063,'财务管理',0,6,'finance',NULL,NULL,1,0,'M','0','0',NULL,'druid','admin','2024-04-26 14:45:33','',NULL,''),(2064,'商机管理',0,5,'business',NULL,NULL,1,0,'M','0','0',NULL,'example','admin','2024-04-26 14:47:10','',NULL,''),(2065,'待办事项',0,0,'wait',NULL,NULL,1,0,'C','0','0',NULL,'build','admin','2024-04-26 14:51:05','',NULL,'');
/*!40000 ALTER TABLE `sys_menu` ENABLE KEYS */;
UNLOCK TABLES;

--
-- Table structure for table `sys_notice`
--

DROP TABLE IF EXISTS `sys_notice`;
/*!40101 SET @saved_cs_client     = @@character_set_client */;
/*!50503 SET character_set_client = utf8mb4 */;
CREATE TABLE `sys_notice` (
  `notice_id` int(4) NOT NULL AUTO_INCREMENT COMMENT '公告ID',
  `notice_title` varchar(50) COLLATE utf8mb4_unicode_ci NOT NULL COMMENT '公告标题',
  `notice_type` char(1) COLLATE utf8mb4_unicode_ci NOT NULL COMMENT '公告类型（1通知 2公告）',
  `notice_content` longblob COMMENT '公告内容',
  `status` char(1) COLLATE utf8mb4_unicode_ci DEFAULT '0' COMMENT '公告状态（0正常 1关闭）',
  `create_by` varchar(64) COLLATE utf8mb4_unicode_ci DEFAULT '' COMMENT '创建者',
  `create_time` datetime DEFAULT NULL COMMENT '创建时间',
  `update_by` varchar(64) COLLATE utf8mb4_unicode_ci DEFAULT '' COMMENT '更新者',
  `update_time` datetime DEFAULT NULL COMMENT '更新时间',
  `remark` varchar(255) COLLATE utf8mb4_unicode_ci DEFAULT NULL COMMENT '备注',
  PRIMARY KEY (`notice_id`)
) ENGINE=InnoDB AUTO_INCREMENT=3 DEFAULT CHARSET=utf8mb4 COLLATE=utf8mb4_unicode_ci COMMENT='通知公告表';
/*!40101 SET character_set_client = @saved_cs_client */;

--
-- Dumping data for table `sys_notice`
--

LOCK TABLES `sys_notice` WRITE;
/*!40000 ALTER TABLE `sys_notice` DISABLE KEYS */;
INSERT INTO `sys_notice` (`notice_id`, `notice_title`, `notice_type`, `notice_content`, `status`, `create_by`, `create_time`, `update_by`, `update_time`, `remark`) VALUES (1,'温馨提醒：2018-07','2',_binary '新版本内容','0','admin','2024-04-14 20:13:20','admin','2024-04-22 20:54:46','管理员'),(2,'维护通知：2018-07-01','1',_binary '<p>维护内容</p>','0','admin','2024-04-14 20:13:21','admin','2024-04-22 20:54:51','管理员');
/*!40000 ALTER TABLE `sys_notice` ENABLE KEYS */;
UNLOCK TABLES;

--
-- Table structure for table `sys_oper_log`
--

DROP TABLE IF EXISTS `sys_oper_log`;
/*!40101 SET @saved_cs_client     = @@character_set_client */;
/*!50503 SET character_set_client = utf8mb4 */;
CREATE TABLE `sys_oper_log` (
  `oper_id` bigint(20) NOT NULL AUTO_INCREMENT COMMENT '日志主键',
  `title` varchar(50) COLLATE utf8mb4_unicode_ci DEFAULT '' COMMENT '模块标题',
  `business_type` int(2) DEFAULT '0' COMMENT '业务类型（0其它 1新增 2修改 3删除）',
  `method` varchar(100) COLLATE utf8mb4_unicode_ci DEFAULT '' COMMENT '方法名称',
  `request_method` varchar(10) COLLATE utf8mb4_unicode_ci DEFAULT '' COMMENT '请求方式',
  `operator_type` int(1) DEFAULT '0' COMMENT '操作类别（0其它 1后台用户 2手机端用户）',
  `oper_name` varchar(50) COLLATE utf8mb4_unicode_ci DEFAULT '' COMMENT '操作人员',
  `dept_name` varchar(50) COLLATE utf8mb4_unicode_ci DEFAULT '' COMMENT '部门名称',
  `oper_url` varchar(255) COLLATE utf8mb4_unicode_ci DEFAULT '' COMMENT '请求URL',
  `oper_ip` varchar(128) COLLATE utf8mb4_unicode_ci DEFAULT '' COMMENT '主机地址',
  `oper_location` varchar(255) COLLATE utf8mb4_unicode_ci DEFAULT '' COMMENT '操作地点',
  `oper_param` varchar(2000) COLLATE utf8mb4_unicode_ci DEFAULT '' COMMENT '请求参数',
  `json_result` varchar(2000) COLLATE utf8mb4_unicode_ci DEFAULT '' COMMENT '返回参数',
  `status` int(1) DEFAULT '0' COMMENT '操作状态（0正常 1异常）',
  `error_msg` varchar(2000) COLLATE utf8mb4_unicode_ci DEFAULT '' COMMENT '错误消息',
  `oper_time` datetime DEFAULT NULL COMMENT '操作时间',
  `cost_time` bigint(20) DEFAULT '0' COMMENT '消耗时间',
  PRIMARY KEY (`oper_id`),
  KEY `idx_sys_oper_log_bt` (`business_type`),
  KEY `idx_sys_oper_log_s` (`status`),
  KEY `idx_sys_oper_log_ot` (`oper_time`)
) ENGINE=InnoDB AUTO_INCREMENT=376 DEFAULT CHARSET=utf8mb4 COLLATE=utf8mb4_unicode_ci COMMENT='操作日志记录';
/*!40101 SET character_set_client = @saved_cs_client */;

--
-- Table structure for table `sys_post`
--

DROP TABLE IF EXISTS `sys_post`;
/*!40101 SET @saved_cs_client     = @@character_set_client */;
/*!50503 SET character_set_client = utf8mb4 */;
CREATE TABLE `sys_post` (
  `post_id` bigint(20) NOT NULL AUTO_INCREMENT COMMENT '岗位ID',
  `post_code` varchar(64) COLLATE utf8mb4_unicode_ci NOT NULL COMMENT '岗位编码',
  `post_name` varchar(50) COLLATE utf8mb4_unicode_ci NOT NULL COMMENT '岗位名称',
  `post_sort` int(4) NOT NULL COMMENT '显示顺序',
  `status` char(1) COLLATE utf8mb4_unicode_ci NOT NULL COMMENT '状态（0正常 1停用）',
  `create_by` varchar(64) COLLATE utf8mb4_unicode_ci DEFAULT '' COMMENT '创建者',
  `create_time` datetime DEFAULT NULL COMMENT '创建时间',
  `update_by` varchar(64) COLLATE utf8mb4_unicode_ci DEFAULT '' COMMENT '更新者',
  `update_time` datetime DEFAULT NULL COMMENT '更新时间',
  `remark` varchar(500) COLLATE utf8mb4_unicode_ci DEFAULT NULL COMMENT '备注',
  PRIMARY KEY (`post_id`)
) ENGINE=InnoDB AUTO_INCREMENT=5 DEFAULT CHARSET=utf8mb4 COLLATE=utf8mb4_unicode_ci COMMENT='岗位信息表';
/*!40101 SET character_set_client = @saved_cs_client */;

--
-- Dumping data for table `sys_post`
--

LOCK TABLES `sys_post` WRITE;
/*!40000 ALTER TABLE `sys_post` DISABLE KEYS */;
INSERT INTO `sys_post` (`post_id`, `post_code`, `post_name`, `post_sort`, `status`, `create_by`, `create_time`, `update_by`, `update_time`, `remark`) VALUES (1,'ceo','董事长',1,'0','admin','2024-04-14 20:09:38','admin','2024-04-25 14:52:40',''),(2,'se','项目经理',2,'0','admin','2024-04-14 20:09:39','',NULL,''),(3,'hr','人力资源',3,'0','admin','2024-04-14 20:09:40','',NULL,''),(4,'user','普通员工',4,'0','admin','2024-04-14 20:09:41','',NULL,'');
/*!40000 ALTER TABLE `sys_post` ENABLE KEYS */;
UNLOCK TABLES;

--
-- Table structure for table `sys_role`
--

DROP TABLE IF EXISTS `sys_role`;
/*!40101 SET @saved_cs_client     = @@character_set_client */;
/*!50503 SET character_set_client = utf8mb4 */;
CREATE TABLE `sys_role` (
  `role_id` bigint(20) NOT NULL AUTO_INCREMENT COMMENT '角色ID',
  `role_name` varchar(30) COLLATE utf8mb4_unicode_ci NOT NULL COMMENT '角色名称',
  `role_key` varchar(100) COLLATE utf8mb4_unicode_ci NOT NULL COMMENT '角色权限字符串',
  `role_sort` int(4) NOT NULL COMMENT '显示顺序',
  `data_scope` char(1) COLLATE utf8mb4_unicode_ci DEFAULT '1' COMMENT '数据范围（1：全部数据权限 2：自定数据权限 3：本部门数据权限 4：本部门及以下数据权限）',
  `menu_check_strictly` tinyint(1) DEFAULT '1' COMMENT '菜单树选择项是否关联显示',
  `dept_check_strictly` tinyint(1) DEFAULT '1' COMMENT '部门树选择项是否关联显示',
  `status` char(1) COLLATE utf8mb4_unicode_ci NOT NULL COMMENT '角色状态（0正常 1停用）',
  `del_flag` char(1) COLLATE utf8mb4_unicode_ci DEFAULT '0' COMMENT '删除标志（0代表存在 2代表删除）',
  `create_by` varchar(64) COLLATE utf8mb4_unicode_ci DEFAULT '' COMMENT '创建者',
  `create_time` datetime DEFAULT NULL COMMENT '创建时间',
  `update_by` varchar(64) COLLATE utf8mb4_unicode_ci DEFAULT '' COMMENT '更新者',
  `update_time` datetime DEFAULT NULL COMMENT '更新时间',
  `remark` varchar(500) COLLATE utf8mb4_unicode_ci DEFAULT NULL COMMENT '备注',
  PRIMARY KEY (`role_id`)
) ENGINE=InnoDB AUTO_INCREMENT=3 DEFAULT CHARSET=utf8mb4 COLLATE=utf8mb4_unicode_ci COMMENT='角色信息表';
/*!40101 SET character_set_client = @saved_cs_client */;

--
-- Dumping data for table `sys_role`
--

LOCK TABLES `sys_role` WRITE;
/*!40000 ALTER TABLE `sys_role` DISABLE KEYS */;
INSERT INTO `sys_role` (`role_id`, `role_name`, `role_key`, `role_sort`, `data_scope`, `menu_check_strictly`, `dept_check_strictly`, `status`, `del_flag`, `create_by`, `create_time`, `update_by`, `update_time`, `remark`) VALUES (1,'超级管理员','admin',1,'1',1,1,'0','0','admin','2024-04-14 20:09:43','',NULL,'超级管理员'),(2,'普通角色','common',2,'2',1,1,'0','0','admin','2024-04-14 20:09:44','admin','2024-04-16 09:27:57','普通角色');
/*!40000 ALTER TABLE `sys_role` ENABLE KEYS */;
UNLOCK TABLES;

--
-- Table structure for table `sys_role_dept`
--

DROP TABLE IF EXISTS `sys_role_dept`;
/*!40101 SET @saved_cs_client     = @@character_set_client */;
/*!50503 SET character_set_client = utf8mb4 */;
CREATE TABLE `sys_role_dept` (
  `role_id` bigint(20) NOT NULL COMMENT '角色ID',
  `dept_id` bigint(20) NOT NULL COMMENT '部门ID',
  PRIMARY KEY (`role_id`,`dept_id`)
) ENGINE=InnoDB DEFAULT CHARSET=utf8mb4 COLLATE=utf8mb4_unicode_ci COMMENT='角色和部门关联表';
/*!40101 SET character_set_client = @saved_cs_client */;

--
-- Dumping data for table `sys_role_dept`
--

LOCK TABLES `sys_role_dept` WRITE;
/*!40000 ALTER TABLE `sys_role_dept` DISABLE KEYS */;
INSERT INTO `sys_role_dept` (`role_id`, `dept_id`) VALUES (2,100),(2,101),(2,105);
/*!40000 ALTER TABLE `sys_role_dept` ENABLE KEYS */;
UNLOCK TABLES;

--
-- Table structure for table `sys_role_menu`
--

DROP TABLE IF EXISTS `sys_role_menu`;
/*!40101 SET @saved_cs_client     = @@character_set_client */;
/*!50503 SET character_set_client = utf8mb4 */;
CREATE TABLE `sys_role_menu` (
  `role_id` bigint(20) NOT NULL COMMENT '角色ID',
  `menu_id` bigint(20) NOT NULL COMMENT '菜单ID',
  PRIMARY KEY (`role_id`,`menu_id`)
) ENGINE=InnoDB DEFAULT CHARSET=utf8mb4 COLLATE=utf8mb4_unicode_ci COMMENT='角色和菜单关联表';
/*!40101 SET character_set_client = @saved_cs_client */;

--
-- Dumping data for table `sys_role_menu`
--

LOCK TABLES `sys_role_menu` WRITE;
/*!40000 ALTER TABLE `sys_role_menu` DISABLE KEYS */;
INSERT INTO `sys_role_menu` (`role_id`, `menu_id`) VALUES (2,1),(2,2),(2,3),(2,100),(2,101),(2,102),(2,103),(2,104),(2,105),(2,106),(2,107),(2,108),(2,109),(2,110),(2,111),(2,112),(2,113),(2,114),(2,115),(2,116),(2,117),(2,500),(2,501),(2,1000),(2,1001),(2,1002),(2,1003),(2,1004),(2,1005),(2,1006),(2,1007),(2,1008),(2,1009),(2,1010),(2,1011),(2,1012),(2,1013),(2,1014),(2,1015),(2,1016),(2,1017),(2,1018),(2,1019),(2,1020),(2,1021),(2,1022),(2,1023),(2,1024),(2,1025),(2,1026),(2,1027),(2,1028),(2,1029),(2,1030),(2,1031),(2,1032),(2,1033),(2,1034),(2,1035),(2,1036),(2,1037),(2,1038),(2,1039),(2,1040),(2,1041),(2,1042),(2,1043),(2,1044),(2,1045),(2,1046),(2,1047),(2,1048),(2,1049),(2,1050),(2,1051),(2,1052),(2,1053),(2,1054),(2,1055),(2,1056),(2,1057),(2,1058),(2,1059),(2,1060),(2,2000),(2,2013);
/*!40000 ALTER TABLE `sys_role_menu` ENABLE KEYS */;
UNLOCK TABLES;

--
-- Table structure for table `sys_user`
--

DROP TABLE IF EXISTS `sys_user`;
/*!40101 SET @saved_cs_client     = @@character_set_client */;
/*!50503 SET character_set_client = utf8mb4 */;
CREATE TABLE `sys_user` (
  `user_id` bigint(20) NOT NULL AUTO_INCREMENT COMMENT '用户ID',
  `dept_id` bigint(20) DEFAULT NULL COMMENT '部门ID',
  `user_name` varchar(30) COLLATE utf8mb4_unicode_ci NOT NULL COMMENT '用户账号',
  `nick_name` varchar(30) COLLATE utf8mb4_unicode_ci NOT NULL COMMENT '用户昵称',
  `user_type` varchar(2) COLLATE utf8mb4_unicode_ci DEFAULT '00' COMMENT '用户类型（00系统用户）',
  `email` varchar(50) COLLATE utf8mb4_unicode_ci DEFAULT '' COMMENT '用户邮箱',
  `phonenumber` varchar(11) COLLATE utf8mb4_unicode_ci DEFAULT '' COMMENT '手机号码',
  `sex` char(1) COLLATE utf8mb4_unicode_ci DEFAULT '0' COMMENT '用户性别（0男 1女 2未知）',
  `avatar` varchar(100) COLLATE utf8mb4_unicode_ci DEFAULT '' COMMENT '头像地址',
  `password` varchar(100) COLLATE utf8mb4_unicode_ci DEFAULT '' COMMENT '密码',
  `status` char(1) COLLATE utf8mb4_unicode_ci DEFAULT '0' COMMENT '帐号状态（0正常 1停用）',
  `del_flag` char(1) COLLATE utf8mb4_unicode_ci DEFAULT '0' COMMENT '删除标志（0代表存在 2代表删除）',
  `login_ip` varchar(128) COLLATE utf8mb4_unicode_ci DEFAULT '' COMMENT '最后登录IP',
  `login_date` datetime DEFAULT NULL COMMENT '最后登录时间',
  `create_by` varchar(64) COLLATE utf8mb4_unicode_ci DEFAULT '' COMMENT '创建者',
  `create_time` datetime DEFAULT NULL COMMENT '创建时间',
  `update_by` varchar(64) COLLATE utf8mb4_unicode_ci DEFAULT '' COMMENT '更新者',
  `update_time` datetime DEFAULT NULL COMMENT '更新时间',
  `remark` varchar(500) COLLATE utf8mb4_unicode_ci DEFAULT NULL COMMENT '备注',
  PRIMARY KEY (`user_id`)
) ENGINE=InnoDB AUTO_INCREMENT=3 DEFAULT CHARSET=utf8mb4 COLLATE=utf8mb4_unicode_ci COMMENT='用户信息表';
/*!40101 SET character_set_client = @saved_cs_client */;

--
-- Dumping data for table `sys_user`
--

LOCK TABLES `sys_user` WRITE;
/*!40000 ALTER TABLE `sys_user` DISABLE KEYS */;
INSERT INTO `sys_user` (`user_id`, `dept_id`, `user_name`, `nick_name`, `user_type`, `email`, `phonenumber`, `sex`, `avatar`, `password`, `status`, `del_flag`, `login_ip`, `login_date`, `create_by`, `create_time`, `update_by`, `update_time`, `remark`) VALUES (1,103,'admin','若依','00','ry@163.com','15888888888','1','/profile/avatar/2024/04/16/微信图片_20240415141517.jpg_美图抠图20240415 (2)_20240416102704A003.jpg','$2a$10$7JB720yubVSZvUI0rEqK/.VqGOZTH.ulu33dHOiBE8ByOhJIrdAu2','0','0','127.0.0.1','2024-06-06 10:29:52','admin','2024-04-14 20:09:35','','2024-06-06 10:29:50','管理员'),(2,105,'ry','若依','00','ry@qq.com','15666666666','1','','$2a$10$7JB720yubVSZvUI0rEqK/.VqGOZTH.ulu33dHOiBE8ByOhJIrdAu2','0','0','127.0.0.1','2024-04-14 20:09:36','admin','2024-04-14 20:09:36','',NULL,'测试员');
/*!40000 ALTER TABLE `sys_user` ENABLE KEYS */;
UNLOCK TABLES;

--
-- Table structure for table `sys_user_post`
--

DROP TABLE IF EXISTS `sys_user_post`;
/*!40101 SET @saved_cs_client     = @@character_set_client */;
/*!50503 SET character_set_client = utf8mb4 */;
CREATE TABLE `sys_user_post` (
  `user_id` bigint(20) NOT NULL COMMENT '用户ID',
  `post_id` bigint(20) NOT NULL COMMENT '岗位ID',
  PRIMARY KEY (`user_id`,`post_id`)
) ENGINE=InnoDB DEFAULT CHARSET=utf8mb4 COLLATE=utf8mb4_unicode_ci COMMENT='用户与岗位关联表';
/*!40101 SET character_set_client = @saved_cs_client */;

--
-- Dumping data for table `sys_user_post`
--

LOCK TABLES `sys_user_post` WRITE;
/*!40000 ALTER TABLE `sys_user_post` DISABLE KEYS */;
INSERT INTO `sys_user_post` (`user_id`, `post_id`) VALUES (1,1),(2,2);
/*!40000 ALTER TABLE `sys_user_post` ENABLE KEYS */;
UNLOCK TABLES;

--
-- Table structure for table `sys_user_role`
--

DROP TABLE IF EXISTS `sys_user_role`;
/*!40101 SET @saved_cs_client     = @@character_set_client */;
/*!50503 SET character_set_client = utf8mb4 */;
CREATE TABLE `sys_user_role` (
  `user_id` bigint(20) NOT NULL COMMENT '用户ID',
  `role_id` bigint(20) NOT NULL COMMENT '角色ID',
  PRIMARY KEY (`user_id`,`role_id`)
) ENGINE=InnoDB DEFAULT CHARSET=utf8mb4 COLLATE=utf8mb4_unicode_ci COMMENT='用户和角色关联表';
/*!40101 SET character_set_client = @saved_cs_client */;

--
-- Dumping data for table `sys_user_role`
--

LOCK TABLES `sys_user_role` WRITE;
/*!40000 ALTER TABLE `sys_user_role` DISABLE KEYS */;
INSERT INTO `sys_user_role` (`user_id`, `role_id`) VALUES (1,1),(2,2);
/*!40000 ALTER TABLE `sys_user_role` ENABLE KEYS */;
UNLOCK TABLES;
/*!40103 SET TIME_ZONE=@OLD_TIME_ZONE */;

/*!40101 SET SQL_MODE=@OLD_SQL_MODE */;
/*!40014 SET FOREIGN_KEY_CHECKS=@OLD_FOREIGN_KEY_CHECKS */;
/*!40014 SET UNIQUE_CHECKS=@OLD_UNIQUE_CHECKS */;
/*!40101 SET CHARACTER_SET_CLIENT=@OLD_CHARACTER_SET_CLIENT */;
/*!40101 SET CHARACTER_SET_RESULTS=@OLD_CHARACTER_SET_RESULTS */;
/*!40101 SET COLLATION_CONNECTION=@OLD_COLLATION_CONNECTION */;
/*!40111 SET SQL_NOTES=@OLD_SQL_NOTES */;

-- Dump completed on 2024-06-06 10:48:12
